era,definition,index_year,index_role,sex,age_band,patients,prior_hospitalization,prior_candidate_group,age_median
2019-2020,autismo_F840,2019,principal,HOMBRE,0-4,12,0,0,3.8412046543463383
2019-2020,autismo_F840,2019,principal,HOMBRE,10-14,29,3,1,13.426420260095824
2019-2020,autismo_F840,2019,principal,HOMBRE,15-19,15,2,1,16.37782340862423
2019-2020,autismo_F840,2019,principal,HOMBRE,20+,8,1,1,26.618754277891853
2019-2020,autismo_F840,2019,principal,HOMBRE,5-9,20,2,1,6.717316906228611
2019-2020,autismo_F840,2019,principal,MUJER,0-4,5,2,2,3.1293634496919918
2019-2020,autismo_F840,2019,principal,MUJER,10-14,9,0,0,12.361396303901437
2019-2020,autismo_F840,2019,principal,MUJER,15-19,2,0,0,16.342231348391515
2019-2020,autismo_F840,2019,principal,MUJER,20+,1,0,0,24.186173853524984
2019-2020,autismo_F840,2019,principal,MUJER,5-9,3,0,0,8.2217659137577
2019-2020,autismo_F840,2019,solo_secundario,HOMBRE,0-4,201,19,9,3.811088295687885
2019-2020,autismo_F840,2019,solo_secundario,HOMBRE,10-14,162,14,7,12.112251882272416
2019-2020,autismo_F840,2019,solo_secundario,HOMBRE,15-19,77,5,5,17.09514031485284
2019-2020,autismo_F840,2019,solo_secundario,HOMBRE,20+,63,10,6,28.06297056810404
2019-2020,autismo_F840,2019,solo_secundario,HOMBRE,5-9,323,16,5,7.222450376454483
2019-2020,autismo_F840,2019,solo_secundario,MUJER,0-4,56,7,4,3.5195071868583163
2019-2020,autismo_F840,2019,solo_secundario,MUJER,10-14,68,5,4,12.817248459958932
2019-2020,autismo_F840,2019,solo_secundario,MUJER,15-19,23,2,2,17.114305270362767
2019-2020,autismo_F840,2019,solo_secundario,MUJER,20+,23,4,1,28.142368240930868
2019-2020,autismo_F840,2019,solo_secundario,MUJER,5-9,67,5,3,6.945927446954141
2019-2020,autismo_F840,2020,principal,HOMBRE,0-4,4,0,0,3.9342915811088295
2019-2020,autismo_F840,2020,principal,HOMBRE,10-14,15,2,2,12.446269678302533
2019-2020,autismo_F840,2020,principal,HOMBRE,15-19,14,2,1,17.474332648870636
2019-2020,autismo_F840,2020,principal,HOMBRE,20+,7,1,1,25.00479123887748
2019-2020,autismo_F840,2020,principal,HOMBRE,5-9,11,0,0,7.241615331964408
2019-2020,autismo_F840,2020,principal,MUJER,0-4,2,1,0,4.5201916495551
2019-2020,autismo_F840,2020,principal,MUJER,10-14,7,1,1,13.067761806981519
2019-2020,autismo_F840,2020,principal,MUJER,15-19,4,0,0,16.86789869952088
2019-2020,autismo_F840,2020,principal,MUJER,20+,3,0,0,21.930184804928132
2019-2020,autismo_F840,2020,principal,MUJER,5-9,2,0,0,6.154688569472963
2019-2020,autismo_F840,2020,solo_secundario,HOMBRE,0-4,123,18,10,3.6249144421629023
2019-2020,autismo_F840,2020,solo_secundario,HOMBRE,10-14,148,19,10,12.271047227926077
2019-2020,autismo_F840,2020,solo_secundario,HOMBRE,15-19,50,12,7,16.417522245037645
2019-2020,autismo_F840,2020,solo_secundario,HOMBRE,20+,40,9,2,28.850102669404517
2019-2020,autismo_F840,2020,solo_secundario,HOMBRE,5-9,194,31,15,6.9281314168377826
2019-2020,autismo_F840,2020,solo_secundario,MUJER,0-4,37,12,8,4.008213552361396
2019-2020,autismo_F840,2020,solo_secundario,MUJER,10-14,44,9,6,12.45037645448323
2019-2020,autismo_F840,2020,solo_secundario,MUJER,15-19,18,8,5,16.695414099931554
2019-2020,autismo_F840,2020,solo_secundario,MUJER,20+,16,5,4,33.42505133470226
2019-2020,autismo_F840,2020,solo_secundario,MUJER,5-9,50,7,1,7.687885010266941
2019-2020,TEA_operacional,2019,principal,HOMBRE,0-4,15,1,1,3.436002737850787
2019-2020,TEA_operacional,2019,principal,HOMBRE,10-14,34,2,1,13.359342915811087
2019-2020,TEA_operacional,2019,principal,HOMBRE,15-19,25,1,0,16.37782340862423
2019-2020,TEA_operacional,2019,principal,HOMBRE,20+,25,2,1,23.808350444900753
2019-2020,TEA_operacional,2019,principal,HOMBRE,5-9,25,2,1,7.83025325119781
2019-2020,TEA_operacional,2019,principal,MUJER,0-4,5,2,2,3.1293634496919918
2019-2020,TEA_operacional,2019,principal,MUJER,10-14,13,0,0,12.640657084188911
2019-2020,TEA_operacional,2019,principal,MUJER,15-19,5,0,0,15.93429158110883
2019-2020,TEA_operacional,2019,principal,MUJER,20+,5,0,0,24.810403832991103
2019-2020,TEA_operacional,2019,principal,MUJER,5-9,3,0,0,8.2217659137577
2019-2020,TEA_operacional,2019,principal_y_secundario,HOMBRE,0-4,1,0,0,3.512662559890486
2019-2020,TEA_operacional,2019,principal_y_secundario,HOMBRE,20+,1,0,0,21.366187542778917
2019-2020,TEA_operacional,2019,solo_secundario,HOMBRE,0-4,348,71,41,3.5154004106776178
2019-2020,TEA_operacional,2019,solo_secundario,HOMBRE,10-14,281,26,14,12.27378507871321
2019-2020,TEA_operacional,2019,solo_secundario,HOMBRE,15-19,127,8,8,16.999315537303218
2019-2020,TEA_operacional,2019,solo_secundario,HOMBRE,20+,129,13,8,27.906913073237508
2019-2020,TEA_operacional,2019,solo_secundario,HOMBRE,5-9,444,18,6,7.422313483915127
2019-2020,TEA_operacional,2019,solo_secundario,MUJER,0-4,138,40,29,2.8487337440109517
2019-2020,TEA_operacional,2019,solo_secundario,MUJER,10-14,94,7,5,12.53388090349076
2019-2020,TEA_operacional,2019,solo_secundario,MUJER,15-19,37,4,2,17.114305270362767
2019-2020,TEA_operacional,2019,solo_secundario,MUJER,20+,45,8,3,30.86652977412731
2019-2020,TEA_operacional,2019,solo_secundario,MUJER,5-9,100,7,6,6.962354551676934
2019-2020,TEA_operacional,2020,principal,HOMBRE,0-4,8,0,0,3.378507871321013
2019-2020,TEA_operacional,2020,principal,HOMBRE,10-14,15,2,2,12.446269678302533
2019-2020,TEA_operacional,2020,principal,HOMBRE,15-19,14,0,0,17.779603011635864
2019-2020,TEA_operacional,2020,principal,HOMBRE,20+,11,0,0,25.00479123887748
2019-2020,TEA_operacional,2020,principal,HOMBRE,5-9,15,1,0,7.241615331964408
2019-2020,TEA_operacional,2020,principal,MUJER,0-4,2,1,0,4.5201916495551
2019-2020,TEA_operacional,2020,principal,MUJER,10-14,7,1,1,13.067761806981519
2019-2020,TEA_operacional,2020,principal,MUJER,15-19,5,0,0,17.672826830937716
2019-2020,TEA_operacional,2020,principal,MUJER,20+,4,0,0,21.946611909650926
2019-2020,TEA_operacional,2020,principal,MUJER,5-9,3,0,0,6.272416153319644
2019-2020,TEA_operacional,2020,principal_y_secundario,HOMBRE,10-14,3,0,0,11.23066392881588
2019-2020,TEA_operacional,2020,principal_y_secundario,MUJER,10-14,1,0,0,14.072553045859001
2019-2020,TEA_operacional,2020,solo_secundario,HOMBRE,0-4,181,48,26,3.5044490075290895
2019-2020,TEA_operacional,2020,solo_secundario,HOMBRE,10-14,203,27,14,12.375085557837098
2019-2020,TEA_operacional,2020,solo_secundario,HOMBRE,15-19,85,16,9,16.747433264887064
2019-2020,TEA_operacional,2020,solo_secundario,HOMBRE,20+,83,13,6,30.439425051334702
2019-2020,TEA_operacional,2020,solo_secundario,HOMBRE,5-9,237,34,17,7.181382614647502
2019-2020,TEA_operacional,2020,solo_secundario,MUJER,0-4,77,41,21,3.0937713894592744
2019-2020,TEA_operacional,2020,solo_secundario,MUJER,10-14,62,10,7,12.50924024640657
2019-2020,TEA_operacional,2020,solo_secundario,MUJER,15-19,24,5,4,16.799452429842574
2019-2020,TEA_operacional,2020,solo_secundario,MUJER,20+,27,8,5,31.62217659137577
2019-2020,TEA_operacional,2020,solo_secundario,MUJER,5-9,62,9,3,7.774127310061601
2019-2020,F84_historico,2019,principal,HOMBRE,0-4,15,1,1,3.436002737850787
2019-2020,F84_historico,2019,principal,HOMBRE,10-14,34,2,1,13.359342915811087
2019-2020,F84_historico,2019,principal,HOMBRE,15-19,25,1,0,16.37782340862423
2019-2020,F84_historico,2019,principal,HOMBRE,20+,25,2,1,23.808350444900753
2019-2020,F84_historico,2019,principal,HOMBRE,5-9,26,2,1,7.285420944558522
2019-2020,F84_historico,2019,principal,MUJER,0-4,6,2,2,3.0212183436002737
2019-2020,F84_historico,2019,principal,MUJER,10-14,14,0,0,12.501026694045173
2019-2020,F84_historico,2019,principal,MUJER,15-19,8,0,0,16.45448323066393
2019-2020,F84_historico,2019,principal,MUJER,20+,7,0,0,24.186173853524984
2019-2020,F84_historico,2019,principal,MUJER,5-9,5,0,0,5.864476386036961
2019-2020,F84_historico,2019,principal_y_secundario,HOMBRE,0-4,1,0,0,3.512662559890486
2019-2020,F84_historico,2019,principal_y_secundario,HOMBRE,20+,1,0,0,21.366187542778917
2019-2020,F84_historico,2019,principal_y_secundario,MUJER,15-19,1,0,0,17.99315537303217
2019-2020,F84_historico,2019,solo_secundario,HOMBRE,0-4,349,71,41,3.4962354551676933
2019-2020,F84_historico,2019,solo_secundario,HOMBRE,10-14,282,26,14,12.303901437371664
2019-2020,F84_historico,2019,solo_secundario,HOMBRE,15-19,129,9,8,16.999315537303218
2019-2020,F84_historico,2019,solo_secundario,HOMBRE,20+,130,13,8,27.928815879534564
2019-2020,F84_historico,2019,solo_secundario,HOMBRE,5-9,445,18,6,7.416837782340862
2019-2020,F84_historico,2019,solo_secundario,MUJER,0-4,142,41,30,2.8199863107460645
2019-2020,F84_historico,2019,solo_secundario,MUJER,10-14,107,7,5,12.501026694045175
2019-2020,F84_historico,2019,solo_secundario,MUJER,15-19,38,4,2,17.145790554414788
2019-2020,F84_historico,2019,solo_secundario,MUJER,20+,52,9,3,30.095824777549623
2019-2020,F84_historico,2019,solo_secundario,MUJER,5-9,104,7,6,7.002053388090349
2019-2020,F84_historico,2020,principal,HOMBRE,0-4,7,0,0,3.3127994524298425
2019-2020,F84_historico,2020,principal,HOMBRE,10-14,15,2,2,12.446269678302533
2019-2020,F84_historico,2020,principal,HOMBRE,15-19,14,0,0,17.779603011635864
2019-2020,F84_historico,2020,principal,HOMBRE,20+,11,0,0,25.00479123887748
2019-2020,F84_historico,2020,principal,HOMBRE,5-9,15,1,0,7.241615331964408
2019-2020,F84_historico,2020,principal,MUJER,0-4,3,1,0,4.621492128678987
2019-2020,F84_historico,2020,principal,MUJER,10-14,7,1,1,13.067761806981519
2019-2020,F84_historico,2020,principal,MUJER,15-19,5,0,0,17.672826830937716
2019-2020,F84_historico,2020,principal,MUJER,20+,4,0,0,21.946611909650926
2019-2020,F84_historico,2020,principal,MUJER,5-9,3,0,0,6.272416153319644
2019-2020,F84_historico,2020,principal_y_secundario,HOMBRE,0-4,1,0,0,4.465434633812457
2019-2020,F84_historico,2020,principal_y_secundario,HOMBRE,10-14,3,0,0,11.23066392881588
2019-2020,F84_historico,2020,principal_y_secundario,MUJER,0-4,1,0,0,4.900752908966461
2019-2020,F84_historico,2020,principal_y_secundario,MUJER,10-14,1,0,0,14.072553045859001
2019-2020,F84_historico,2020,solo_secundario,HOMBRE,0-4,181,48,26,3.5044490075290895
2019-2020,F84_historico,2020,solo_secundario,HOMBRE,10-14,205,27,14,12.355920602327172
2019-2020,F84_historico,2020,solo_secundario,HOMBRE,15-19,85,16,9,16.747433264887064
2019-2020,F84_historico,2020,solo_secundario,HOMBRE,20+,84,13,6,30.407939767282684
2019-2020,F84_historico,2020,solo_secundario,HOMBRE,5-9,240,34,17,7.170431211498974
2019-2020,F84_historico,2020,solo_secundario,MUJER,0-4,78,41,21,3.107460643394935
2019-2020,F84_historico,2020,solo_secundario,MUJER,10-14,67,11,7,12.607802874743326
2019-2020,F84_historico,2020,solo_secundario,MUJER,15-19,25,6,5,16.67624914442163
2019-2020,F84_historico,2020,solo_secundario,MUJER,20+,29,8,5,31.62217659137577
2019-2020,F84_historico,2020,solo_secundario,MUJER,5-9,65,9,3,7.619438740588638
2021-2024,autismo_F840,2021,principal,HOMBRE,0-4,12,1,0,3.058179329226557
2021-2024,autismo_F840,2021,principal,HOMBRE,10-14,16,2,0,13.32101300479124
2021-2024,autismo_F840,2021,principal,HOMBRE,15-19,18,0,0,16.406570841889117
2021-2024,autismo_F840,2021,principal,HOMBRE,20+,18,3,3,24.940451745379875
2021-2024,autismo_F840,2021,principal,HOMBRE,5-9,15,0,0,6.1492128678987
2021-2024,autismo_F840,2021,principal,MUJER,0-4,7,2,1,2.0424366872005475
2021-2024,autismo_F840,2021,principal,MUJER,10-14,8,0,0,12.2217659137577
2021-2024,autismo_F840,2021,principal,MUJER,15-19,2,0,0,17.49349760438056
2021-2024,autismo_F840,2021,principal,MUJER,5-9,5,0,0,7.761806981519507
2021-2024,autismo_F840,2021,solo_secundario,HOMBRE,0-4,248,18,8,3.485284052019165
2021-2024,autismo_F840,2021,solo_secundario,HOMBRE,10-14,258,22,14,12.154688569472963
2021-2024,autismo_F840,2021,solo_secundario,HOMBRE,15-19,94,11,5,16.792607802874745
2021-2024,autismo_F840,2021,solo_secundario,HOMBRE,20+,102,6,3,28.546201232032857
2021-2024,autismo_F840,2021,solo_secundario,HOMBRE,5-9,403,21,6,7.148528405201916
2021-2024,autismo_F840,2021,solo_secundario,MUJER,0-4,72,7,6,3.277207392197125
2021-2024,autismo_F840,2021,solo_secundario,MUJER,10-14,112,12,8,12.910335386721425
2021-2024,autismo_F840,2021,solo_secundario,MUJER,15-19,40,4,4,16.598220396988367
2021-2024,autismo_F840,2021,solo_secundario,MUJER,20+,26,2,2,28.151950718685832
2021-2024,autismo_F840,2021,solo_secundario,MUJER,5-9,83,15,6,6.880219028062971
2021-2024,autismo_F840,2022,principal,HOMBRE,0-4,17,2,0,3.5263518138261465
2021-2024,autismo_F840,2022,principal,HOMBRE,10-14,36,3,3,12.971937029431896
2021-2024,autismo_F840,2022,principal,HOMBRE,15-19,15,1,0,17.286789869952088
2021-2024,autismo_F840,2022,principal,HOMBRE,20+,10,0,0,23.601642710472277
2021-2024,autismo_F840,2022,principal,HOMBRE,5-9,22,2,2,7.166324435318275
2021-2024,autismo_F840,2022,principal,MUJER,0-4,2,0,0,3.724845995893224
2021-2024,autismo_F840,2022,principal,MUJER,10-14,23,5,4,12.563997262149213
2021-2024,autismo_F840,2022,principal,MUJER,15-19,6,3,2,16.27378507871321
2021-2024,autismo_F840,2022,principal,MUJER,20+,1,0,0,31.255304585900067
2021-2024,autismo_F840,2022,principal,MUJER,5-9,2,0,0,8.432580424366872
2021-2024,autismo_F840,2022,solo_secundario,HOMBRE,0-4,472,66,25,3.6372347707049966
2021-2024,autismo_F840,2022,solo_secundario,HOMBRE,10-14,359,38,17,12.383299110198495
2021-2024,autismo_F840,2022,solo_secundario,HOMBRE,15-19,146,19,15,16.632443531827516
2021-2024,autismo_F840,2022,solo_secundario,HOMBRE,20+,108,17,10,28.906228610540726
2021-2024,autismo_F840,2022,solo_secundario,HOMBRE,5-9,611,57,23,7.15400410677618
2021-2024,autismo_F840,2022,solo_secundario,MUJER,0-4,158,28,14,3.3990417522245036
2021-2024,autismo_F840,2022,solo_secundario,MUJER,10-14,147,24,17,13.308692676249144
2021-2024,autismo_F840,2022,solo_secundario,MUJER,15-19,81,19,18,16.48186173853525
2021-2024,autismo_F840,2022,solo_secundario,MUJER,20+,52,9,7,25.798767967145793
2021-2024,autismo_F840,2022,solo_secundario,MUJER,5-9,131,18,10,7.208761122518823
2021-2024,autismo_F840,2023,principal,HOMBRE,0-4,11,3,2,3.5208761122518824
2021-2024,autismo_F840,2023,principal,HOMBRE,10-14,34,3,1,12.572210814510608
2021-2024,autismo_F840,2023,principal,HOMBRE,15-19,27,4,3,16.5968514715948
2021-2024,autismo_F840,2023,principal,HOMBRE,20+,9,4,3,23.953456536618756
2021-2024,autismo_F840,2023,principal,HOMBRE,5-9,19,2,1,7.8056125941136205
2021-2024,autismo_F840,2023,principal,MUJER,0-4,10,2,1,2.908966461327857
2021-2024,autismo_F840,2023,principal,MUJER,10-14,17,4,4,13.609856262833675
2021-2024,autismo_F840,2023,principal,MUJER,15-19,9,2,1,16.878850102669404
2021-2024,autismo_F840,2023,principal,MUJER,20+,2,0,0,23.003422313483917
2021-2024,autismo_F840,2023,principal,MUJER,5-9,6,0,0,7.27583846680356
2021-2024,autismo_F840,2023,solo_secundario,HOMBRE,0-4,719,184,56,3.7180013689253935
2021-2024,autismo_F840,2023,solo_secundario,HOMBRE,10-14,563,83,41,12.424366872005475
2021-2024,autismo_F840,2023,solo_secundario,HOMBRE,15-19,240,46,30,16.576317590691307
2021-2024,autismo_F840,2023,solo_secundario,HOMBRE,20+,188,44,29,27.342915811088297
2021-2024,autismo_F840,2023,solo_secundario,HOMBRE,5-9,980,146,46,6.954140999315538
2021-2024,autismo_F840,2023,solo_secundario,MUJER,0-4,230,47,18,3.623545516769336
2021-2024,autismo_F840,2023,solo_secundario,MUJER,10-14,345,74,56,13.190965092402465
2021-2024,autismo_F840,2023,solo_secundario,MUJER,15-19,179,44,36,16.462696783025326
2021-2024,autismo_F840,2023,solo_secundario,MUJER,20+,129,24,15,26.934976043805612
2021-2024,autismo_F840,2023,solo_secundario,MUJER,5-9,243,40,17,6.91854893908282
2021-2024,autismo_F840,2024,principal,HOMBRE,0-4,8,4,1,3.908281998631075
2021-2024,autismo_F840,2024,principal,HOMBRE,10-14,32,5,4,13.17180013689254
2021-2024,autismo_F840,2024,principal,HOMBRE,15-19,16,3,2,17.509924709103352
2021-2024,autismo_F840,2024,principal,HOMBRE,20+,13,5,4,29.557837097878167
2021-2024,autismo_F840,2024,principal,HOMBRE,5-9,23,1,1,7.572895277207392
2021-2024,autismo_F840,2024,principal,MUJER,10-14,28,5,4,13.21697467488022
2021-2024,autismo_F840,2024,principal,MUJER,15-19,10,3,3,16.611909650924026
2021-2024,autismo_F840,2024,principal,MUJER,20+,2,0,0,32.889801505817935
2021-2024,autismo_F840,2024,principal,MUJER,5-9,15,1,1,7.252566735112937
2021-2024,autismo_F840,2024,solo_secundario,HOMBRE,0-4,677,265,71,3.7782340862423
2021-2024,autismo_F840,2024,solo_secundario,HOMBRE,10-14,765,124,52,12.388774811772759
2021-2024,autismo_F840,2024,solo_secundario,HOMBRE,15-19,322,64,32,16.79260780287474
2021-2024,autismo_F840,2024,solo_secundario,HOMBRE,20+,240,51,31,25.963039014373717
2021-2024,autismo_F840,2024,solo_secundario,HOMBRE,5-9,1428,260,83,7.0978781656399725
2021-2024,autismo_F840,2024,solo_secundario,MUJER,0-4,196,73,22,3.7453798767967146
2021-2024,autismo_F840,2024,solo_secundario,MUJER,10-14,464,117,82,13.292265571526352
2021-2024,autismo_F840,2024,solo_secundario,MUJER,15-19,309,89,71,16.75564681724846
2021-2024,autismo_F840,2024,solo_secundario,MUJER,20+,238,83,52,26.28062970568104
2021-2024,autismo_F840,2024,solo_secundario,MUJER,5-9,341,61,24,7.312799452429843
2021-2024,TEA_operacional,2021,principal,HOMBRE,0-4,15,0,0,2.757015742642026
2021-2024,TEA_operacional,2021,principal,HOMBRE,10-14,18,2,0,13.64271047227926
2021-2024,TEA_operacional,2021,principal,HOMBRE,15-19,24,0,0,16.80082135523614
2021-2024,TEA_operacional,2021,principal,HOMBRE,20+,27,2,2,25.05407255304586
2021-2024,TEA_operacional,2021,principal,HOMBRE,5-9,18,0,0,6.837782340862423
2021-2024,TEA_operacional,2021,principal,MUJER,0-4,7,1,1,2.0424366872005475
2021-2024,TEA_operacional,2021,principal,MUJER,10-14,11,0,0,12.334017796030116
2021-2024,TEA_operacional,2021,principal,MUJER,15-19,3,0,0,17.53593429158111
2021-2024,TEA_operacional,2021,principal,MUJER,20+,2,0,0,22.772073921971256
2021-2024,TEA_operacional,2021,principal,MUJER,5-9,5,0,0,7.761806981519507
2021-2024,TEA_operacional,2021,principal_y_secundario,HOMBRE,10-14,1,0,0,12.815879534565367
2021-2024,TEA_operacional,2021,principal_y_secundario,MUJER,10-14,1,0,0,13.478439425051334
2021-2024,TEA_operacional,2021,solo_secundario,HOMBRE,0-4,286,27,12,3.455167693360712
2021-2024,TEA_operacional,2021,solo_secundario,HOMBRE,10-14,327,18,11,12.14236824093087
2021-2024,TEA_operacional,2021,solo_secundario,HOMBRE,15-19,127,8,4,16.67624914442163
2021-2024,TEA_operacional,2021,solo_secundario,HOMBRE,20+,159,7,5,27.87953456536619
2021-2024,TEA_operacional,2021,solo_secundario,HOMBRE,5-9,461,20,5,7.233401779603011
2021-2024,TEA_operacional,2021,solo_secundario,MUJER,0-4,92,13,10,3.277207392197125
2021-2024,TEA_operacional,2021,solo_secundario,MUJER,10-14,133,9,6,12.93908281998631
2021-2024,TEA_operacional,2021,solo_secundario,MUJER,15-19,61,6,6,17.018480492813143
2021-2024,TEA_operacional,2021,solo_secundario,MUJER,20+,52,3,2,28.632443531827516
2021-2024,TEA_operacional,2021,solo_secundario,MUJER,5-9,92,15,7,7.104722792607802
2021-2024,TEA_operacional,2022,principal,HOMBRE,0-4,21,2,0,3.3921971252566734
2021-2024,TEA_operacional,2022,principal,HOMBRE,10-14,41,2,2,13.021218343600275
2021-2024,TEA_operacional,2022,principal,HOMBRE,15-19,26,0,0,17.29637234770705
2021-2024,TEA_operacional,2022,principal,HOMBRE,20+,25,3,2,26.855578370978783
2021-2024,TEA_operacional,2022,principal,HOMBRE,5-9,23,2,2,7.129363449691992
2021-2024,TEA_operacional,2022,principal,MUJER,0-4,5,1,0,2.5900068446269677
2021-2024,TEA_operacional,2022,principal,MUJER,10-14,25,4,3,12.563997262149213
2021-2024,TEA_operacional,2022,principal,MUJER,15-19,11,2,1,15.665982203969884
2021-2024,TEA_operacional,2022,principal,MUJER,20+,2,0,0,40.35728952772074
2021-2024,TEA_operacional,2022,principal,MUJER,5-9,2,0,0,8.432580424366872
2021-2024,TEA_operacional,2022,principal_y_secundario,HOMBRE,0-4,1,0,0,3.701574264202601
2021-2024,TEA_operacional,2022,principal_y_secundario,HOMBRE,10-14,1,0,0,10.981519507186858
2021-2024,TEA_operacional,2022,principal_y_secundario,HOMBRE,15-19,1,0,0,17.776865160848732
2021-2024,TEA_operacional,2022,principal_y_secundario,HOMBRE,5-9,1,0,0,8.780287474332649
2021-2024,TEA_operacional,2022,solo_secundario,HOMBRE,0-4,557,95,42,3.5509924709103355
2021-2024,TEA_operacional,2022,solo_secundario,HOMBRE,10-14,441,39,22,12.473648186173854
2021-2024,TEA_operacional,2022,solo_secundario,HOMBRE,15-19,196,15,11,16.79808350444901
2021-2024,TEA_operacional,2022,solo_secundario,HOMBRE,20+,178,17,10,28.77618069815195
2021-2024,TEA_operacional,2022,solo_secundario,HOMBRE,5-9,686,60,27,7.186858316221766
2021-2024,TEA_operacional,2022,solo_secundario,MUJER,0-4,197,44,25,3.3155373032169746
2021-2024,TEA_operacional,2022,solo_secundario,MUJER,10-14,180,26,18,13.316906228610542
2021-2024,TEA_operacional,2022,solo_secundario,MUJER,15-19,94,15,15,16.550308008213555
2021-2024,TEA_operacional,2022,solo_secundario,MUJER,20+,85,12,11,28.314852840520192
2021-2024,TEA_operacional,2022,solo_secundario,MUJER,5-9,156,21,10,7.174537987679671
2021-2024,TEA_operacional,2023,principal,HOMBRE,0-4,10,2,1,3.5071868583162216
2021-2024,TEA_operacional,2023,principal,HOMBRE,10-14,36,2,1,12.572210814510608
2021-2024,TEA_operacional,2023,principal,HOMBRE,15-19,30,2,2,16.70773442847365
2021-2024,TEA_operacional,2023,principal,HOMBRE,20+,15,2,2,25.149897330595483
2021-2024,TEA_operacional,2023,principal,HOMBRE,5-9,21,2,1,7.8056125941136205
2021-2024,TEA_operacional,2023,principal,MUJER,0-4,11,3,1,2.7816563997262147
2021-2024,TEA_operacional,2023,principal,MUJER,10-14,23,5,5,13.568788501026694
2021-2024,TEA_operacional,2023,principal,MUJER,15-19,15,4,3,16.435318275154003
2021-2024,TEA_operacional,2023,principal,MUJER,20+,8,2,2,26.733744010951405
2021-2024,TEA_operacional,2023,principal,MUJER,5-9,6,0,0,7.27583846680356
2021-2024,TEA_operacional,2023,principal_y_secundario,HOMBRE,10-14,2,0,0,12.369609856262834
2021-2024,TEA_operacional,2023,principal_y_secundario,HOMBRE,20+,1,0,0,24.684462696783026
2021-2024,TEA_operacional,2023,solo_secundario,HOMBRE,0-4,821,204,60,3.676933607118412
2021-2024,TEA_operacional,2023,solo_secundario,HOMBRE,10-14,625,76,34,12.446269678302533
2021-2024,TEA_operacional,2023,solo_secundario,HOMBRE,15-19,278,44,30,16.647501711156742
2021-2024,TEA_operacional,2023,solo_secundario,HOMBRE,20+,256,37,23,26.704996577686515
2021-2024,TEA_operacional,2023,solo_secundario,HOMBRE,5-9,1071,149,49,6.93223819301848
2021-2024,TEA_operacional,2023,solo_secundario,MUJER,0-4,283,72,24,3.5373032169746748
2021-2024,TEA_operacional,2023,solo_secundario,MUJER,10-14,393,81,60,13.182751540041068
2021-2024,TEA_operacional,2023,solo_secundario,MUJER,15-19,225,58,48,16.553045859000683
2021-2024,TEA_operacional,2023,solo_secundario,MUJER,20+,186,34,20,27.315537303216974
2021-2024,TEA_operacional,2023,solo_secundario,MUJER,5-9,278,38,17,6.9664613278576315
2021-2024,TEA_operacional,2024,mixto_mismo_dia,HOMBRE,5-9,1,0,0,7.7207392197125255
2021-2024,TEA_operacional,2024,principal,HOMBRE,0-4,11,5,1,3.080082135523614
2021-2024,TEA_operacional,2024,principal,HOMBRE,10-14,42,4,3,12.971937029431896
2021-2024,TEA_operacional,2024,principal,HOMBRE,15-19,25,3,2,16.78028747433265
2021-2024,TEA_operacional,2024,principal,HOMBRE,20+,24,5,3,25.36208076659822
2021-2024,TEA_operacional,2024,principal,HOMBRE,5-9,22,0,0,7.548254620123203
2021-2024,TEA_operacional,2024,principal,MUJER,10-14,33,4,3,13.086926762491444
2021-2024,TEA_operacional,2024,principal,MUJER,15-19,14,4,4,16.802190280629706
2021-2024,TEA_operacional,2024,principal,MUJER,20+,6,2,2,28.71184120465435
2021-2024,TEA_operacional,2024,principal,MUJER,5-9,15,1,1,7.252566735112937
2021-2024,TEA_operacional,2024,principal_y_secundario,HOMBRE,10-14,1,0,0,13.481177275838467
2021-2024,TEA_operacional,2024,principal_y_secundario,HOMBRE,20+,3,1,1,23.255304585900067
2021-2024,TEA_operacional,2024,principal_y_secundario,MUJER,10-14,2,1,1,12.777549623545518
2021-2024,TEA_operacional,2024,solo_secundario,HOMBRE,0-4,810,312,85,3.7399041752224504
2021-2024,TEA_operacional,2024,solo_secundario,HOMBRE,10-14,865,120,52,12.336755646817249
2021-2024,TEA_operacional,2024,solo_secundario,HOMBRE,15-19,383,65,31,16.78576317590691
2021-2024,TEA_operacional,2024,solo_secundario,HOMBRE,20+,330,55,28,26.32991101984942
2021-2024,TEA_operacional,2024,solo_secundario,HOMBRE,5-9,1571,257,79,7.137577002053388
2021-2024,TEA_operacional,2024,solo_secundario,MUJER,0-4,246,94,32,3.6276522929500343
2021-2024,TEA_operacional,2024,solo_secundario,MUJER,10-14,532,118,82,13.26899383983573
2021-2024,TEA_operacional,2024,solo_secundario,MUJER,15-19,356,96,77,16.743326488706366
2021-2024,TEA_operacional,2024,solo_secundario,MUJER,20+,342,94,60,27.111567419575632
2021-2024,TEA_operacional,2024,solo_secundario,MUJER,5-9,388,68,28,7.30321697467488
2021-2024,F84_historico,2021,principal,HOMBRE,0-4,15,0,0,2.757015742642026
2021-2024,F84_historico,2021,principal,HOMBRE,10-14,18,2,0,13.64271047227926
2021-2024,F84_historico,2021,principal,HOMBRE,15-19,24,0,0,16.80082135523614
2021-2024,F84_historico,2021,principal,HOMBRE,20+,27,2,2,25.05407255304586
2021-2024,F84_historico,2021,principal,HOMBRE,5-9,18,0,0,6.837782340862423
2021-2024,F84_historico,2021,principal,MUJER,0-4,7,1,1,2.0424366872005475
2021-2024,F84_historico,2021,principal,MUJER,10-14,11,0,0,12.334017796030116
2021-2024,F84_historico,2021,principal,MUJER,15-19,3,0,0,17.53593429158111
2021-2024,F84_historico,2021,principal,MUJER,20+,3,0,0,22.833675564681723
2021-2024,F84_historico,2021,principal,MUJER,5-9,5,0,0,7.761806981519507
2021-2024,F84_historico,2021,principal_y_secundario,HOMBRE,10-14,1,0,0,12.815879534565367
2021-2024,F84_historico,2021,principal_y_secundario,MUJER,10-14,1,0,0,13.478439425051334
2021-2024,F84_historico,2021,solo_secundario,HOMBRE,0-4,287,27,12,3.457905544147844
2021-2024,F84_historico,2021,solo_secundario,HOMBRE,10-14,327,18,11,12.14236824093087
2021-2024,F84_historico,2021,solo_secundario,HOMBRE,15-19,128,8,4,16.652977412731005
2021-2024,F84_historico,2021,solo_secundario,HOMBRE,20+,161,7,5,27.87953456536619
2021-2024,F84_historico,2021,solo_secundario,HOMBRE,5-9,464,21,5,7.24435318275154
2021-2024,F84_historico,2021,solo_secundario,MUJER,0-4,98,14,11,3.267624914442163
2021-2024,F84_historico,2021,solo_secundario,MUJER,10-14,142,9,6,12.930869267624914
2021-2024,F84_historico,2021,solo_secundario,MUJER,15-19,64,6,6,17.011635865845314
2021-2024,F84_historico,2021,solo_secundario,MUJER,20+,55,3,2,29.905544147843944
2021-2024,F84_historico,2021,solo_secundario,MUJER,5-9,99,15,7,7.129363449691992
2021-2024,F84_historico,2022,principal,HOMBRE,0-4,21,2,0,3.3921971252566734
2021-2024,F84_historico,2022,principal,HOMBRE,10-14,41,2,2,13.021218343600275
2021-2024,F84_historico,2022,principal,HOMBRE,15-19,26,0,0,17.29637234770705
2021-2024,F84_historico,2022,principal,HOMBRE,20+,25,3,2,26.855578370978783
2021-2024,F84_historico,2022,principal,HOMBRE,5-9,23,2,2,7.129363449691992
2021-2024,F84_historico,2022,principal,MUJER,0-4,6,1,0,3.2060232717316905
2021-2024,F84_historico,2022,principal,MUJER,10-14,26,4,3,12.725530458590008
2021-2024,F84_historico,2022,principal,MUJER,15-19,11,2,1,15.665982203969884
2021-2024,F84_historico,2022,principal,MUJER,20+,2,0,0,40.35728952772074
2021-2024,F84_historico,2022,principal,MUJER,5-9,4,0,0,6.936344969199178
2021-2024,F84_historico,2022,principal_y_secundario,HOMBRE,0-4,1,0,0,3.701574264202601
2021-2024,F84_historico,2022,principal_y_secundario,HOMBRE,10-14,1,0,0,10.981519507186858
2021-2024,F84_historico,2022,principal_y_secundario,HOMBRE,15-19,1,0,0,17.776865160848732
2021-2024,F84_historico,2022,principal_y_secundario,HOMBRE,5-9,1,0,0,8.780287474332649
2021-2024,F84_historico,2022,solo_secundario,HOMBRE,0-4,558,95,42,3.5564681724845997
2021-2024,F84_historico,2022,solo_secundario,HOMBRE,10-14,442,40,22,12.470910335386723
2021-2024,F84_historico,2022,solo_secundario,HOMBRE,15-19,197,15,11,16.80766598220397
2021-2024,F84_historico,2022,solo_secundario,HOMBRE,20+,178,17,10,28.77618069815195
2021-2024,F84_historico,2022,solo_secundario,HOMBRE,5-9,689,60,27,7.186858316221766
2021-2024,F84_historico,2022,solo_secundario,MUJER,0-4,201,46,27,3.293634496919918
2021-2024,F84_historico,2022,solo_secundario,MUJER,10-14,187,29,20,13.210130047912388
2021-2024,F84_historico,2022,solo_secundario,MUJER,15-19,98,15,15,16.550308008213555
2021-2024,F84_historico,2022,solo_secundario,MUJER,20+,89,12,11,28.84599589322382
2021-2024,F84_historico,2022,solo_secundario,MUJER,5-9,159,22,10,7.208761122518823
2021-2024,F84_historico,2023,principal,HOMBRE,0-4,10,2,1,3.5071868583162216
2021-2024,F84_historico,2023,principal,HOMBRE,10-14,36,2,1,12.572210814510608
2021-2024,F84_historico,2023,principal,HOMBRE,15-19,30,2,2,16.70773442847365
2021-2024,F84_historico,2023,principal,HOMBRE,20+,15,2,2,25.149897330595483
2021-2024,F84_historico,2023,principal,HOMBRE,5-9,23,4,2,7.8056125941136205
2021-2024,F84_historico,2023,principal,MUJER,0-4,11,3,1,2.7816563997262147
2021-2024,F84_historico,2023,principal,MUJER,10-14,23,5,5,13.568788501026694
2021-2024,F84_historico,2023,principal,MUJER,15-19,15,4,3,16.435318275154003
2021-2024,F84_historico,2023,principal,MUJER,20+,8,2,2,26.733744010951405
2021-2024,F84_historico,2023,principal,MUJER,5-9,6,0,0,7.27583846680356
2021-2024,F84_historico,2023,principal_y_secundario,HOMBRE,10-14,2,0,0,12.369609856262834
2021-2024,F84_historico,2023,principal_y_secundario,HOMBRE,20+,1,0,0,24.684462696783026
2021-2024,F84_historico,2023,principal_y_secundario,MUJER,15-19,1,0,0,16.10677618069815
2021-2024,F84_historico,2023,solo_secundario,HOMBRE,0-4,821,204,60,3.676933607118412
2021-2024,F84_historico,2023,solo_secundario,HOMBRE,10-14,630,77,35,12.4435318275154
2021-2024,F84_historico,2023,solo_secundario,HOMBRE,15-19,279,44,30,16.65160848733744
2021-2024,F84_historico,2023,solo_secundario,HOMBRE,20+,256,37,23,26.704996577686515
2021-2024,F84_historico,2023,solo_secundario,HOMBRE,5-9,1073,150,49,6.921286789869952
2021-2024,F84_historico,2023,solo_secundario,MUJER,0-4,287,73,25,3.5373032169746748
2021-2024,F84_historico,2023,solo_secundario,MUJER,10-14,399,81,60,13.163586584531142
2021-2024,F84_historico,2023,solo_secundario,MUJER,15-19,229,59,49,16.553045859000683
2021-2024,F84_historico,2023,solo_secundario,MUJER,20+,190,34,20,27.366187542778917
2021-2024,F84_historico,2023,solo_secundario,MUJER,5-9,281,37,16,6.981519507186858
2021-2024,F84_historico,2024,mixto_mismo_dia,HOMBRE,5-9,1,0,0,7.7207392197125255
2021-2024,F84_historico,2024,principal,HOMBRE,0-4,11,5,1,3.080082135523614
2021-2024,F84_historico,2024,principal,HOMBRE,10-14,42,4,3,12.971937029431896
2021-2024,F84_historico,2024,principal,HOMBRE,15-19,25,3,2,16.78028747433265
2021-2024,F84_historico,2024,principal,HOMBRE,20+,24,5,3,25.36208076659822
2021-2024,F84_historico,2024,principal,HOMBRE,5-9,22,0,0,7.548254620123203
2021-2024,F84_historico,2024,principal,MUJER,10-14,35,4,3,13.086926762491444
2021-2024,F84_historico,2024,principal,MUJER,15-19,15,4,4,16.944558521560573
2021-2024,F84_historico,2024,principal,MUJER,20+,7,2,2,26.20123203285421
2021-2024,F84_historico,2024,principal,MUJER,5-9,16,1,1,7.377138945927447
2021-2024,F84_historico,2024,principal_y_secundario,HOMBRE,10-14,1,0,0,13.481177275838467
2021-2024,F84_historico,2024,principal_y_secundario,HOMBRE,20+,3,1,1,23.255304585900067
2021-2024,F84_historico,2024,principal_y_secundario,MUJER,10-14,2,1,1,12.777549623545518
2021-2024,F84_historico,2024,solo_secundario,HOMBRE,0-4,814,315,88,3.7316906228610542
2021-2024,F84_historico,2024,solo_secundario,HOMBRE,10-14,865,119,52,12.336755646817249
2021-2024,F84_historico,2024,solo_secundario,HOMBRE,15-19,384,65,31,16.79260780287474
2021-2024,F84_historico,2024,solo_secundario,HOMBRE,20+,330,55,28,26.32991101984942
2021-2024,F84_historico,2024,solo_secundario,HOMBRE,5-9,1574,258,79,7.134839151266256
2021-2024,F84_historico,2024,solo_secundario,MUJER,0-4,246,93,31,3.596167008898015
2021-2024,F84_historico,2024,solo_secundario,MUJER,10-14,537,119,83,13.264887063655031
2021-2024,F84_historico,2024,solo_secundario,MUJER,15-19,359,97,78,16.75564681724846
2021-2024,F84_historico,2024,solo_secundario,MUJER,20+,351,96,61,27.085557837097877
2021-2024,F84_historico,2024,solo_secundario,MUJER,5-9,393,68,27,7.301848049281314
