year,definition,role,TIPO_ACTIVIDAD,age_band,n,mean,sd,median,q25,q75,p90,max,total_days,n_los0
2019,autismo_F840,principal,CIRUGÍA MAYOR AMBULATORIA (CMA),0-4,1,0.0,,0.0,0.0,0.0,0.0,0.0,0.0,1
2019,autismo_F840,principal,HOSPITALIZACIÓN,0-4,17,0.5882352941176471,0.7952062255644572,0.0,0.0,1.0,1.0,3.0,10.0,9
2019,autismo_F840,principal,HOSPITALIZACIÓN,10-14,55,11.418181818181818,15.978794870761858,5.0,1.0,17.5,26.200000000000003,77.0,628.0,5
2019,autismo_F840,principal,HOSPITALIZACIÓN,15-19,29,27.103448275862068,37.603518858504074,18.0,5.0,30.0,59.599999999999994,196.0,786.0,2
2019,autismo_F840,principal,HOSPITALIZACIÓN,20-29,8,16.75,13.112153577066255,12.0,6.5,31.25,32.3,33.0,134.0,0
2019,autismo_F840,principal,HOSPITALIZACIÓN,30-44,1,14.0,,14.0,14.0,14.0,14.0,14.0,14.0,0
2019,autismo_F840,principal,HOSPITALIZACIÓN,45+,1,13.0,,13.0,13.0,13.0,13.0,13.0,13.0,0
2019,autismo_F840,principal,HOSPITALIZACIÓN,5-9,22,5.5,9.27233468314159,2.5,1.0,5.5,7.900000000000002,37.0,121.0,3
2019,autismo_F840,principal,HOSPITALIZACIÓN DIURNA,5-9,6,0.0,0.0,0.0,0.0,0.0,0.0,0.0,0.0,6
2019,autismo_F840,principal,HOSPITALIZACIÓN EN URGENCIA,10-14,5,5.8,9.093954035511725,2.0,1.0,3.0,14.400000000000002,22.0,29.0,0
2019,autismo_F840,principal,HOSPITALIZACIÓN EN URGENCIA,15-19,3,3.0,3.605551275463989,2.0,1.0,4.5,6.0,7.0,9.0,1
2019,autismo_F840,principal,HOSPITALIZACIÓN EN URGENCIA,20-29,1,7.0,,7.0,7.0,7.0,7.0,7.0,7.0,0
2019,autismo_F840,principal,HOSPITALIZACIÓN EN URGENCIA,5-9,1,2.0,,2.0,2.0,2.0,2.0,2.0,2.0,0
2019,autismo_F840,solo_secundario,CIRUGÍA MAYOR AMBULATORIA (CMA),0-4,23,0.0,0.0,0.0,0.0,0.0,0.0,0.0,0.0,23
2019,autismo_F840,solo_secundario,CIRUGÍA MAYOR AMBULATORIA (CMA),10-14,15,0.06666666666666667,0.2581988897471611,0.0,0.0,0.0,0.0,1.0,1.0,14
2019,autismo_F840,solo_secundario,CIRUGÍA MAYOR AMBULATORIA (CMA),15-19,6,0.0,0.0,0.0,0.0,0.0,0.0,0.0,0.0,6
2019,autismo_F840,solo_secundario,CIRUGÍA MAYOR AMBULATORIA (CMA),20-29,5,0.0,0.0,0.0,0.0,0.0,0.0,0.0,0.0,5
2019,autismo_F840,solo_secundario,CIRUGÍA MAYOR AMBULATORIA (CMA),45+,2,0.0,0.0,0.0,0.0,0.0,0.0,0.0,0.0,2
2019,autismo_F840,solo_secundario,CIRUGÍA MAYOR AMBULATORIA (CMA),5-9,50,0.0,0.0,0.0,0.0,0.0,0.0,0.0,0.0,50
2019,autismo_F840,solo_secundario,HOSPITALIZACIÓN,0-4,250,6.432,35.57713177338618,2.0,1.0,5.0,9.099999999999994,557.0,1608.0,42
2019,autismo_F840,solo_secundario,HOSPITALIZACIÓN,10-14,225,10.08,25.04910890915797,3.0,1.0,8.0,26.0,247.0,2268.0,30
2019,autismo_F840,solo_secundario,HOSPITALIZACIÓN,15-19,81,14.851851851851851,24.71594177404085,4.0,1.0,21.0,36.0,156.0,1203.0,15
2019,autismo_F840,solo_secundario,HOSPITALIZACIÓN,20-29,37,20.56756756756757,35.187229802033876,6.0,2.0,21.0,55.39999999999999,158.0,761.0,5
2019,autismo_F840,solo_secundario,HOSPITALIZACIÓN,30-44,25,15.52,31.944117872726846,4.0,2.0,22.0,29.0,160.0,388.0,2
2019,autismo_F840,solo_secundario,HOSPITALIZACIÓN,45+,6,20.166666666666668,16.290078780247402,15.0,8.25,27.0,38.5,48.0,121.0,0
2019,autismo_F840,solo_secundario,HOSPITALIZACIÓN,5-9,354,3.9124293785310735,7.165839111510411,2.0,1.0,4.0,9.0,80.0,1385.0,70
2019,autismo_F840,solo_secundario,HOSPITALIZACIÓN DIURNA,0-4,18,0.0,0.0,0.0,0.0,0.0,0.0,0.0,0.0,18
2019,autismo_F840,solo_secundario,HOSPITALIZACIÓN DIURNA,10-14,27,0.0,0.0,0.0,0.0,0.0,0.0,0.0,0.0,27
2019,autismo_F840,solo_secundario,HOSPITALIZACIÓN DIURNA,15-19,15,0.06666666666666667,0.2581988897471611,0.0,0.0,0.0,0.0,1.0,1.0,14
2019,autismo_F840,solo_secundario,HOSPITALIZACIÓN DIURNA,20-29,8,0.0,0.0,0.0,0.0,0.0,0.0,0.0,0.0,8
2019,autismo_F840,solo_secundario,HOSPITALIZACIÓN DIURNA,30-44,8,0.0,0.0,0.0,0.0,0.0,0.0,0.0,0.0,8
2019,autismo_F840,solo_secundario,HOSPITALIZACIÓN DIURNA,45+,1,1.0,,1.0,1.0,1.0,1.0,1.0,1.0,0
2019,autismo_F840,solo_secundario,HOSPITALIZACIÓN DIURNA,5-9,50,0.0,0.0,0.0,0.0,0.0,0.0,0.0,0.0,50
2019,autismo_F840,solo_secundario,HOSPITALIZACIÓN EN URGENCIA,0-4,7,1.0,1.1547005383792515,1.0,0.0,1.5,2.4000000000000004,3.0,7.0,3
2019,autismo_F840,solo_secundario,HOSPITALIZACIÓN EN URGENCIA,10-14,9,3.111111111111111,4.075673086879161,1.0,0.0,5.0,8.600000000000001,11.0,28.0,4
2019,autismo_F840,solo_secundario,HOSPITALIZACIÓN EN URGENCIA,15-19,9,3.2222222222222223,2.9486343354923554,3.0,1.0,4.0,5.200000000000001,10.0,29.0,1
2019,autismo_F840,solo_secundario,HOSPITALIZACIÓN EN URGENCIA,20-29,5,3.4,3.9749213828703582,2.0,1.0,4.0,7.6000000000000005,10.0,17.0,1
2019,autismo_F840,solo_secundario,HOSPITALIZACIÓN EN URGENCIA,45+,1,2.0,,2.0,2.0,2.0,2.0,2.0,2.0,0
2019,autismo_F840,solo_secundario,HOSPITALIZACIÓN EN URGENCIA,5-9,13,1.1538461538461537,1.281025230440697,1.0,0.0,2.0,2.8000000000000007,4.0,15.0,5
2020,autismo_F840,principal,CIRUGÍA MAYOR AMBULATORIA (CMA),10-14,1,0.0,,0.0,0.0,0.0,0.0,0.0,0.0,1
2020,autismo_F840,principal,CIRUGÍA MAYOR AMBULATORIA (CMA),5-9,1,0.0,,0.0,0.0,0.0,0.0,0.0,0.0,1
2020,autismo_F840,principal,HOSPITALIZACIÓN,0-4,6,4.0,3.4641016151377544,3.5,1.5,6.25,8.0,9.0,24.0,1
2020,autismo_F840,principal,HOSPITALIZACIÓN,10-14,39,19.666666666666668,47.47427743045554,7.0,3.5,17.0,25.400000000000034,280.0,767.0,4
2020,autismo_F840,principal,HOSPITALIZACIÓN,15-19,37,44.891891891891895,99.48835325017916,21.0,10.0,32.0,87.39999999999999,591.0,1661.0,0
2020,autismo_F840,principal,HOSPITALIZACIÓN,20-29,10,16.5,14.144099672851416,11.5,6.25,20.0,39.4,43.0,165.0,0
2020,autismo_F840,principal,HOSPITALIZACIÓN,30-44,2,13.0,12.727922061357855,13.0,8.5,17.5,20.2,22.0,26.0,0
2020,autismo_F840,principal,HOSPITALIZACIÓN,5-9,18,3.7777777777777777,3.4223410555719886,4.0,1.25,5.75,6.0,14.0,68.0,4
2020,autismo_F840,solo_secundario,CIRUGÍA MAYOR AMBULATORIA (CMA),0-4,14,0.07142857142857142,0.26726124191242434,0.0,0.0,0.0,0.0,1.0,1.0,13
2020,autismo_F840,solo_secundario,CIRUGÍA MAYOR AMBULATORIA (CMA),10-14,11,0.0,0.0,0.0,0.0,0.0,0.0,0.0,0.0,11
2020,autismo_F840,solo_secundario,CIRUGÍA MAYOR AMBULATORIA (CMA),20-29,4,0.25,0.5,0.0,0.0,0.25,0.7000000000000002,1.0,1.0,3
2020,autismo_F840,solo_secundario,CIRUGÍA MAYOR AMBULATORIA (CMA),30-44,1,0.0,,0.0,0.0,0.0,0.0,0.0,0.0,1
2020,autismo_F840,solo_secundario,CIRUGÍA MAYOR AMBULATORIA (CMA),5-9,27,0.037037037037037035,0.19245008972987526,0.0,0.0,0.0,0.0,1.0,1.0,26
2020,autismo_F840,solo_secundario,HOSPITALIZACIÓN,0-4,191,20.43979057591623,141.3624504894315,2.0,1.0,6.0,13.0,1463.0,3904.0,33
2020,autismo_F840,solo_secundario,HOSPITALIZACIÓN,10-14,251,8.338645418326694,16.372442107326837,4.0,1.0,8.0,17.0,150.0,2093.0,26
2020,autismo_F840,solo_secundario,HOSPITALIZACIÓN,15-19,104,14.509615384615385,21.900035550934348,7.0,1.0,18.0,35.7,126.0,1509.0,15
2020,autismo_F840,solo_secundario,HOSPITALIZACIÓN,20-29,38,11.526315789473685,15.897878223388489,3.0,2.0,16.75,33.10000000000003,68.0,438.0,3
2020,autismo_F840,solo_secundario,HOSPITALIZACIÓN,30-44,29,5.931034482758621,8.688790128183879,2.0,1.0,5.0,17.599999999999994,33.0,172.0,6
2020,autismo_F840,solo_secundario,HOSPITALIZACIÓN,45+,6,11.833333333333334,7.139094246938239,10.0,6.0,17.75,20.0,21.0,71.0,0
2020,autismo_F840,solo_secundario,HOSPITALIZACIÓN,5-9,294,4.159863945578231,6.99182516186253,2.0,1.0,5.0,8.699999999999989,51.0,1223.0,44
2021,autismo_F840,principal,HOSPITALIZACIÓN,0-4,20,1.65,2.084403234046921,1.0,1.0,1.0,3.200000000000003,9.0,33.0,3
2021,autismo_F840,principal,HOSPITALIZACIÓN,10-14,35,21.8,30.969434646969923,11.0,2.0,27.5,53.20000000000003,135.0,763.0,3
2021,autismo_F840,principal,HOSPITALIZACIÓN,15-19,32,77.59375,257.07597212409485,13.5,5.75,31.75,104.60000000000011,1444.0,2483.0,1
2021,autismo_F840,principal,HOSPITALIZACIÓN,20-29,20,31.95,23.043380143135526,26.5,15.5,44.0,70.5,78.0,639.0,0
2021,autismo_F840,principal,HOSPITALIZACIÓN,30-44,9,45.55555555555556,66.92740677613153,25.0,14.0,34.0,91.60000000000002,218.0,410.0,0
2021,autismo_F840,principal,HOSPITALIZACIÓN,5-9,23,4.0,8.213071621174713,1.0,0.0,3.0,11.800000000000004,37.0,92.0,9
2021,autismo_F840,solo_secundario,CIRUGÍA MAYOR AMBULATORIA (CMA),0-4,25,0.0,0.0,0.0,0.0,0.0,0.0,0.0,0.0,25
2021,autismo_F840,solo_secundario,CIRUGÍA MAYOR AMBULATORIA (CMA),10-14,31,0.0967741935483871,0.3005371535187643,0.0,0.0,0.0,0.0,1.0,3.0,28
2021,autismo_F840,solo_secundario,CIRUGÍA MAYOR AMBULATORIA (CMA),15-19,8,0.25,0.4629100498862757,0.0,0.0,0.25,1.0,1.0,2.0,6
2021,autismo_F840,solo_secundario,CIRUGÍA MAYOR AMBULATORIA (CMA),20-29,5,0.0,0.0,0.0,0.0,0.0,0.0,0.0,0.0,5
2021,autismo_F840,solo_secundario,CIRUGÍA MAYOR AMBULATORIA (CMA),30-44,1,0.0,,0.0,0.0,0.0,0.0,0.0,0.0,1
2021,autismo_F840,solo_secundario,CIRUGÍA MAYOR AMBULATORIA (CMA),45+,3,0.0,0.0,0.0,0.0,0.0,0.0,0.0,0.0,3
2021,autismo_F840,solo_secundario,CIRUGÍA MAYOR AMBULATORIA (CMA),5-9,77,0.03896103896103896,0.1947710154567775,0.0,0.0,0.0,0.0,1.0,3.0,74
2021,autismo_F840,solo_secundario,HOSPITALIZACIÓN,0-4,349,6.687679083094556,38.37694759070183,2.0,1.0,5.0,8.0,647.0,2334.0,56
2021,autismo_F840,solo_secundario,HOSPITALIZACIÓN,10-14,434,8.163594470046084,12.972112991198193,3.0,1.0,8.0,20.0,113.0,3543.0,48
2021,autismo_F840,solo_secundario,HOSPITALIZACIÓN,15-19,152,12.782894736842104,17.33079705796427,7.0,2.0,15.25,31.900000000000006,129.0,1943.0,11
2021,autismo_F840,solo_secundario,HOSPITALIZACIÓN,20-29,83,19.337349397590362,45.451737230592975,7.0,2.0,18.5,40.8,384.0,1605.0,8
2021,autismo_F840,solo_secundario,HOSPITALIZACIÓN,30-44,34,12.088235294117647,20.676978337152658,5.0,1.25,13.0,24.499999999999996,108.0,411.0,5
2021,autismo_F840,solo_secundario,HOSPITALIZACIÓN,45+,16,7.5625,6.131544123084603,6.0,4.0,9.25,13.5,26.0,121.0,0
2021,autismo_F840,solo_secundario,HOSPITALIZACIÓN,5-9,491,5.45010183299389,26.193998669850682,2.0,1.0,4.0,9.0,531.0,2676.0,103
2022,autismo_F840,principal,HOSPITALIZACIÓN,0-4,24,3.1666666666666665,9.072973083819337,1.0,0.75,1.25,3.6999999999999993,45.0,76.0,6
2022,autismo_F840,principal,HOSPITALIZACIÓN,10-14,86,19.325581395348838,40.210166072031534,8.0,3.0,18.75,33.5,252.0,1662.0,3
2022,autismo_F840,principal,HOSPITALIZACIÓN,15-19,38,19.710526315789473,28.750471577553668,13.5,3.25,24.75,34.30000000000005,168.0,749.0,3
2022,autismo_F840,principal,HOSPITALIZACIÓN,20-29,21,42.76190476190476,91.96352796728972,14.0,3.0,28.0,87.0,420.0,898.0,3
2022,autismo_F840,principal,HOSPITALIZACIÓN,30-44,6,22.5,24.631280924872748,14.5,2.5,38.5,52.0,60.0,135.0,0
2022,autismo_F840,principal,HOSPITALIZACIÓN,45+,1,8.0,,8.0,8.0,8.0,8.0,8.0,8.0,0
2022,autismo_F840,principal,HOSPITALIZACIÓN,5-9,26,3.1153846153846154,3.397963190817971,1.0,1.0,4.75,8.0,12.0,81.0,2
2022,autismo_F840,solo_secundario,CIRUGÍA MAYOR AMBULATORIA (CMA),0-4,57,0.03508771929824561,0.18563715383027588,0.0,0.0,0.0,0.0,1.0,2.0,55
2022,autismo_F840,solo_secundario,CIRUGÍA MAYOR AMBULATORIA (CMA),10-14,62,0.0,0.0,0.0,0.0,0.0,0.0,0.0,0.0,62
2022,autismo_F840,solo_secundario,CIRUGÍA MAYOR AMBULATORIA (CMA),15-19,16,0.125,0.3415650255319866,0.0,0.0,0.0,0.5,1.0,2.0,14
2022,autismo_F840,solo_secundario,CIRUGÍA MAYOR AMBULATORIA (CMA),20-29,11,0.18181818181818182,0.40451991747794525,0.0,0.0,0.0,1.0,1.0,2.0,9
2022,autismo_F840,solo_secundario,CIRUGÍA MAYOR AMBULATORIA (CMA),30-44,2,0.0,0.0,0.0,0.0,0.0,0.0,0.0,0.0,2
2022,autismo_F840,solo_secundario,CIRUGÍA MAYOR AMBULATORIA (CMA),45+,4,0.25,0.5,0.0,0.0,0.25,0.7000000000000002,1.0,1.0,3
2022,autismo_F840,solo_secundario,CIRUGÍA MAYOR AMBULATORIA (CMA),5-9,150,0.013333333333333334,0.11508191810497582,0.0,0.0,0.0,0.0,1.0,2.0,148
2022,autismo_F840,solo_secundario,HOSPITALIZACIÓN,0-4,700,4.981428571428571,27.960752141726868,2.0,1.0,5.0,9.0,728.0,3487.0,99
2022,autismo_F840,solo_secundario,HOSPITALIZACIÓN,10-14,604,6.433774834437086,9.374496204783217,3.0,1.0,8.0,16.0,103.0,3886.0,74
2022,autismo_F840,solo_secundario,HOSPITALIZACIÓN,15-19,287,12.0801393728223,18.998818218162967,5.0,1.0,16.0,29.0,188.0,3467.0,26
2022,autismo_F840,solo_secundario,HOSPITALIZACIÓN,20-29,107,13.130841121495328,19.086241271911394,7.0,2.5,18.0,30.0,159.0,1405.0,9
2022,autismo_F840,solo_secundario,HOSPITALIZACIÓN,30-44,56,9.589285714285714,12.88519486671609,5.0,2.0,12.0,22.0,79.0,537.0,4
2022,autismo_F840,solo_secundario,HOSPITALIZACIÓN,45+,13,8.538461538461538,12.679480697932023,4.0,3.0,8.0,16.000000000000007,48.0,111.0,0
2022,autismo_F840,solo_secundario,HOSPITALIZACIÓN,5-9,790,4.439240506329114,11.285475458744136,2.0,1.0,5.0,9.0,191.0,3507.0,147
2023,autismo_F840,principal,HOSPITALIZACIÓN,0-4,21,1.4761904761904763,1.9395630337539334,1.0,1.0,1.0,2.0,9.0,31.0,4
2023,autismo_F840,principal,HOSPITALIZACIÓN,10-14,76,10.986842105263158,12.389773655239638,6.0,2.0,15.0,28.0,63.0,835.0,2
2023,autismo_F840,principal,HOSPITALIZACIÓN,15-19,93,12.56989247311828,28.20283590792214,4.0,2.0,16.0,27.0,255.0,1169.0,2
2023,autismo_F840,principal,HOSPITALIZACIÓN,20-29,16,62.3125,127.41623065109614,15.5,8.25,46.75,126.0,506.0,997.0,0
2023,autismo_F840,principal,HOSPITALIZACIÓN,30-44,9,10.555555555555555,17.791227551177514,4.0,2.0,5.0,25.60000000000001,56.0,95.0,0
2023,autismo_F840,principal,HOSPITALIZACIÓN,5-9,38,4.894736842105263,5.727078750109634,2.0,1.0,6.75,10.800000000000026,24.0,186.0,2
2023,autismo_F840,solo_secundario,CIRUGÍA MAYOR AMBULATORIA (CMA),0-4,106,0.02830188679245283,0.16662173698080737,0.0,0.0,0.0,0.0,1.0,3.0,103
2023,autismo_F840,solo_secundario,CIRUGÍA MAYOR AMBULATORIA (CMA),10-14,106,0.03773584905660377,0.19146195951337386,0.0,0.0,0.0,0.0,1.0,4.0,102
2023,autismo_F840,solo_secundario,CIRUGÍA MAYOR AMBULATORIA (CMA),15-19,38,0.05263157894736842,0.22629428592141426,0.0,0.0,0.0,0.0,1.0,2.0,36
2023,autismo_F840,solo_secundario,CIRUGÍA MAYOR AMBULATORIA (CMA),20-29,16,0.1875,0.40311288741492746,0.0,0.0,0.0,1.0,1.0,3.0,13
2023,autismo_F840,solo_secundario,CIRUGÍA MAYOR AMBULATORIA (CMA),30-44,8,0.125,0.3535533905932738,0.0,0.0,0.0,0.2999999999999998,1.0,1.0,7
2023,autismo_F840,solo_secundario,CIRUGÍA MAYOR AMBULATORIA (CMA),5-9,307,0.003257328990228013,0.057073014553534966,0.0,0.0,0.0,0.0,1.0,1.0,306
2023,autismo_F840,solo_secundario,HOSPITALIZACIÓN,0-4,1096,4.684306569343065,8.053517911545951,3.0,1.0,5.0,9.0,125.0,5134.0,113
2023,autismo_F840,solo_secundario,HOSPITALIZACIÓN,10-14,1093,7.373284537968893,12.026059155738245,4.0,1.0,8.0,17.0,112.0,8059.0,101
2023,autismo_F840,solo_secundario,HOSPITALIZACIÓN,15-19,577,10.743500866551127,14.426540340458542,6.0,2.0,16.0,27.399999999999977,187.0,6199.0,35
2023,autismo_F840,solo_secundario,HOSPITALIZACIÓN,20-29,245,12.971428571428572,40.713754875540204,5.0,2.0,13.0,25.0,592.0,3178.0,10
2023,autismo_F840,solo_secundario,HOSPITALIZACIÓN,30-44,100,10.75,14.75892128767403,6.0,3.0,12.25,22.200000000000017,94.0,1075.0,6
2023,autismo_F840,solo_secundario,HOSPITALIZACIÓN,45+,33,10.969696969696969,14.829204396403165,7.0,2.0,11.0,16.0,60.0,362.0,1
2023,autismo_F840,solo_secundario,HOSPITALIZACIÓN,5-9,1347,4.55902004454343,8.049902766593137,3.0,1.0,5.0,9.0,113.0,6141.0,186
2024,autismo_F840,principal,HOSPITALIZACIÓN,0-4,13,1.8461538461538463,1.9081471748860568,1.0,1.0,3.0,4.600000000000001,6.0,24.0,3
2024,autismo_F840,principal,HOSPITALIZACIÓN,10-14,121,9.619834710743802,10.809915354546112,6.0,2.0,13.0,24.0,60.0,1164.0,3
2024,autismo_F840,principal,HOSPITALIZACIÓN,15-19,66,17.37878787878788,23.426326512980513,8.5,2.0,20.75,48.5,116.0,1147.0,9
2024,autismo_F840,principal,HOSPITALIZACIÓN,20-29,19,18.105263157894736,21.568739562519397,11.0,2.0,23.5,55.19999999999999,71.0,344.0,0
2024,autismo_F840,principal,HOSPITALIZACIÓN,30-44,8,40.25,45.8841709400654,16.5,11.5,53.25,98.99999999999999,134.0,322.0,0
2024,autismo_F840,principal,HOSPITALIZACIÓN,45+,1,261.0,,261.0,261.0,261.0,261.0,261.0,261.0,0
2024,autismo_F840,principal,HOSPITALIZACIÓN,5-9,51,3.6666666666666665,5.406169315390211,1.0,1.0,5.0,9.0,28.0,187.0,8
2024,autismo_F840,solo_secundario,CIRUGÍA MAYOR AMBULATORIA (CMA),0-4,135,0.014814814814814815,0.1212611087500905,0.0,0.0,0.0,0.0,1.0,2.0,133
2024,autismo_F840,solo_secundario,CIRUGÍA MAYOR AMBULATORIA (CMA),10-14,182,0.01098901098901099,0.10453850114247813,0.0,0.0,0.0,0.0,1.0,2.0,180
2024,autismo_F840,solo_secundario,CIRUGÍA MAYOR AMBULATORIA (CMA),15-19,59,0.1016949152542373,0.3048411261871976,0.0,0.0,0.0,0.20000000000000284,1.0,6.0,53
2024,autismo_F840,solo_secundario,CIRUGÍA MAYOR AMBULATORIA (CMA),20-29,32,0.1875,0.396557769456266,0.0,0.0,0.0,1.0,1.0,6.0,26
2024,autismo_F840,solo_secundario,CIRUGÍA MAYOR AMBULATORIA (CMA),30-44,18,0.3888888888888889,0.5016313257045503,0.0,0.0,1.0,1.0,1.0,7.0,11
2024,autismo_F840,solo_secundario,CIRUGÍA MAYOR AMBULATORIA (CMA),45+,3,0.0,0.0,0.0,0.0,0.0,0.0,0.0,0.0,3
2024,autismo_F840,solo_secundario,CIRUGÍA MAYOR AMBULATORIA (CMA),5-9,588,0.02040816326530612,0.14151228744222796,0.0,0.0,0.0,0.0,1.0,12.0,576
2024,autismo_F840,solo_secundario,HOSPITALIZACIÓN,0-4,1013,4.2724580454096746,9.150844017071309,2.0,1.0,4.0,8.0,154.0,4328.0,113
2024,autismo_F840,solo_secundario,HOSPITALIZACIÓN,10-14,1659,7.403857745629898,11.266146844543398,3.0,1.0,9.0,19.0,183.0,12283.0,154
2024,autismo_F840,solo_secundario,HOSPITALIZACIÓN,15-19,899,10.506117908787541,15.283902632467033,6.0,2.0,14.0,25.200000000000045,154.0,9445.0,74
2024,autismo_F840,solo_secundario,HOSPITALIZACIÓN,20-29,387,12.509043927648579,21.38753682561358,6.0,2.0,14.0,30.0,271.0,4841.0,14
2024,autismo_F840,solo_secundario,HOSPITALIZACIÓN,30-44,141,16.29078014184397,47.771859470238084,7.0,3.0,16.0,34.0,552.0,2297.0,4
2024,autismo_F840,solo_secundario,HOSPITALIZACIÓN,45+,44,13.568181818181818,16.004937795150546,9.0,3.0,16.0,38.10000000000001,76.0,597.0,2
2024,autismo_F840,solo_secundario,HOSPITALIZACIÓN,5-9,1790,4.135195530726257,7.2112297789914654,2.0,1.0,5.0,8.0,172.0,7402.0,211
2019,TEA_operacional,principal,CIRUGÍA MAYOR AMBULATORIA (CMA),0-4,1,0.0,,0.0,0.0,0.0,0.0,0.0,0.0,1
2019,TEA_operacional,principal,HOSPITALIZACIÓN,0-4,19,1.2105263157894737,2.175084860884003,0.0,0.0,1.0,3.799999999999997,7.0,23.0,10
2019,TEA_operacional,principal,HOSPITALIZACIÓN,10-14,67,13.059701492537313,17.11713707743573,6.0,1.0,18.0,29.4,77.0,875.0,6
2019,TEA_operacional,principal,HOSPITALIZACIÓN,15-19,47,27.29787234042553,41.48227221860118,16.0,2.0,28.0,64.79999999999998,196.0,1283.0,3
2019,TEA_operacional,principal,HOSPITALIZACIÓN,20-29,31,22.387096774193548,17.611885038906422,17.0,6.0,34.0,43.0,63.0,694.0,1
2019,TEA_operacional,principal,HOSPITALIZACIÓN,30-44,6,19.166666666666668,20.769368470578655,15.0,8.75,16.0,38.0,60.0,115.0,0
2019,TEA_operacional,principal,HOSPITALIZACIÓN,45+,1,13.0,,13.0,13.0,13.0,13.0,13.0,13.0,0
2019,TEA_operacional,principal,HOSPITALIZACIÓN,5-9,26,5.230769230769231,8.626970232046439,2.5,1.0,6.0,8.0,37.0,136.0,4
2019,TEA_operacional,principal,HOSPITALIZACIÓN DIURNA,0-4,1,0.0,,0.0,0.0,0.0,0.0,0.0,0.0,1
2019,TEA_operacional,principal,HOSPITALIZACIÓN DIURNA,5-9,7,0.0,0.0,0.0,0.0,0.0,0.0,0.0,0.0,7
2019,TEA_operacional,principal,HOSPITALIZACIÓN EN URGENCIA,10-14,5,5.8,9.093954035511725,2.0,1.0,3.0,14.400000000000002,22.0,29.0,0
2019,TEA_operacional,principal,HOSPITALIZACIÓN EN URGENCIA,15-19,5,3.6,3.646916505762094,2.0,1.0,7.0,7.6,8.0,18.0,1
2019,TEA_operacional,principal,HOSPITALIZACIÓN EN URGENCIA,20-29,4,4.25,2.5,4.5,3.25,5.5,6.4,7.0,17.0,0
2019,TEA_operacional,principal,HOSPITALIZACIÓN EN URGENCIA,5-9,1,2.0,,2.0,2.0,2.0,2.0,2.0,2.0,0
2019,TEA_operacional,principal_y_secundario,HOSPITALIZACIÓN,0-4,2,2.0,1.4142135623730951,2.0,1.5,2.5,2.8,3.0,4.0,0
2019,TEA_operacional,principal_y_secundario,HOSPITALIZACIÓN,10-14,1,3.0,,3.0,3.0,3.0,3.0,3.0,3.0,0
2019,TEA_operacional,principal_y_secundario,HOSPITALIZACIÓN,15-19,1,59.0,,59.0,59.0,59.0,59.0,59.0,59.0,0
2019,TEA_operacional,principal_y_secundario,HOSPITALIZACIÓN,20-29,1,30.0,,30.0,30.0,30.0,30.0,30.0,30.0,0
2019,TEA_operacional,principal_y_secundario,HOSPITALIZACIÓN,30-44,1,26.0,,26.0,26.0,26.0,26.0,26.0,26.0,0
2019,TEA_operacional,solo_secundario,CIRUGÍA MAYOR AMBULATORIA (CMA),0-4,34,0.0,0.0,0.0,0.0,0.0,0.0,0.0,0.0,34
2019,TEA_operacional,solo_secundario,CIRUGÍA MAYOR AMBULATORIA (CMA),10-14,28,0.07142857142857142,0.262265264156481,0.0,0.0,0.0,0.0,1.0,2.0,26
2019,TEA_operacional,solo_secundario,CIRUGÍA MAYOR AMBULATORIA (CMA),15-19,12,0.16666666666666666,0.3892494720807615,0.0,0.0,0.0,0.9000000000000004,1.0,2.0,10
2019,TEA_operacional,solo_secundario,CIRUGÍA MAYOR AMBULATORIA (CMA),20-29,10,0.2,0.4216370213557839,0.0,0.0,0.0,1.0,1.0,2.0,8
2019,TEA_operacional,solo_secundario,CIRUGÍA MAYOR AMBULATORIA (CMA),30-44,2,0.5,0.7071067811865476,0.5,0.25,0.75,0.9,1.0,1.0,1
2019,TEA_operacional,solo_secundario,CIRUGÍA MAYOR AMBULATORIA (CMA),45+,5,0.0,0.0,0.0,0.0,0.0,0.0,0.0,0.0,5
2019,TEA_operacional,solo_secundario,CIRUGÍA MAYOR AMBULATORIA (CMA),5-9,76,0.013157894736842105,0.1147078669352809,0.0,0.0,0.0,0.0,1.0,1.0,75
2019,TEA_operacional,solo_secundario,HOSPITALIZACIÓN,0-4,502,9.683266932270916,40.984847972851455,3.0,1.0,6.0,13.900000000000034,557.0,4861.0,72
2019,TEA_operacional,solo_secundario,HOSPITALIZACIÓN,10-14,379,8.313984168865435,20.47928595268946,3.0,1.0,7.0,21.0,247.0,3151.0,52
2019,TEA_operacional,solo_secundario,HOSPITALIZACIÓN,15-19,143,12.825174825174825,21.48249031034367,5.0,1.0,14.0,32.599999999999994,156.0,1834.0,20
2019,TEA_operacional,solo_secundario,HOSPITALIZACIÓN,20-29,95,15.294736842105262,27.55029199529028,5.0,2.0,15.5,36.400000000000034,158.0,1453.0,7
2019,TEA_operacional,solo_secundario,HOSPITALIZACIÓN,30-44,45,12.088888888888889,24.97892040594358,5.0,2.0,11.0,28.6,160.0,544.0,5
2019,TEA_operacional,solo_secundario,HOSPITALIZACIÓN,45+,15,15.066666666666666,13.672008247649996,9.0,7.0,21.0,33.8,48.0,226.0,0
2019,TEA_operacional,solo_secundario,HOSPITALIZACIÓN,5-9,520,4.615384615384615,11.437951643952548,2.0,1.0,4.0,9.0,157.0,2400.0,98
2019,TEA_operacional,solo_secundario,HOSPITALIZACIÓN DIURNA,0-4,24,0.0,0.0,0.0,0.0,0.0,0.0,0.0,0.0,24
2019,TEA_operacional,solo_secundario,HOSPITALIZACIÓN DIURNA,10-14,34,0.0,0.0,0.0,0.0,0.0,0.0,0.0,0.0,34
2019,TEA_operacional,solo_secundario,HOSPITALIZACIÓN DIURNA,15-19,15,0.06666666666666667,0.2581988897471611,0.0,0.0,0.0,0.0,1.0,1.0,14
2019,TEA_operacional,solo_secundario,HOSPITALIZACIÓN DIURNA,20-29,11,1.0,3.3166247903554,0.0,0.0,0.0,0.0,11.0,11.0,10
2019,TEA_operacional,solo_secundario,HOSPITALIZACIÓN DIURNA,30-44,11,0.0,0.0,0.0,0.0,0.0,0.0,0.0,0.0,11
2019,TEA_operacional,solo_secundario,HOSPITALIZACIÓN DIURNA,45+,1,1.0,,1.0,1.0,1.0,1.0,1.0,1.0,0
2019,TEA_operacional,solo_secundario,HOSPITALIZACIÓN DIURNA,5-9,59,0.0,0.0,0.0,0.0,0.0,0.0,0.0,0.0,59
2019,TEA_operacional,solo_secundario,HOSPITALIZACIÓN EN URGENCIA,0-4,9,1.1111111111111112,1.2692955176439846,1.0,0.0,2.0,3.0,3.0,10.0,4
2019,TEA_operacional,solo_secundario,HOSPITALIZACIÓN EN URGENCIA,10-14,12,2.8333333333333335,3.588702812826367,1.0,0.0,4.25,7.700000000000001,11.0,34.0,4
2019,TEA_operacional,solo_secundario,HOSPITALIZACIÓN EN URGENCIA,15-19,20,2.85,3.74552364408784,2.0,0.0,4.0,4.6000000000000085,15.0,57.0,6
2019,TEA_operacional,solo_secundario,HOSPITALIZACIÓN EN URGENCIA,20-29,11,4.2727272727272725,3.9772077916777016,3.0,1.5,6.0,10.0,12.0,47.0,1
2019,TEA_operacional,solo_secundario,HOSPITALIZACIÓN EN URGENCIA,30-44,4,0.5,0.5773502691896257,0.5,0.0,1.0,1.0,1.0,2.0,2
2019,TEA_operacional,solo_secundario,HOSPITALIZACIÓN EN URGENCIA,45+,3,1.0,1.0,1.0,0.5,1.5,1.8,2.0,3.0,1
2019,TEA_operacional,solo_secundario,HOSPITALIZACIÓN EN URGENCIA,5-9,17,1.0,1.1726039399558574,1.0,0.0,1.0,2.4000000000000004,4.0,17.0,7
2020,TEA_operacional,principal,CIRUGÍA MAYOR AMBULATORIA (CMA),10-14,1,0.0,,0.0,0.0,0.0,0.0,0.0,0.0,1
2020,TEA_operacional,principal,CIRUGÍA MAYOR AMBULATORIA (CMA),5-9,1,0.0,,0.0,0.0,0.0,0.0,0.0,0.0,1
2020,TEA_operacional,principal,HOSPITALIZACIÓN,0-4,11,3.0,3.286335345030997,1.0,0.5,5.5,7.0,9.0,33.0,3
2020,TEA_operacional,principal,HOSPITALIZACIÓN,10-14,49,22.346938775510203,61.15266109650236,5.0,3.0,18.0,36.60000000000002,413.0,1095.0,4
2020,TEA_operacional,principal,HOSPITALIZACIÓN,15-19,42,41.0,93.9153744653963,18.5,7.5,31.75,82.59999999999997,591.0,1722.0,0
2020,TEA_operacional,principal,HOSPITALIZACIÓN,20-29,20,18.0,13.626599374984053,14.5,7.25,24.0,39.2,43.0,360.0,0
2020,TEA_operacional,principal,HOSPITALIZACIÓN,30-44,5,205.6,340.773091660712,47.0,22.0,148.0,543.4000000000001,807.0,1028.0,0
2020,TEA_operacional,principal,HOSPITALIZACIÓN,5-9,23,3.5652173913043477,3.159776847076413,3.0,1.0,5.5,6.0,14.0,82.0,4
2020,TEA_operacional,principal_y_secundario,HOSPITALIZACIÓN,10-14,5,69.6,117.93345581301347,19.0,12.0,30.0,180.00000000000003,280.0,348.0,0
2020,TEA_operacional,solo_secundario,CIRUGÍA MAYOR AMBULATORIA (CMA),0-4,16,0.0625,0.24999999999999997,0.0,0.0,0.0,0.0,1.0,1.0,15
2020,TEA_operacional,solo_secundario,CIRUGÍA MAYOR AMBULATORIA (CMA),10-14,16,0.0,0.0,0.0,0.0,0.0,0.0,0.0,0.0,16
2020,TEA_operacional,solo_secundario,CIRUGÍA MAYOR AMBULATORIA (CMA),15-19,3,0.0,0.0,0.0,0.0,0.0,0.0,0.0,0.0,3
2020,TEA_operacional,solo_secundario,CIRUGÍA MAYOR AMBULATORIA (CMA),20-29,5,0.2,0.4472135954999579,0.0,0.0,0.0,0.6000000000000001,1.0,1.0,4
2020,TEA_operacional,solo_secundario,CIRUGÍA MAYOR AMBULATORIA (CMA),30-44,2,0.0,0.0,0.0,0.0,0.0,0.0,0.0,0.0,2
2020,TEA_operacional,solo_secundario,CIRUGÍA MAYOR AMBULATORIA (CMA),45+,1,1.0,,1.0,1.0,1.0,1.0,1.0,1.0,0
2020,TEA_operacional,solo_secundario,CIRUGÍA MAYOR AMBULATORIA (CMA),5-9,38,0.02631578947368421,0.16222142113076252,0.0,0.0,0.0,0.0,1.0,1.0,37
2020,TEA_operacional,solo_secundario,HOSPITALIZACIÓN,0-4,329,18.70820668693009,113.34065299560146,3.0,1.0,7.0,18.599999999999966,1463.0,6155.0,39
2020,TEA_operacional,solo_secundario,HOSPITALIZACIÓN,10-14,348,7.560344827586207,14.364514871335553,4.0,1.0,8.0,17.0,150.0,2631.0,35
2020,TEA_operacional,solo_secundario,HOSPITALIZACIÓN,15-19,170,16.53529411764706,41.33799835382876,7.0,2.0,16.0,35.099999999999994,480.0,2811.0,16
2020,TEA_operacional,solo_secundario,HOSPITALIZACIÓN,20-29,80,15.2,18.71802759272528,6.0,3.0,24.0,38.300000000000026,85.0,1216.0,4
2020,TEA_operacional,solo_secundario,HOSPITALIZACIÓN,30-44,55,7.909090909090909,10.741530215964174,4.0,2.0,9.0,26.400000000000006,54.0,435.0,7
2020,TEA_operacional,solo_secundario,HOSPITALIZACIÓN,45+,14,12.285714285714286,7.569458586761889,12.0,6.0,18.25,21.0,26.0,172.0,0
2020,TEA_operacional,solo_secundario,HOSPITALIZACIÓN,5-9,364,4.197802197802198,7.2810101019032505,2.0,1.0,5.0,8.0,68.0,1528.0,53
2021,TEA_operacional,principal,HOSPITALIZACIÓN,0-4,25,1.52,1.8734993995195195,1.0,1.0,1.0,3.0,9.0,38.0,3
2021,TEA_operacional,principal,HOSPITALIZACIÓN,10-14,41,28.5609756097561,54.93498374464481,12.0,3.0,28.0,62.0,321.0,1171.0,3
2021,TEA_operacional,principal,HOSPITALIZACIÓN,15-19,43,61.30232558139535,222.6748146731035,14.0,6.0,25.0,55.40000000000001,1444.0,2636.0,1
2021,TEA_operacional,principal,HOSPITALIZACIÓN,20-29,29,26.862068965517242,22.35544698395039,19.0,9.0,38.0,59.599999999999994,78.0,779.0,0
2021,TEA_operacional,principal,HOSPITALIZACIÓN,30-44,18,31.666666666666668,48.66814394749524,18.5,12.25,29.5,48.80000000000001,218.0,570.0,0
2021,TEA_operacional,principal,HOSPITALIZACIÓN,5-9,27,4.37037037037037,7.781378897718421,1.0,0.0,5.0,11.800000000000004,37.0,118.0,9
2021,TEA_operacional,principal_y_secundario,HOSPITALIZACIÓN,10-14,2,33.0,43.840620433565945,33.0,17.5,48.5,57.800000000000004,64.0,66.0,0
2021,TEA_operacional,principal_y_secundario,HOSPITALIZACIÓN,15-19,1,32.0,,32.0,32.0,32.0,32.0,32.0,32.0,0
2021,TEA_operacional,solo_secundario,CIRUGÍA MAYOR AMBULATORIA (CMA),0-4,27,0.0,0.0,0.0,0.0,0.0,0.0,0.0,0.0,27
2021,TEA_operacional,solo_secundario,CIRUGÍA MAYOR AMBULATORIA (CMA),10-14,41,0.07317073170731707,0.2636516548818748,0.0,0.0,0.0,0.0,1.0,3.0,38
2021,TEA_operacional,solo_secundario,CIRUGÍA MAYOR AMBULATORIA (CMA),15-19,10,0.2,0.4216370213557839,0.0,0.0,0.0,1.0,1.0,2.0,8
2021,TEA_operacional,solo_secundario,CIRUGÍA MAYOR AMBULATORIA (CMA),20-29,6,0.16666666666666666,0.408248290463863,0.0,0.0,0.0,0.5,1.0,1.0,5
2021,TEA_operacional,solo_secundario,CIRUGÍA MAYOR AMBULATORIA (CMA),30-44,1,0.0,,0.0,0.0,0.0,0.0,0.0,0.0,1
2021,TEA_operacional,solo_secundario,CIRUGÍA MAYOR AMBULATORIA (CMA),45+,3,0.0,0.0,0.0,0.0,0.0,0.0,0.0,0.0,3
2021,TEA_operacional,solo_secundario,CIRUGÍA MAYOR AMBULATORIA (CMA),5-9,89,0.0449438202247191,0.2083546124645194,0.0,0.0,0.0,0.0,1.0,4.0,85
2021,TEA_operacional,solo_secundario,HOSPITALIZACIÓN,0-4,422,10.545023696682465,50.912216486115874,2.0,1.0,5.0,10.0,647.0,4450.0,63
2021,TEA_operacional,solo_secundario,HOSPITALIZACIÓN,10-14,549,9.001821493624773,31.41757255564543,3.0,1.0,8.0,20.0,686.0,4942.0,57
2021,TEA_operacional,solo_secundario,HOSPITALIZACIÓN,15-19,221,12.049773755656108,16.246181717656807,7.0,2.0,15.0,30.0,129.0,2663.0,16
2021,TEA_operacional,solo_secundario,HOSPITALIZACIÓN,20-29,141,19.27659574468085,41.75029621502767,7.0,2.0,20.0,41.0,384.0,2718.0,10
2021,TEA_operacional,solo_secundario,HOSPITALIZACIÓN,30-44,58,13.637931034482758,31.49642044594022,5.0,2.0,12.5,23.900000000000013,213.0,791.0,6
2021,TEA_operacional,solo_secundario,HOSPITALIZACIÓN,45+,29,9.793103448275861,8.570628041434917,7.0,4.0,12.0,17.199999999999992,34.0,284.0,1
2021,TEA_operacional,solo_secundario,HOSPITALIZACIÓN,5-9,572,5.258741258741258,24.4075763514426,2.0,1.0,4.0,8.0,531.0,3008.0,114
2022,TEA_operacional,principal,HOSPITALIZACIÓN,0-4,31,2.7419354838709675,8.00403124238232,1.0,1.0,1.0,4.0,45.0,85.0,7
2022,TEA_operacional,principal,HOSPITALIZACIÓN,10-14,98,18.918367346938776,37.829970519046306,9.0,3.0,19.75,32.89999999999999,252.0,1854.0,3
2022,TEA_operacional,principal,HOSPITALIZACIÓN,15-19,70,15.228571428571428,22.773727189538377,9.5,3.0,20.75,28.300000000000004,168.0,1066.0,4
2022,TEA_operacional,principal,HOSPITALIZACIÓN,20-29,35,35.457142857142856,77.05091626631699,10.0,3.5,26.5,77.80000000000004,420.0,1241.0,3
2022,TEA_operacional,principal,HOSPITALIZACIÓN,30-44,20,25.95,20.66900807336535,21.0,7.0,41.0,56.400000000000006,62.0,519.0,0
2022,TEA_operacional,principal,HOSPITALIZACIÓN,45+,4,20.0,15.383974345619102,15.0,10.25,24.75,35.1,42.0,80.0,0
2022,TEA_operacional,principal,HOSPITALIZACIÓN,5-9,28,3.2142857142857144,3.4249319307336217,1.0,1.0,5.0,8.0,12.0,90.0,2
2022,TEA_operacional,principal_y_secundario,HOSPITALIZACIÓN,0-4,1,1.0,,1.0,1.0,1.0,1.0,1.0,1.0,0
2022,TEA_operacional,principal_y_secundario,HOSPITALIZACIÓN,10-14,2,6.5,6.363961030678928,6.5,4.25,8.75,10.1,11.0,13.0,0
2022,TEA_operacional,principal_y_secundario,HOSPITALIZACIÓN,15-19,2,20.5,4.949747468305833,20.5,18.75,22.25,23.3,24.0,41.0,0
2022,TEA_operacional,principal_y_secundario,HOSPITALIZACIÓN,20-29,1,27.0,,27.0,27.0,27.0,27.0,27.0,27.0,0
2022,TEA_operacional,principal_y_secundario,HOSPITALIZACIÓN,30-44,1,48.0,,48.0,48.0,48.0,48.0,48.0,48.0,0
2022,TEA_operacional,principal_y_secundario,HOSPITALIZACIÓN,5-9,1,1.0,,1.0,1.0,1.0,1.0,1.0,1.0,0
2022,TEA_operacional,solo_secundario,CIRUGÍA MAYOR AMBULATORIA (CMA),0-4,64,0.03125,0.17536809360305045,0.0,0.0,0.0,0.0,1.0,2.0,62
2022,TEA_operacional,solo_secundario,CIRUGÍA MAYOR AMBULATORIA (CMA),10-14,73,0.0,0.0,0.0,0.0,0.0,0.0,0.0,0.0,73
2022,TEA_operacional,solo_secundario,CIRUGÍA MAYOR AMBULATORIA (CMA),15-19,20,0.2,0.41039134083406165,0.0,0.0,0.0,1.0,1.0,4.0,16
2022,TEA_operacional,solo_secundario,CIRUGÍA MAYOR AMBULATORIA (CMA),20-29,17,0.11764705882352941,0.3321055820775357,0.0,0.0,0.0,0.40000000000000036,1.0,2.0,15
2022,TEA_operacional,solo_secundario,CIRUGÍA MAYOR AMBULATORIA (CMA),30-44,4,0.25,0.5,0.0,0.0,0.25,0.7000000000000002,1.0,1.0,3
2022,TEA_operacional,solo_secundario,CIRUGÍA MAYOR AMBULATORIA (CMA),45+,4,0.25,0.5,0.0,0.0,0.25,0.7000000000000002,1.0,1.0,3
2022,TEA_operacional,solo_secundario,CIRUGÍA MAYOR AMBULATORIA (CMA),5-9,166,0.024096385542168676,0.15381244891556073,0.0,0.0,0.0,0.0,1.0,4.0,162
2022,TEA_operacional,solo_secundario,HOSPITALIZACIÓN,0-4,854,6.120608899297424,28.849745718104067,3.0,1.0,5.0,10.0,728.0,5227.0,104
2022,TEA_operacional,solo_secundario,HOSPITALIZACIÓN,10-14,756,6.876984126984127,9.906687788834521,3.0,1.0,8.0,16.5,103.0,5199.0,84
2022,TEA_operacional,solo_secundario,HOSPITALIZACIÓN,15-19,378,12.986772486772487,35.73142276175691,6.0,2.0,15.0,28.0,621.0,4909.0,32
2022,TEA_operacional,solo_secundario,HOSPITALIZACIÓN,20-29,180,16.56111111111111,57.27686009785408,6.5,2.75,15.25,30.0,742.0,2981.0,12
2022,TEA_operacional,solo_secundario,HOSPITALIZACIÓN,30-44,92,11.673913043478262,13.396824862181333,8.0,2.0,15.25,27.0,79.0,1074.0,5
2022,TEA_operacional,solo_secundario,HOSPITALIZACIÓN,45+,35,9.82857142857143,11.825908034495114,6.0,3.0,10.0,24.000000000000014,48.0,344.0,1
2022,TEA_operacional,solo_secundario,HOSPITALIZACIÓN,5-9,914,4.37964989059081,10.62036634289772,2.0,1.0,5.0,9.0,191.0,4003.0,154
2023,TEA_operacional,principal,HOSPITALIZACIÓN,0-4,22,1.7727272727272727,2.3488967659980324,1.0,1.0,1.75,3.8000000000000043,9.0,39.0,4
2023,TEA_operacional,principal,HOSPITALIZACIÓN,10-14,90,12.044444444444444,14.259955017587556,7.0,2.25,15.75,28.10000000000001,85.0,1084.0,1
2023,TEA_operacional,principal,HOSPITALIZACIÓN,15-19,137,11.97080291970803,25.185471303744862,4.0,1.0,15.0,27.400000000000006,255.0,1640.0,2
2023,TEA_operacional,principal,HOSPITALIZACIÓN,20-29,41,45.073170731707314,82.60036024252632,19.0,9.0,56.0,74.0,506.0,1848.0,0
2023,TEA_operacional,principal,HOSPITALIZACIÓN,30-44,19,14.421052631578947,16.422598892561584,6.0,3.5,19.5,42.4,56.0,274.0,0
2023,TEA_operacional,principal,HOSPITALIZACIÓN,45+,1,5.0,,5.0,5.0,5.0,5.0,5.0,5.0,0
2023,TEA_operacional,principal,HOSPITALIZACIÓN,5-9,41,4.609756097560975,5.603026185823548,2.0,1.0,6.0,9.0,24.0,189.0,2
2023,TEA_operacional,principal_y_secundario,HOSPITALIZACIÓN,10-14,2,3.5,4.949747468305833,3.5,1.75,5.25,6.3,7.0,7.0,1
2023,TEA_operacional,principal_y_secundario,HOSPITALIZACIÓN,15-19,1,4.0,,4.0,4.0,4.0,4.0,4.0,4.0,0
2023,TEA_operacional,principal_y_secundario,HOSPITALIZACIÓN,20-29,4,155.25,291.22313896163314,13.0,7.5,160.75,419.5000000000001,592.0,621.0,0
2023,TEA_operacional,solo_secundario,CIRUGÍA MAYOR AMBULATORIA (CMA),0-4,113,0.02654867256637168,0.16147628038720263,0.0,0.0,0.0,0.0,1.0,3.0,110
2023,TEA_operacional,solo_secundario,CIRUGÍA MAYOR AMBULATORIA (CMA),10-14,113,0.04424778761061947,0.20656115191794608,0.0,0.0,0.0,0.0,1.0,5.0,108
2023,TEA_operacional,solo_secundario,CIRUGÍA MAYOR AMBULATORIA (CMA),15-19,44,0.06818181818181818,0.2549717059293527,0.0,0.0,0.0,0.0,1.0,3.0,41
2023,TEA_operacional,solo_secundario,CIRUGÍA MAYOR AMBULATORIA (CMA),20-29,24,0.125,0.3378319623460881,0.0,0.0,0.0,0.6999999999999993,1.0,3.0,21
2023,TEA_operacional,solo_secundario,CIRUGÍA MAYOR AMBULATORIA (CMA),30-44,12,0.08333333333333333,0.28867513459481287,0.0,0.0,0.0,0.0,1.0,1.0,11
2023,TEA_operacional,solo_secundario,CIRUGÍA MAYOR AMBULATORIA (CMA),45+,1,0.0,,0.0,0.0,0.0,0.0,0.0,0.0,1
2023,TEA_operacional,solo_secundario,CIRUGÍA MAYOR AMBULATORIA (CMA),5-9,323,0.0030959752321981426,0.05564148840746573,0.0,0.0,0.0,0.0,1.0,1.0,322
2023,TEA_operacional,solo_secundario,HOSPITALIZACIÓN,0-4,1295,5.484942084942085,11.957338397562822,3.0,1.0,5.0,10.0,210.0,7103.0,120
2023,TEA_operacional,solo_secundario,HOSPITALIZACIÓN,10-14,1296,7.645833333333333,12.062912225136648,4.0,1.0,8.0,19.0,112.0,9909.0,118
2023,TEA_operacional,solo_secundario,HOSPITALIZACIÓN,15-19,743,10.527590847913864,14.413006273798022,5.0,2.0,15.0,27.800000000000068,187.0,7822.0,41
2023,TEA_operacional,solo_secundario,HOSPITALIZACIÓN,20-29,349,11.355300859598854,17.075890671424485,5.0,2.0,13.0,27.19999999999999,133.0,3963.0,17
2023,TEA_operacional,solo_secundario,HOSPITALIZACIÓN,30-44,148,12.777027027027026,21.720181200289616,5.0,2.75,13.0,24.600000000000023,148.0,1891.0,8
2023,TEA_operacional,solo_secundario,HOSPITALIZACIÓN,45+,58,15.224137931034482,25.72325257287674,7.5,4.25,12.75,41.60000000000001,171.0,883.0,2
2023,TEA_operacional,solo_secundario,HOSPITALIZACIÓN,5-9,1529,4.553956834532374,8.122741271265237,3.0,1.0,5.0,9.0,113.0,6963.0,204
2024,TEA_operacional,principal,HOSPITALIZACIÓN,0-4,16,1.5,1.5055453054181618,1.0,1.0,2.0,3.0,6.0,24.0,3
2024,TEA_operacional,principal,HOSPITALIZACIÓN,10-14,148,9.864864864864865,10.701674259404617,6.5,2.0,13.25,25.0,60.0,1460.0,6
2024,TEA_operacional,principal,HOSPITALIZACIÓN,15-19,85,17.811764705882354,25.43314958944754,9.0,2.0,21.0,44.40000000000008,146.0,1514.0,11
2024,TEA_operacional,principal,HOSPITALIZACIÓN,20-29,50,14.42,16.00011479550656,8.5,4.0,19.0,30.900000000000013,71.0,721.0,0
2024,TEA_operacional,principal,HOSPITALIZACIÓN,30-44,16,41.9375,73.40614756272119,11.0,5.75,40.75,109.0,282.0,671.0,0
2024,TEA_operacional,principal,HOSPITALIZACIÓN,45+,3,89.33333333333333,148.66853511531394,4.0,3.5,132.5,209.60000000000002,261.0,268.0,0
2024,TEA_operacional,principal,HOSPITALIZACIÓN,5-9,53,3.8679245283018866,6.34288740319258,1.0,1.0,5.0,8.600000000000009,31.0,205.0,8
2024,TEA_operacional,principal_y_secundario,HOSPITALIZACIÓN,0-4,1,5.0,,5.0,5.0,5.0,5.0,5.0,5.0,0
2024,TEA_operacional,principal_y_secundario,HOSPITALIZACIÓN,10-14,5,4.2,4.604345773288535,3.0,2.0,4.0,8.8,12.0,21.0,1
2024,TEA_operacional,principal_y_secundario,HOSPITALIZACIÓN,15-19,3,49.666666666666664,72.5074708794434,15.0,8.0,74.0,109.4,133.0,149.0,0
2024,TEA_operacional,principal_y_secundario,HOSPITALIZACIÓN,20-29,4,23.0,27.65260686927485,11.5,7.25,27.25,49.30000000000001,64.0,92.0,0
2024,TEA_operacional,principal_y_secundario,HOSPITALIZACIÓN,30-44,1,39.0,,39.0,39.0,39.0,39.0,39.0,39.0,0
2024,TEA_operacional,principal_y_secundario,HOSPITALIZACIÓN,5-9,1,15.0,,15.0,15.0,15.0,15.0,15.0,15.0,0
2024,TEA_operacional,solo_secundario,CIRUGÍA MAYOR AMBULATORIA (CMA),0-4,150,0.02,0.14046901303903675,0.0,0.0,0.0,0.0,1.0,3.0,147
2024,TEA_operacional,solo_secundario,CIRUGÍA MAYOR AMBULATORIA (CMA),10-14,193,0.02072538860103627,0.1428340099701226,0.0,0.0,0.0,0.0,1.0,4.0,189
2024,TEA_operacional,solo_secundario,CIRUGÍA MAYOR AMBULATORIA (CMA),15-19,67,0.1044776119402985,0.30818768180842854,0.0,0.0,0.0,0.3999999999999986,1.0,7.0,60
2024,TEA_operacional,solo_secundario,CIRUGÍA MAYOR AMBULATORIA (CMA),20-29,39,0.15384615384615385,0.36551776819519566,0.0,0.0,0.0,1.0,1.0,6.0,33
2024,TEA_operacional,solo_secundario,CIRUGÍA MAYOR AMBULATORIA (CMA),30-44,29,0.2413793103448276,0.4354941703556927,0.0,0.0,0.0,1.0,1.0,7.0,22
2024,TEA_operacional,solo_secundario,CIRUGÍA MAYOR AMBULATORIA (CMA),45+,4,0.0,0.0,0.0,0.0,0.0,0.0,0.0,0.0,4
2024,TEA_operacional,solo_secundario,CIRUGÍA MAYOR AMBULATORIA (CMA),5-9,630,0.020634920634920634,0.1422717458001214,0.0,0.0,0.0,0.0,1.0,13.0,617
2024,TEA_operacional,solo_secundario,HOSPITALIZACIÓN,0-4,1250,5.7488,22.90271001127789,3.0,1.0,5.0,9.0,538.0,7186.0,127
2024,TEA_operacional,solo_secundario,HOSPITALIZACIÓN,10-14,1948,7.465605749486653,11.142783809017018,3.5,1.0,9.0,20.0,183.0,14543.0,178
2024,TEA_operacional,solo_secundario,HOSPITALIZACIÓN,15-19,1102,10.609800362976406,14.867144439770145,6.0,2.0,14.0,26.0,154.0,11692.0,81
2024,TEA_operacional,solo_secundario,HOSPITALIZACIÓN,20-29,558,11.048387096774194,18.660901701982038,6.0,2.0,13.0,25.30000000000001,271.0,6165.0,22
2024,TEA_operacional,solo_secundario,HOSPITALIZACIÓN,30-44,213,16.314553990610328,43.44699247481626,7.0,3.0,19.0,34.80000000000001,552.0,3475.0,4
2024,TEA_operacional,solo_secundario,HOSPITALIZACIÓN,45+,85,13.117647058823529,21.866702107643615,7.0,2.0,16.0,30.20000000000006,173.0,1115.0,3
2024,TEA_operacional,solo_secundario,HOSPITALIZACIÓN,5-9,2059,4.259349198640116,7.36450353432316,3.0,1.0,5.0,9.0,172.0,8770.0,234
2019,F84_historico,principal,CIRUGÍA MAYOR AMBULATORIA (CMA),0-4,1,0.0,,0.0,0.0,0.0,0.0,0.0,0.0,1
2019,F84_historico,principal,HOSPITALIZACIÓN,0-4,20,1.4,2.280350850198276,0.5,0.0,1.0,5.200000000000003,7.0,28.0,10
2019,F84_historico,principal,HOSPITALIZACIÓN,10-14,70,12.742857142857142,16.82620946772504,6.0,1.0,17.75,29.1,77.0,892.0,6
2019,F84_historico,principal,HOSPITALIZACIÓN,15-19,48,27.75,41.1579727805471,16.0,2.0,29.25,64.10000000000002,196.0,1332.0,3
2019,F84_historico,principal,HOSPITALIZACIÓN,20-29,33,21.09090909090909,17.824427824553787,16.0,5.0,33.0,43.0,63.0,696.0,2
2019,F84_historico,principal,HOSPITALIZACIÓN,30-44,6,19.166666666666668,20.769368470578655,15.0,8.75,16.0,38.0,60.0,115.0,0
2019,F84_historico,principal,HOSPITALIZACIÓN,45+,1,13.0,,13.0,13.0,13.0,13.0,13.0,13.0,0
2019,F84_historico,principal,HOSPITALIZACIÓN,5-9,30,4.933333333333334,8.068385871703995,2.5,1.0,5.75,8.0,37.0,148.0,4
2019,F84_historico,principal,HOSPITALIZACIÓN DIURNA,0-4,1,0.0,,0.0,0.0,0.0,0.0,0.0,0.0,1
2019,F84_historico,principal,HOSPITALIZACIÓN DIURNA,5-9,7,0.0,0.0,0.0,0.0,0.0,0.0,0.0,0.0,7
2019,F84_historico,principal,HOSPITALIZACIÓN EN URGENCIA,10-14,5,5.8,9.093954035511725,2.0,1.0,3.0,14.400000000000002,22.0,29.0,0
2019,F84_historico,principal,HOSPITALIZACIÓN EN URGENCIA,15-19,7,3.142857142857143,3.132015933791495,2.0,1.0,5.0,7.4,8.0,22.0,1
2019,F84_historico,principal,HOSPITALIZACIÓN EN URGENCIA,20-29,4,4.25,2.5,4.5,3.25,5.5,6.4,7.0,17.0,0
2019,F84_historico,principal,HOSPITALIZACIÓN EN URGENCIA,5-9,1,2.0,,2.0,2.0,2.0,2.0,2.0,2.0,0
2019,F84_historico,principal_y_secundario,HOSPITALIZACIÓN,0-4,2,2.0,1.4142135623730951,2.0,1.5,2.5,2.8,3.0,4.0,0
2019,F84_historico,principal_y_secundario,HOSPITALIZACIÓN,10-14,1,3.0,,3.0,3.0,3.0,3.0,3.0,3.0,0
2019,F84_historico,principal_y_secundario,HOSPITALIZACIÓN,15-19,2,34.0,35.35533905932738,34.0,21.5,46.5,54.0,59.0,68.0,0
2019,F84_historico,principal_y_secundario,HOSPITALIZACIÓN,20-29,1,30.0,,30.0,30.0,30.0,30.0,30.0,30.0,0
2019,F84_historico,principal_y_secundario,HOSPITALIZACIÓN,30-44,1,26.0,,26.0,26.0,26.0,26.0,26.0,26.0,0
2019,F84_historico,solo_secundario,CIRUGÍA MAYOR AMBULATORIA (CMA),0-4,34,0.0,0.0,0.0,0.0,0.0,0.0,0.0,0.0,34
2019,F84_historico,solo_secundario,CIRUGÍA MAYOR AMBULATORIA (CMA),10-14,28,0.07142857142857142,0.262265264156481,0.0,0.0,0.0,0.0,1.0,2.0,26
2019,F84_historico,solo_secundario,CIRUGÍA MAYOR AMBULATORIA (CMA),15-19,12,0.16666666666666666,0.3892494720807615,0.0,0.0,0.0,0.9000000000000004,1.0,2.0,10
2019,F84_historico,solo_secundario,CIRUGÍA MAYOR AMBULATORIA (CMA),20-29,10,0.2,0.4216370213557839,0.0,0.0,0.0,1.0,1.0,2.0,8
2019,F84_historico,solo_secundario,CIRUGÍA MAYOR AMBULATORIA (CMA),30-44,2,0.5,0.7071067811865476,0.5,0.25,0.75,0.9,1.0,1.0,1
2019,F84_historico,solo_secundario,CIRUGÍA MAYOR AMBULATORIA (CMA),45+,5,0.0,0.0,0.0,0.0,0.0,0.0,0.0,0.0,5
2019,F84_historico,solo_secundario,CIRUGÍA MAYOR AMBULATORIA (CMA),5-9,76,0.013157894736842105,0.1147078669352809,0.0,0.0,0.0,0.0,1.0,1.0,75
2019,F84_historico,solo_secundario,HOSPITALIZACIÓN,0-4,508,9.681102362204724,40.75888447775723,3.0,1.0,6.0,14.0,557.0,4918.0,72
2019,F84_historico,solo_secundario,HOSPITALIZACIÓN,10-14,400,8.8975,21.932043454160574,3.0,1.0,7.0,21.100000000000023,247.0,3559.0,52
2019,F84_historico,solo_secundario,HOSPITALIZACIÓN,15-19,147,12.782312925170068,21.320617395389498,5.0,1.0,14.0,33.400000000000006,156.0,1879.0,21
2019,F84_historico,solo_secundario,HOSPITALIZACIÓN,20-29,100,15.05,26.89124186215447,5.5,2.0,15.25,34.400000000000034,158.0,1505.0,7
2019,F84_historico,solo_secundario,HOSPITALIZACIÓN,30-44,48,11.645833333333334,24.244753398949772,5.0,1.75,11.0,28.300000000000004,160.0,559.0,5
2019,F84_historico,solo_secundario,HOSPITALIZACIÓN,45+,16,14.375,13.495060824859838,8.5,5.5,21.0,33.0,48.0,230.0,0
2019,F84_historico,solo_secundario,HOSPITALIZACIÓN,5-9,526,4.665399239543726,11.38997974546965,2.0,1.0,5.0,9.5,157.0,2454.0,98
2019,F84_historico,solo_secundario,HOSPITALIZACIÓN DIURNA,0-4,24,0.0,0.0,0.0,0.0,0.0,0.0,0.0,0.0,24
2019,F84_historico,solo_secundario,HOSPITALIZACIÓN DIURNA,10-14,34,0.0,0.0,0.0,0.0,0.0,0.0,0.0,0.0,34
2019,F84_historico,solo_secundario,HOSPITALIZACIÓN DIURNA,15-19,15,0.06666666666666667,0.2581988897471611,0.0,0.0,0.0,0.0,1.0,1.0,14
2019,F84_historico,solo_secundario,HOSPITALIZACIÓN DIURNA,20-29,11,1.0,3.3166247903554,0.0,0.0,0.0,0.0,11.0,11.0,10
2019,F84_historico,solo_secundario,HOSPITALIZACIÓN DIURNA,30-44,11,0.0,0.0,0.0,0.0,0.0,0.0,0.0,0.0,11
2019,F84_historico,solo_secundario,HOSPITALIZACIÓN DIURNA,45+,1,1.0,,1.0,1.0,1.0,1.0,1.0,1.0,0
2019,F84_historico,solo_secundario,HOSPITALIZACIÓN DIURNA,5-9,60,0.0,0.0,0.0,0.0,0.0,0.0,0.0,0.0,60
2019,F84_historico,solo_secundario,HOSPITALIZACIÓN EN URGENCIA,0-4,9,1.1111111111111112,1.2692955176439846,1.0,0.0,2.0,3.0,3.0,10.0,4
2019,F84_historico,solo_secundario,HOSPITALIZACIÓN EN URGENCIA,10-14,12,2.8333333333333335,3.588702812826367,1.0,0.0,4.25,7.700000000000001,11.0,34.0,4
2019,F84_historico,solo_secundario,HOSPITALIZACIÓN EN URGENCIA,15-19,20,2.85,3.74552364408784,2.0,0.0,4.0,4.6000000000000085,15.0,57.0,6
2019,F84_historico,solo_secundario,HOSPITALIZACIÓN EN URGENCIA,20-29,11,4.2727272727272725,3.9772077916777016,3.0,1.5,6.0,10.0,12.0,47.0,1
2019,F84_historico,solo_secundario,HOSPITALIZACIÓN EN URGENCIA,30-44,4,0.5,0.5773502691896257,0.5,0.0,1.0,1.0,1.0,2.0,2
2019,F84_historico,solo_secundario,HOSPITALIZACIÓN EN URGENCIA,45+,3,1.0,1.0,1.0,0.5,1.5,1.8,2.0,3.0,1
2019,F84_historico,solo_secundario,HOSPITALIZACIÓN EN URGENCIA,5-9,17,1.0,1.1726039399558574,1.0,0.0,1.0,2.4000000000000004,4.0,17.0,7
2020,F84_historico,principal,CIRUGÍA MAYOR AMBULATORIA (CMA),10-14,1,0.0,,0.0,0.0,0.0,0.0,0.0,0.0,1
2020,F84_historico,principal,CIRUGÍA MAYOR AMBULATORIA (CMA),5-9,1,0.0,,0.0,0.0,0.0,0.0,0.0,0.0,1
2020,F84_historico,principal,HOSPITALIZACIÓN,0-4,12,4.75,6.326351813859808,2.0,0.75,7.0,8.8,22.0,57.0,3
2020,F84_historico,principal,HOSPITALIZACIÓN,10-14,50,21.92,60.600680268290645,5.0,3.0,17.5,35.80000000000001,413.0,1096.0,4
2020,F84_historico,principal,HOSPITALIZACIÓN,15-19,42,41.0,93.9153744653963,18.5,7.5,31.75,82.59999999999997,591.0,1722.0,0
2020,F84_historico,principal,HOSPITALIZACIÓN,20-29,20,18.0,13.626599374984053,14.5,7.25,24.0,39.2,43.0,360.0,0
2020,F84_historico,principal,HOSPITALIZACIÓN,30-44,5,205.6,340.773091660712,47.0,22.0,148.0,543.4000000000001,807.0,1028.0,0
2020,F84_historico,principal,HOSPITALIZACIÓN,5-9,24,3.6666666666666665,3.1300321802299993,3.5,1.0,6.0,6.0,14.0,88.0,4
2020,F84_historico,principal_y_secundario,HOSPITALIZACIÓN,0-4,2,4.0,0.0,4.0,4.0,4.0,4.0,4.0,8.0,0
2020,F84_historico,principal_y_secundario,HOSPITALIZACIÓN,10-14,5,69.6,117.93345581301347,19.0,12.0,30.0,180.00000000000003,280.0,348.0,0
2020,F84_historico,principal_y_secundario,HOSPITALIZACIÓN,15-19,1,7.0,,7.0,7.0,7.0,7.0,7.0,7.0,0
2020,F84_historico,solo_secundario,CIRUGÍA MAYOR AMBULATORIA (CMA),0-4,16,0.0625,0.24999999999999997,0.0,0.0,0.0,0.0,1.0,1.0,15
2020,F84_historico,solo_secundario,CIRUGÍA MAYOR AMBULATORIA (CMA),10-14,16,0.0,0.0,0.0,0.0,0.0,0.0,0.0,0.0,16
2020,F84_historico,solo_secundario,CIRUGÍA MAYOR AMBULATORIA (CMA),15-19,3,0.0,0.0,0.0,0.0,0.0,0.0,0.0,0.0,3
2020,F84_historico,solo_secundario,CIRUGÍA MAYOR AMBULATORIA (CMA),20-29,5,0.2,0.4472135954999579,0.0,0.0,0.0,0.6000000000000001,1.0,1.0,4
2020,F84_historico,solo_secundario,CIRUGÍA MAYOR AMBULATORIA (CMA),30-44,2,0.0,0.0,0.0,0.0,0.0,0.0,0.0,0.0,2
2020,F84_historico,solo_secundario,CIRUGÍA MAYOR AMBULATORIA (CMA),45+,1,1.0,,1.0,1.0,1.0,1.0,1.0,1.0,0
2020,F84_historico,solo_secundario,CIRUGÍA MAYOR AMBULATORIA (CMA),5-9,38,0.02631578947368421,0.16222142113076252,0.0,0.0,0.0,0.0,1.0,1.0,37
2020,F84_historico,solo_secundario,HOSPITALIZACIÓN,0-4,332,18.746987951807228,112.8707619505019,3.0,1.0,7.0,20.700000000000102,1463.0,6224.0,39
2020,F84_historico,solo_secundario,HOSPITALIZACIÓN,10-14,359,7.693593314763231,14.33578708135575,4.0,1.0,8.0,17.19999999999999,150.0,2762.0,36
2020,F84_historico,solo_secundario,HOSPITALIZACIÓN,15-19,171,16.50877192982456,41.227113925190295,7.0,2.0,16.5,35.0,480.0,2823.0,16
2020,F84_historico,solo_secundario,HOSPITALIZACIÓN,20-29,82,15.28048780487805,18.69592573972419,6.0,3.0,24.0,37.80000000000001,85.0,1253.0,4
2020,F84_historico,solo_secundario,HOSPITALIZACIÓN,30-44,57,7.912280701754386,10.549679585104514,4.0,2.0,9.0,25.599999999999994,54.0,451.0,7
2020,F84_historico,solo_secundario,HOSPITALIZACIÓN,45+,14,12.285714285714286,7.569458586761889,12.0,6.0,18.25,21.0,26.0,172.0,0
2020,F84_historico,solo_secundario,HOSPITALIZACIÓN,5-9,374,4.385026737967914,7.537316663944853,2.0,1.0,5.0,9.0,68.0,1640.0,53
2021,F84_historico,principal,HOSPITALIZACIÓN,0-4,26,1.5,1.8384776310850235,1.0,1.0,1.0,3.0,9.0,39.0,3
2021,F84_historico,principal,HOSPITALIZACIÓN,10-14,41,28.5609756097561,54.93498374464481,12.0,3.0,28.0,62.0,321.0,1171.0,3
2021,F84_historico,principal,HOSPITALIZACIÓN,15-19,43,61.30232558139535,222.6748146731035,14.0,6.0,25.0,55.40000000000001,1444.0,2636.0,1
2021,F84_historico,principal,HOSPITALIZACIÓN,20-29,30,26.7,21.984555707477295,20.5,9.5,36.75,58.30000000000002,78.0,801.0,0
2021,F84_historico,principal,HOSPITALIZACIÓN,30-44,18,31.666666666666668,48.66814394749524,18.5,12.25,29.5,48.80000000000001,218.0,570.0,0
2021,F84_historico,principal,HOSPITALIZACIÓN,5-9,28,4.321428571428571,7.640310113100032,1.0,0.0,4.5,11.600000000000001,37.0,121.0,9
2021,F84_historico,principal_y_secundario,HOSPITALIZACIÓN,10-14,2,33.0,43.840620433565945,33.0,17.5,48.5,57.800000000000004,64.0,66.0,0
2021,F84_historico,principal_y_secundario,HOSPITALIZACIÓN,15-19,1,32.0,,32.0,32.0,32.0,32.0,32.0,32.0,0
2021,F84_historico,solo_secundario,CIRUGÍA MAYOR AMBULATORIA (CMA),0-4,27,0.0,0.0,0.0,0.0,0.0,0.0,0.0,0.0,27
2021,F84_historico,solo_secundario,CIRUGÍA MAYOR AMBULATORIA (CMA),10-14,42,0.07142857142857142,0.26066118021500656,0.0,0.0,0.0,0.0,1.0,3.0,39
2021,F84_historico,solo_secundario,CIRUGÍA MAYOR AMBULATORIA (CMA),15-19,12,0.16666666666666666,0.3892494720807615,0.0,0.0,0.0,0.9000000000000004,1.0,2.0,10
2021,F84_historico,solo_secundario,CIRUGÍA MAYOR AMBULATORIA (CMA),20-29,6,0.16666666666666666,0.408248290463863,0.0,0.0,0.0,0.5,1.0,1.0,5
2021,F84_historico,solo_secundario,CIRUGÍA MAYOR AMBULATORIA (CMA),30-44,1,0.0,,0.0,0.0,0.0,0.0,0.0,0.0,1
2021,F84_historico,solo_secundario,CIRUGÍA MAYOR AMBULATORIA (CMA),45+,3,0.0,0.0,0.0,0.0,0.0,0.0,0.0,0.0,3
2021,F84_historico,solo_secundario,CIRUGÍA MAYOR AMBULATORIA (CMA),5-9,91,0.04395604395604396,0.20613306986226762,0.0,0.0,0.0,0.0,1.0,4.0,87
2021,F84_historico,solo_secundario,HOSPITALIZACIÓN,0-4,430,10.404651162790698,50.4462508095547,2.0,1.0,5.0,10.0,647.0,4474.0,63
2021,F84_historico,solo_secundario,HOSPITALIZACIÓN,10-14,560,9.0,31.127069479519378,3.0,1.0,8.0,20.0,686.0,5040.0,57
2021,F84_historico,solo_secundario,HOSPITALIZACIÓN,15-19,223,11.95067264573991,16.206502059512076,7.0,2.0,15.0,30.0,129.0,2665.0,16
2021,F84_historico,solo_secundario,HOSPITALIZACIÓN,20-29,143,19.13986013986014,41.48656687370283,7.0,2.0,19.5,40.8,384.0,2737.0,11
2021,F84_historico,solo_secundario,HOSPITALIZACIÓN,30-44,59,13.40677966101695,31.274159568116183,5.0,1.5,12.0,23.60000000000001,213.0,791.0,7
2021,F84_historico,solo_secundario,HOSPITALIZACIÓN,45+,31,10.225806451612904,8.495919324080845,9.0,4.5,13.0,20.0,34.0,317.0,1
2021,F84_historico,solo_secundario,HOSPITALIZACIÓN,5-9,582,5.902061855670103,26.587219424100912,2.0,1.0,4.0,8.899999999999977,531.0,3435.0,114
2022,F84_historico,principal,HOSPITALIZACIÓN,0-4,32,2.78125,7.877015871017275,1.0,1.0,1.25,4.0,45.0,89.0,7
2022,F84_historico,principal,HOSPITALIZACIÓN,10-14,102,18.352941176470587,37.184487093043835,8.0,3.0,19.0,31.80000000000001,252.0,1872.0,4
2022,F84_historico,principal,HOSPITALIZACIÓN,15-19,72,15.11111111111111,22.512316225715985,9.5,3.0,20.25,28.0,168.0,1088.0,4
2022,F84_historico,principal,HOSPITALIZACIÓN,20-29,36,34.5,76.15904411164836,9.5,3.0,25.75,75.5,420.0,1242.0,3
2022,F84_historico,principal,HOSPITALIZACIÓN,30-44,20,25.95,20.66900807336535,21.0,7.0,41.0,56.400000000000006,62.0,519.0,0
2022,F84_historico,principal,HOSPITALIZACIÓN,45+,4,20.0,15.383974345619102,15.0,10.25,24.75,35.1,42.0,80.0,0
2022,F84_historico,principal,HOSPITALIZACIÓN,5-9,30,3.2333333333333334,3.3081230571004374,1.5,1.0,4.75,8.0,12.0,97.0,2
2022,F84_historico,principal_y_secundario,HOSPITALIZACIÓN,0-4,1,1.0,,1.0,1.0,1.0,1.0,1.0,1.0,0
2022,F84_historico,principal_y_secundario,HOSPITALIZACIÓN,10-14,2,6.5,6.363961030678928,6.5,4.25,8.75,10.1,11.0,13.0,0
2022,F84_historico,principal_y_secundario,HOSPITALIZACIÓN,15-19,2,20.5,4.949747468305833,20.5,18.75,22.25,23.3,24.0,41.0,0
2022,F84_historico,principal_y_secundario,HOSPITALIZACIÓN,20-29,1,27.0,,27.0,27.0,27.0,27.0,27.0,27.0,0
2022,F84_historico,principal_y_secundario,HOSPITALIZACIÓN,30-44,1,48.0,,48.0,48.0,48.0,48.0,48.0,48.0,0
2022,F84_historico,principal_y_secundario,HOSPITALIZACIÓN,5-9,1,1.0,,1.0,1.0,1.0,1.0,1.0,1.0,0
2022,F84_historico,solo_secundario,CIRUGÍA MAYOR AMBULATORIA (CMA),0-4,64,0.03125,0.17536809360305045,0.0,0.0,0.0,0.0,1.0,2.0,62
2022,F84_historico,solo_secundario,CIRUGÍA MAYOR AMBULATORIA (CMA),10-14,75,0.0,0.0,0.0,0.0,0.0,0.0,0.0,0.0,75
2022,F84_historico,solo_secundario,CIRUGÍA MAYOR AMBULATORIA (CMA),15-19,20,0.2,0.41039134083406165,0.0,0.0,0.0,1.0,1.0,4.0,16
2022,F84_historico,solo_secundario,CIRUGÍA MAYOR AMBULATORIA (CMA),20-29,17,0.11764705882352941,0.3321055820775357,0.0,0.0,0.0,0.40000000000000036,1.0,2.0,15
2022,F84_historico,solo_secundario,CIRUGÍA MAYOR AMBULATORIA (CMA),30-44,4,0.25,0.5,0.0,0.0,0.25,0.7000000000000002,1.0,1.0,3
2022,F84_historico,solo_secundario,CIRUGÍA MAYOR AMBULATORIA (CMA),45+,4,0.25,0.5,0.0,0.0,0.25,0.7000000000000002,1.0,1.0,3
2022,F84_historico,solo_secundario,CIRUGÍA MAYOR AMBULATORIA (CMA),5-9,167,0.023952095808383235,0.1533597946237113,0.0,0.0,0.0,0.0,1.0,4.0,163
2022,F84_historico,solo_secundario,HOSPITALIZACIÓN,0-4,865,6.215028901734104,28.72116115244586,3.0,1.0,5.0,10.0,728.0,5376.0,105
2022,F84_historico,solo_secundario,HOSPITALIZACIÓN,10-14,767,6.859191655801825,9.843474246754036,3.0,1.0,8.0,16.0,103.0,5261.0,85
2022,F84_historico,solo_secundario,HOSPITALIZACIÓN,15-19,389,12.956298200514139,35.28631992557779,6.0,2.0,15.0,28.0,621.0,5040.0,35
2022,F84_historico,solo_secundario,HOSPITALIZACIÓN,20-29,181,16.46961325966851,57.130799383370565,6.0,2.0,15.0,30.0,742.0,2981.0,13
2022,F84_historico,solo_secundario,HOSPITALIZACIÓN,30-44,95,11.842105263157896,13.447546473577049,8.0,2.0,15.5,27.60000000000001,79.0,1125.0,5
2022,F84_historico,solo_secundario,HOSPITALIZACIÓN,45+,35,9.82857142857143,11.825908034495114,6.0,3.0,10.0,24.000000000000014,48.0,344.0,1
2022,F84_historico,solo_secundario,HOSPITALIZACIÓN,5-9,925,4.464864864864865,10.67677964058562,2.0,1.0,5.0,9.0,191.0,4130.0,155
2023,F84_historico,principal,HOSPITALIZACIÓN,0-4,23,4.478260869565218,13.176665205159223,1.0,1.0,2.0,7.200000000000003,64.0,103.0,4
2023,F84_historico,principal,HOSPITALIZACIÓN,10-14,91,11.945054945054945,14.21217212060973,7.0,2.5,15.5,28.0,85.0,1087.0,1
2023,F84_historico,principal,HOSPITALIZACIÓN,15-19,138,11.891304347826088,25.110757511708123,4.0,1.0,15.0,27.299999999999997,255.0,1641.0,2
2023,F84_historico,principal,HOSPITALIZACIÓN,20-29,41,45.073170731707314,82.60036024252632,19.0,9.0,56.0,74.0,506.0,1848.0,0
2023,F84_historico,principal,HOSPITALIZACIÓN,30-44,19,14.421052631578947,16.422598892561584,6.0,3.5,19.5,42.4,56.0,274.0,0
2023,F84_historico,principal,HOSPITALIZACIÓN,45+,1,5.0,,5.0,5.0,5.0,5.0,5.0,5.0,0
2023,F84_historico,principal,HOSPITALIZACIÓN,5-9,44,4.5,5.423892020603174,2.0,1.0,6.0,9.0,24.0,198.0,2
2023,F84_historico,principal_y_secundario,HOSPITALIZACIÓN,10-14,3,22.666666666666668,33.38163167571851,7.0,3.5,34.0,50.2,61.0,68.0,1
2023,F84_historico,principal_y_secundario,HOSPITALIZACIÓN,15-19,2,2.5,2.1213203435596424,2.5,1.75,3.25,3.7,4.0,5.0,0
2023,F84_historico,principal_y_secundario,HOSPITALIZACIÓN,20-29,4,155.25,291.22313896163314,13.0,7.5,160.75,419.5000000000001,592.0,621.0,0
2023,F84_historico,solo_secundario,CIRUGÍA MAYOR AMBULATORIA (CMA),0-4,113,0.02654867256637168,0.16147628038720263,0.0,0.0,0.0,0.0,1.0,3.0,110
2023,F84_historico,solo_secundario,CIRUGÍA MAYOR AMBULATORIA (CMA),10-14,113,0.04424778761061947,0.20656115191794608,0.0,0.0,0.0,0.0,1.0,5.0,108
2023,F84_historico,solo_secundario,CIRUGÍA MAYOR AMBULATORIA (CMA),15-19,44,0.06818181818181818,0.2549717059293527,0.0,0.0,0.0,0.0,1.0,3.0,41
2023,F84_historico,solo_secundario,CIRUGÍA MAYOR AMBULATORIA (CMA),20-29,24,0.125,0.3378319623460881,0.0,0.0,0.0,0.6999999999999993,1.0,3.0,21
2023,F84_historico,solo_secundario,CIRUGÍA MAYOR AMBULATORIA (CMA),30-44,12,0.08333333333333333,0.28867513459481287,0.0,0.0,0.0,0.0,1.0,1.0,11
2023,F84_historico,solo_secundario,CIRUGÍA MAYOR AMBULATORIA (CMA),45+,1,0.0,,0.0,0.0,0.0,0.0,0.0,0.0,1
2023,F84_historico,solo_secundario,CIRUGÍA MAYOR AMBULATORIA (CMA),5-9,324,0.0030864197530864196,0.055555555555555566,0.0,0.0,0.0,0.0,1.0,1.0,323
2023,F84_historico,solo_secundario,HOSPITALIZACIÓN,0-4,1306,5.487748851454824,11.91342666287994,3.0,1.0,5.0,10.0,210.0,7167.0,120
2023,F84_historico,solo_secundario,HOSPITALIZACIÓN,10-14,1321,7.650264950794853,12.007902145874583,4.0,1.0,8.0,19.0,112.0,10106.0,118
2023,F84_historico,solo_secundario,HOSPITALIZACIÓN,15-19,751,10.617842876165113,14.510746404209518,5.0,2.0,15.0,28.0,187.0,7974.0,41
2023,F84_historico,solo_secundario,HOSPITALIZACIÓN,20-29,351,11.356125356125355,17.02808472834422,6.0,2.0,13.5,27.0,133.0,3986.0,17
2023,F84_historico,solo_secundario,HOSPITALIZACIÓN,30-44,151,12.57615894039735,21.55286124426568,5.0,2.0,13.0,24.0,148.0,1899.0,9
2023,F84_historico,solo_secundario,HOSPITALIZACIÓN,45+,58,15.224137931034482,25.72325257287674,7.5,4.25,12.75,41.60000000000001,171.0,883.0,2
2023,F84_historico,solo_secundario,HOSPITALIZACIÓN,5-9,1538,4.542912873862159,8.101650383699853,3.0,1.0,5.0,9.0,113.0,6987.0,205
2024,F84_historico,principal,HOSPITALIZACIÓN,0-4,16,1.5,1.5055453054181618,1.0,1.0,2.0,3.0,6.0,24.0,3
2024,F84_historico,principal,HOSPITALIZACIÓN,10-14,152,10.539473684210526,12.874267974533451,7.0,2.0,14.0,25.0,100.0,1602.0,6
2024,F84_historico,principal,HOSPITALIZACIÓN,15-19,86,17.732558139534884,25.29376785301989,9.0,2.25,20.75,43.5,146.0,1525.0,11
2024,F84_historico,principal,HOSPITALIZACIÓN,20-29,53,18.11320754716981,34.18988850599326,8.0,4.0,19.0,37.20000000000004,235.0,960.0,0
2024,F84_historico,principal,HOSPITALIZACIÓN,30-44,16,41.9375,73.40614756272119,11.0,5.75,40.75,109.0,282.0,671.0,0
2024,F84_historico,principal,HOSPITALIZACIÓN,45+,3,89.33333333333333,148.66853511531394,4.0,3.5,132.5,209.60000000000002,261.0,268.0,0
2024,F84_historico,principal,HOSPITALIZACIÓN,5-9,58,4.206896551724138,6.348804613799233,2.0,1.0,5.0,9.300000000000004,31.0,244.0,8
2024,F84_historico,principal_y_secundario,HOSPITALIZACIÓN,0-4,1,5.0,,5.0,5.0,5.0,5.0,5.0,5.0,0
2024,F84_historico,principal_y_secundario,HOSPITALIZACIÓN,10-14,5,4.2,4.604345773288535,3.0,2.0,4.0,8.8,12.0,21.0,1
2024,F84_historico,principal_y_secundario,HOSPITALIZACIÓN,15-19,3,49.666666666666664,72.5074708794434,15.0,8.0,74.0,109.4,133.0,149.0,0
2024,F84_historico,principal_y_secundario,HOSPITALIZACIÓN,20-29,4,23.0,27.65260686927485,11.5,7.25,27.25,49.30000000000001,64.0,92.0,0
2024,F84_historico,principal_y_secundario,HOSPITALIZACIÓN,30-44,1,39.0,,39.0,39.0,39.0,39.0,39.0,39.0,0
2024,F84_historico,principal_y_secundario,HOSPITALIZACIÓN,5-9,1,15.0,,15.0,15.0,15.0,15.0,15.0,15.0,0
2024,F84_historico,solo_secundario,CIRUGÍA MAYOR AMBULATORIA (CMA),0-4,150,0.02,0.14046901303903675,0.0,0.0,0.0,0.0,1.0,3.0,147
2024,F84_historico,solo_secundario,CIRUGÍA MAYOR AMBULATORIA (CMA),10-14,193,0.02072538860103627,0.1428340099701226,0.0,0.0,0.0,0.0,1.0,4.0,189
2024,F84_historico,solo_secundario,CIRUGÍA MAYOR AMBULATORIA (CMA),15-19,67,0.1044776119402985,0.30818768180842854,0.0,0.0,0.0,0.3999999999999986,1.0,7.0,60
2024,F84_historico,solo_secundario,CIRUGÍA MAYOR AMBULATORIA (CMA),20-29,39,0.15384615384615385,0.36551776819519566,0.0,0.0,0.0,1.0,1.0,6.0,33
2024,F84_historico,solo_secundario,CIRUGÍA MAYOR AMBULATORIA (CMA),30-44,29,0.2413793103448276,0.4354941703556927,0.0,0.0,0.0,1.0,1.0,7.0,22
2024,F84_historico,solo_secundario,CIRUGÍA MAYOR AMBULATORIA (CMA),45+,4,0.0,0.0,0.0,0.0,0.0,0.0,0.0,0.0,4
2024,F84_historico,solo_secundario,CIRUGÍA MAYOR AMBULATORIA (CMA),5-9,631,0.020602218700475437,0.1421611602623341,0.0,0.0,0.0,0.0,1.0,13.0,618
2024,F84_historico,solo_secundario,HOSPITALIZACIÓN,0-4,1260,5.776984126984127,22.84715127358891,3.0,1.0,5.0,9.0,538.0,7279.0,127
2024,F84_historico,solo_secundario,HOSPITALIZACIÓN,10-14,1968,7.471036585365853,11.131701047831134,4.0,1.0,9.0,20.0,183.0,14703.0,180
2024,F84_historico,solo_secundario,HOSPITALIZACIÓN,15-19,1110,10.662162162162161,14.92893628806979,6.0,2.0,14.0,26.0,154.0,11835.0,81
2024,F84_historico,solo_secundario,HOSPITALIZACIÓN,20-29,572,10.942307692307692,18.466664060689972,6.0,2.0,13.0,25.0,271.0,6259.0,22
2024,F84_historico,solo_secundario,HOSPITALIZACIÓN,30-44,216,16.15740740740741,43.164943147977525,7.0,3.0,18.25,34.5,552.0,3490.0,4
2024,F84_historico,solo_secundario,HOSPITALIZACIÓN,45+,85,13.117647058823529,21.866702107643615,7.0,2.0,16.0,30.20000000000006,173.0,1115.0,3
2024,F84_historico,solo_secundario,HOSPITALIZACIÓN,5-9,2092,4.348470363288719,7.475352937008206,3.0,1.0,5.0,9.0,172.0,9097.0,234
