year,sheet,code,label,section,dictionary,excel_row,total_rule,age_sex_mapping
2017,A05,06902600,TRASTORNO GENERALIZADOS DEL DESARROLLO,SECCIÓN N: INGRESOS AL PROGRAMA DE SALUD  MENTAL EN APS /ESPECIALIDAD,REM/SerieA/metadata/diccionarios/2017/SA-17_V1.5_CODIGOS.xlsm,165,Col01,A05_Col04_Col37
2017,A05,05225000,TRASTORNO GENERALIZADOS DEL DESARROLLO,SECCIÓN O: EGRESOS DEL PROGRAMA DE SALUD  MENTAL POR ALTAS CLÍNICAS EN APS /ESPECIALIDAD,REM/SerieA/metadata/diccionarios/2017/SA-17_V1.5_CODIGOS.xlsm,199,Col01,A05_Col04_Col37
2018,A05,06902600,TRASTORNO GENERALIZADOS DEL DESARROLLO,SECCIÓN N: INGRESOS AL PROGRAMA DE SALUD  MENTAL EN APS /ESPECIALIDAD,REM/SerieA/metadata/diccionarios/2018/SA-18_V1.3_CODIGOS.xlsm,165,Col01,A05_Col04_Col37
2018,A05,05225000,TRASTORNO GENERALIZADOS DEL DESARROLLO,SECCIÓN O: EGRESOS DEL PROGRAMA DE SALUD  MENTAL POR ALTAS CLÍNICAS EN APS /ESPECIALIDAD,REM/SerieA/metadata/diccionarios/2018/SA-18_V1.3_CODIGOS.xlsm,199,Col01,A05_Col04_Col37
2019,A03,03500404,Niños/as con Control a los 18 meses,SECCIÓN F: TAMIZAJE TRASTORNO ESPECTRO AUTISTA  (MCHAT),REM/SerieA/metadata/diccionarios/2019/SA_19_V1.3-CODIGOS.xlsm,201,Col01+Col02,not_applied
2019,A03,03500405,Niños/as con alteracion de area Lenguaje y/o Social en Control de los 18 meses,SECCIÓN F: TAMIZAJE TRASTORNO ESPECTRO AUTISTA  (MCHAT),REM/SerieA/metadata/diccionarios/2019/SA_19_V1.3-CODIGOS.xlsm,202,Col01+Col02,not_applied
2019,A03,03500406,Niños/as con Tamizaje Trastorno Espectro Autista (MCHAT) realizado   con alteracion del area de lenguaje y/o Social en el control de los 18 meses,SECCIÓN F: TAMIZAJE TRASTORNO ESPECTRO AUTISTA  (MCHAT),REM/SerieA/metadata/diccionarios/2019/SA_19_V1.3-CODIGOS.xlsm,203,Col01+Col02,not_applied
2019,A03,03500407,Niños/as con Tamizaje Trastorno Espectro Autista (MCHAT) alterado y  con alteracion del area de lenguaje y/o Social en el control,SECCIÓN F: TAMIZAJE TRASTORNO ESPECTRO AUTISTA  (MCHAT),REM/SerieA/metadata/diccionarios/2019/SA_19_V1.3-CODIGOS.xlsm,204,Col01+Col02,not_applied
2019,A05,06902600,TRASTORNO GENERALIZADOS DEL DESARROLLO,SECCIÓN N: INGRESOS AL PROGRAMA DE SALUD  MENTAL EN APS /ESPECIALIDAD,REM/SerieA/metadata/diccionarios/2019/SA_19_V1.3-CODIGOS.xlsm,189,Col01,A05_Col04_Col37
2019,A05,05225000,TRASTORNO GENERALIZADOS DEL DESARROLLO,SECCIÓN O: EGRESOS DEL PROGRAMA DE SALUD  MENTAL POR ALTAS CLÍNICAS EN APS /ESPECIALIDAD,REM/SerieA/metadata/diccionarios/2019/SA_19_V1.3-CODIGOS.xlsm,231,Col01,A05_Col04_Col37
2020,A03,03500404,Niños/as con Control a los 18 meses,SECCIÓN F: TAMIZAJE TRASTORNO ESPECTRO AUTISTA  (MCHAT),REM/SerieA/metadata/diccionarios/2020/SA_20_V1.2-CODIGOS.xlsx,202,Col01+Col02,not_applied
2020,A03,03500405,Niños/as con alteracion de area Lenguaje y/o Social en Control de los 18 meses,SECCIÓN F: TAMIZAJE TRASTORNO ESPECTRO AUTISTA  (MCHAT),REM/SerieA/metadata/diccionarios/2020/SA_20_V1.2-CODIGOS.xlsx,203,Col01+Col02,not_applied
2020,A03,03500406,Niños/as con Tamizaje Trastorno Espectro Autista (MCHAT) realizado   con alteracion del area de lenguaje y/o Social en el control de los 18 meses,SECCIÓN F: TAMIZAJE TRASTORNO ESPECTRO AUTISTA  (MCHAT),REM/SerieA/metadata/diccionarios/2020/SA_20_V1.2-CODIGOS.xlsx,204,Col01+Col02,not_applied
2020,A03,03500407,Niños/as con Tamizaje Trastorno Espectro Autista (MCHAT) alterado y  con alteracion del area de lenguaje y/o Social en el control,SECCIÓN F: TAMIZAJE TRASTORNO ESPECTRO AUTISTA  (MCHAT),REM/SerieA/metadata/diccionarios/2020/SA_20_V1.2-CODIGOS.xlsx,205,Col01+Col02,not_applied
2020,A05,06902600,TRASTORNO GENERALIZADOS DEL DESARROLLO,SECCIÓN N: INGRESOS AL PROGRAMA DE SALUD  MENTAL EN APS /ESPECIALIDAD,REM/SerieA/metadata/diccionarios/2020/SA_20_V1.2-CODIGOS.xlsx,187,Col01,A05_Col04_Col37
2020,A05,05225000,TRASTORNO GENERALIZADOS DEL DESARROLLO,SECCIÓN O: EGRESOS DEL PROGRAMA DE SALUD  MENTAL POR ALTAS CLÍNICAS EN APS /ESPECIALIDAD,REM/SerieA/metadata/diccionarios/2020/SA_20_V1.2-CODIGOS.xlsx,229,Col01,A05_Col04_Col37
2021,A03,03500404,Niños/as con Control a los 18 meses,SECCIÓN F: TAMIZAJE TRASTORNO ESPECTRO AUTISTA  (MCHAT),REM/SerieA/metadata/diccionarios/2021/SA_21_V1.2-CODIGOS.xlsm,208,Col01+Col02,not_applied
2021,A03,03500405,Niños/as con alteración de área Lenguaje y/o Social en Control de los 18 meses,SECCIÓN F: TAMIZAJE TRASTORNO ESPECTRO AUTISTA  (MCHAT),REM/SerieA/metadata/diccionarios/2021/SA_21_V1.2-CODIGOS.xlsm,209,Col01+Col02,not_applied
2021,A03,03500406,Niños/as con Tamizaje Trastorno Espectro Autista (MCHAT) realizado   con alteración del área de lenguaje y/o Social en el control de los 18 meses,SECCIÓN F: TAMIZAJE TRASTORNO ESPECTRO AUTISTA  (MCHAT),REM/SerieA/metadata/diccionarios/2021/SA_21_V1.2-CODIGOS.xlsm,210,Col01+Col02,not_applied
2021,A03,03500407,Niños/as con Tamizaje Trastorno Espectro Autista (MCHAT) alterado y  con alteración del área de lenguaje y/o Social en el control,SECCIÓN F: TAMIZAJE TRASTORNO ESPECTRO AUTISTA  (MCHAT),REM/SerieA/metadata/diccionarios/2021/SA_21_V1.2-CODIGOS.xlsm,211,Col01+Col02,not_applied
2021,A05,05990022,TRASTORNO GENERALIZADOS DEL DESARROLLO | AUTISMO,SECCIÓN N: INGRESOS AL PROGRAMA DE SALUD  MENTAL EN APS /ESPECIALIDAD,REM/SerieA/metadata/diccionarios/2021/SA_21_V1.2-CODIGOS.xlsm,213,Col01,A05_Col04_Col37
2021,A05,05990023,ASPERGER,SECCIÓN N: INGRESOS AL PROGRAMA DE SALUD  MENTAL EN APS /ESPECIALIDAD,REM/SerieA/metadata/diccionarios/2021/SA_21_V1.2-CODIGOS.xlsm,214,Col01,A05_Col04_Col37
2021,A05,05990024,SÍNDROME DE RETT,SECCIÓN N: INGRESOS AL PROGRAMA DE SALUD  MENTAL EN APS /ESPECIALIDAD,REM/SerieA/metadata/diccionarios/2021/SA_21_V1.2-CODIGOS.xlsm,215,Col01,A05_Col04_Col37
2021,A05,05990025,TRASTORNO DESINTEGRATIVO DE LA INFANCIA,SECCIÓN N: INGRESOS AL PROGRAMA DE SALUD  MENTAL EN APS /ESPECIALIDAD,REM/SerieA/metadata/diccionarios/2021/SA_21_V1.2-CODIGOS.xlsm,216,Col01,A05_Col04_Col37
2021,A05,05990026,TRASTONO GENERALIZADO DEL DESARROLLO NO ESPECÍFICO,SECCIÓN N: INGRESOS AL PROGRAMA DE SALUD  MENTAL EN APS /ESPECIALIDAD,REM/SerieA/metadata/diccionarios/2021/SA_21_V1.2-CODIGOS.xlsm,217,Col01,A05_Col04_Col37
2021,A05,05990027,TRASTORNO GENERALIZADOS DEL DESARROLLO | AUTISMO,SECCIÓN O: EGRESOS DEL PROGRAMA DE SALUD  MENTAL POR ALTAS CLÍNICAS EN APS /ESPECIALIDAD,REM/SerieA/metadata/diccionarios/2021/SA_21_V1.2-CODIGOS.xlsm,259,Col01,A05_Col04_Col37
2021,A05,05990028,ASPERGER,SECCIÓN O: EGRESOS DEL PROGRAMA DE SALUD  MENTAL POR ALTAS CLÍNICAS EN APS /ESPECIALIDAD,REM/SerieA/metadata/diccionarios/2021/SA_21_V1.2-CODIGOS.xlsm,260,Col01,A05_Col04_Col37
2021,A05,05990029,SÍNDROME DE RETT,SECCIÓN O: EGRESOS DEL PROGRAMA DE SALUD  MENTAL POR ALTAS CLÍNICAS EN APS /ESPECIALIDAD,REM/SerieA/metadata/diccionarios/2021/SA_21_V1.2-CODIGOS.xlsm,261,Col01,A05_Col04_Col37
2021,A05,05990030,TRASTORNO DESINTEGRATIVO DE LA INFANCIA,SECCIÓN O: EGRESOS DEL PROGRAMA DE SALUD  MENTAL POR ALTAS CLÍNICAS EN APS /ESPECIALIDAD,REM/SerieA/metadata/diccionarios/2021/SA_21_V1.2-CODIGOS.xlsm,262,Col01,A05_Col04_Col37
2021,A05,05990031,TRASTONO GENERALIZADO DEL DESARROLLO NO ESPECÍFICO,SECCIÓN O: EGRESOS DEL PROGRAMA DE SALUD  MENTAL POR ALTAS CLÍNICAS EN APS /ESPECIALIDAD,REM/SerieA/metadata/diccionarios/2021/SA_21_V1.2-CODIGOS.xlsm,263,Col01,A05_Col04_Col37
2022,A03,03500404,Niños/as con Control a los 18 meses,SECCIÓN F: TAMIZAJE TRASTORNO ESPECTRO AUTISTA  (MCHAT),REM/SerieA/metadata/diccionarios/2022/SA_22_V1.1-CODIGOS.xlsm,208,Col01+Col02,not_applied
2022,A03,03500405,Niños/as con alteración de área Lenguaje y/o Social en Control de los 18 meses,SECCIÓN F: TAMIZAJE TRASTORNO ESPECTRO AUTISTA  (MCHAT),REM/SerieA/metadata/diccionarios/2022/SA_22_V1.1-CODIGOS.xlsm,209,Col01+Col02,not_applied
2022,A03,03500406,Niños/as con Tamizaje Trastorno Espectro Autista (MCHAT) realizado   con alteración del área de lenguaje y/o Social en el control de los 18 meses,SECCIÓN F: TAMIZAJE TRASTORNO ESPECTRO AUTISTA  (MCHAT),REM/SerieA/metadata/diccionarios/2022/SA_22_V1.1-CODIGOS.xlsm,210,Col01+Col02,not_applied
2022,A03,03500407,Niños/as con Tamizaje Trastorno Espectro Autista (MCHAT) alterado y  con alteración del área de lenguaje y/o Social en el control,SECCIÓN F: TAMIZAJE TRASTORNO ESPECTRO AUTISTA  (MCHAT),REM/SerieA/metadata/diccionarios/2022/SA_22_V1.1-CODIGOS.xlsm,211,Col01+Col02,not_applied
2022,A05,05990022,TRASTORNO GENERALIZADOS DEL DESARROLLO | AUTISMO,SECCIÓN N: INGRESOS AL PROGRAMA DE SALUD  MENTAL EN APS /ESPECIALIDAD,REM/SerieA/metadata/diccionarios/2022/SA_22_V1.1-CODIGOS.xlsm,213,Col01,A05_Col04_Col37
2022,A05,05990023,ASPERGER,SECCIÓN N: INGRESOS AL PROGRAMA DE SALUD  MENTAL EN APS /ESPECIALIDAD,REM/SerieA/metadata/diccionarios/2022/SA_22_V1.1-CODIGOS.xlsm,214,Col01,A05_Col04_Col37
2022,A05,05990024,SÍNDROME DE RETT,SECCIÓN N: INGRESOS AL PROGRAMA DE SALUD  MENTAL EN APS /ESPECIALIDAD,REM/SerieA/metadata/diccionarios/2022/SA_22_V1.1-CODIGOS.xlsm,215,Col01,A05_Col04_Col37
2022,A05,05990025,TRASTORNO DESINTEGRATIVO DE LA INFANCIA,SECCIÓN N: INGRESOS AL PROGRAMA DE SALUD  MENTAL EN APS /ESPECIALIDAD,REM/SerieA/metadata/diccionarios/2022/SA_22_V1.1-CODIGOS.xlsm,216,Col01,A05_Col04_Col37
2022,A05,05990026,TRASTONO GENERALIZADO DEL DESARROLLO NO ESPECÍFICO,SECCIÓN N: INGRESOS AL PROGRAMA DE SALUD  MENTAL EN APS /ESPECIALIDAD,REM/SerieA/metadata/diccionarios/2022/SA_22_V1.1-CODIGOS.xlsm,217,Col01,A05_Col04_Col37
2022,A05,05990027,TRASTORNO GENERALIZADOS DEL DESARROLLO | AUTISMO,SECCIÓN O: EGRESOS DEL PROGRAMA DE SALUD  MENTAL POR ALTAS CLÍNICAS EN APS /ESPECIALIDAD,REM/SerieA/metadata/diccionarios/2022/SA_22_V1.1-CODIGOS.xlsm,259,Col01,A05_Col04_Col37
2022,A05,05990028,ASPERGER,SECCIÓN O: EGRESOS DEL PROGRAMA DE SALUD  MENTAL POR ALTAS CLÍNICAS EN APS /ESPECIALIDAD,REM/SerieA/metadata/diccionarios/2022/SA_22_V1.1-CODIGOS.xlsm,260,Col01,A05_Col04_Col37
2022,A05,05990029,SÍNDROME DE RETT,SECCIÓN O: EGRESOS DEL PROGRAMA DE SALUD  MENTAL POR ALTAS CLÍNICAS EN APS /ESPECIALIDAD,REM/SerieA/metadata/diccionarios/2022/SA_22_V1.1-CODIGOS.xlsm,261,Col01,A05_Col04_Col37
2022,A05,05990030,TRASTORNO DESINTEGRATIVO DE LA INFANCIA,SECCIÓN O: EGRESOS DEL PROGRAMA DE SALUD  MENTAL POR ALTAS CLÍNICAS EN APS /ESPECIALIDAD,REM/SerieA/metadata/diccionarios/2022/SA_22_V1.1-CODIGOS.xlsm,262,Col01,A05_Col04_Col37
2022,A05,05990031,TRASTONO GENERALIZADO DEL DESARROLLO NO ESPECÍFICO,SECCIÓN O: EGRESOS DEL PROGRAMA DE SALUD  MENTAL POR ALTAS CLÍNICAS EN APS /ESPECIALIDAD,REM/SerieA/metadata/diccionarios/2022/SA_22_V1.1-CODIGOS.xlsm,263,Col01,A05_Col04_Col37
2023,A03,03500404,Niños/as con Control a los 18 meses,SECCIÓN F: TAMIZAJE TRASTORNO ESPECTRO AUTISTA  (MCHAT-RF),REM/SerieA/metadata/diccionarios/2023/DICCIONARIO CODIGOS SA_23_V1.4.xlsm,215,Col01+Col02,not_applied
2023,A03,03500405,Niños/as con alteración de área Lenguaje y/o Social en Control de los 18 meses,SECCIÓN F: TAMIZAJE TRASTORNO ESPECTRO AUTISTA  (MCHAT-RF),REM/SerieA/metadata/diccionarios/2023/DICCIONARIO CODIGOS SA_23_V1.4.xlsm,216,Col01+Col02,not_applied
2023,A03,09600212,Niños/as con sospecha del Espectro Autista en otros controles o consultas.,SECCIÓN F: TAMIZAJE TRASTORNO ESPECTRO AUTISTA  (MCHAT-RF),REM/SerieA/metadata/diccionarios/2023/DICCIONARIO CODIGOS SA_23_V1.4.xlsm,217,Col01+Col02,not_applied
2023,A03,09600213,Resultado M-CHAT R/F 1° parte | Riego Bajo,SECCIÓN F: TAMIZAJE TRASTORNO ESPECTRO AUTISTA  (MCHAT-RF),REM/SerieA/metadata/diccionarios/2023/DICCIONARIO CODIGOS SA_23_V1.4.xlsm,218,Col01+Col02,not_applied
2023,A03,09600214,Riesgo medio,SECCIÓN F: TAMIZAJE TRASTORNO ESPECTRO AUTISTA  (MCHAT-RF),REM/SerieA/metadata/diccionarios/2023/DICCIONARIO CODIGOS SA_23_V1.4.xlsm,219,Col01+Col02,not_applied
2023,A03,09600215,Riego Alto,SECCIÓN F: TAMIZAJE TRASTORNO ESPECTRO AUTISTA  (MCHAT-RF),REM/SerieA/metadata/diccionarios/2023/DICCIONARIO CODIGOS SA_23_V1.4.xlsm,220,Col01+Col02,not_applied
2023,A03,09600216,Riesgo Alto con derivación a especialista,SECCIÓN F: TAMIZAJE TRASTORNO ESPECTRO AUTISTA  (MCHAT-RF),REM/SerieA/metadata/diccionarios/2023/DICCIONARIO CODIGOS SA_23_V1.4.xlsm,221,Col01+Col02,not_applied
2023,A03,09600217,Resultado M-CHAT R/F 2° Parte | Riesgo Medio en 1° parte,SECCIÓN F: TAMIZAJE TRASTORNO ESPECTRO AUTISTA  (MCHAT-RF),REM/SerieA/metadata/diccionarios/2023/DICCIONARIO CODIGOS SA_23_V1.4.xlsm,222,Col01+Col02,not_applied
2023,A03,09600218,No requiere derivación,SECCIÓN F: TAMIZAJE TRASTORNO ESPECTRO AUTISTA  (MCHAT-RF),REM/SerieA/metadata/diccionarios/2023/DICCIONARIO CODIGOS SA_23_V1.4.xlsm,223,Col01+Col02,not_applied
2023,A03,09600219,Requiere derivación,SECCIÓN F: TAMIZAJE TRASTORNO ESPECTRO AUTISTA  (MCHAT-RF),REM/SerieA/metadata/diccionarios/2023/DICCIONARIO CODIGOS SA_23_V1.4.xlsm,224,Col01+Col02,not_applied
2023,A05,05990022,TRASTORNO GENERALIZADOS DEL DESARROLLO | AUTISMO,SECCIÓN N: INGRESOS AL PROGRAMA DE SALUD  MENTAL EN APS /ESPECIALIDAD,REM/SerieA/metadata/diccionarios/2023/DICCIONARIO CODIGOS SA_23_V1.4.xlsm,221,Col01,A05_Col04_Col37
2023,A05,05990023,ASPERGER,SECCIÓN N: INGRESOS AL PROGRAMA DE SALUD  MENTAL EN APS /ESPECIALIDAD,REM/SerieA/metadata/diccionarios/2023/DICCIONARIO CODIGOS SA_23_V1.4.xlsm,222,Col01,A05_Col04_Col37
2023,A05,05990024,SÍNDROME DE RETT,SECCIÓN N: INGRESOS AL PROGRAMA DE SALUD  MENTAL EN APS /ESPECIALIDAD,REM/SerieA/metadata/diccionarios/2023/DICCIONARIO CODIGOS SA_23_V1.4.xlsm,223,Col01,A05_Col04_Col37
2023,A05,05990025,TRASTORNO DESINTEGRATIVO DE LA INFANCIA,SECCIÓN N: INGRESOS AL PROGRAMA DE SALUD  MENTAL EN APS /ESPECIALIDAD,REM/SerieA/metadata/diccionarios/2023/DICCIONARIO CODIGOS SA_23_V1.4.xlsm,224,Col01,A05_Col04_Col37
2023,A05,05990026,TRASTONO GENERALIZADO DEL DESARROLLO NO ESPECÍFICO,SECCIÓN N: INGRESOS AL PROGRAMA DE SALUD  MENTAL EN APS /ESPECIALIDAD,REM/SerieA/metadata/diccionarios/2023/DICCIONARIO CODIGOS SA_23_V1.4.xlsm,225,Col01,A05_Col04_Col37
2023,A05,05990027,TRASTORNO GENERALIZADOS DEL DESARROLLO | AUTISMO,SECCIÓN O: EGRESOS DEL PROGRAMA DE SALUD  MENTAL POR ALTAS CLÍNICAS EN APS /ESPECIALIDAD,REM/SerieA/metadata/diccionarios/2023/DICCIONARIO CODIGOS SA_23_V1.4.xlsm,269,Col01,A05_Col04_Col37
2023,A05,05990028,ASPERGER,SECCIÓN O: EGRESOS DEL PROGRAMA DE SALUD  MENTAL POR ALTAS CLÍNICAS EN APS /ESPECIALIDAD,REM/SerieA/metadata/diccionarios/2023/DICCIONARIO CODIGOS SA_23_V1.4.xlsm,270,Col01,A05_Col04_Col37
2023,A05,05990029,SÍNDROME DE RETT,SECCIÓN O: EGRESOS DEL PROGRAMA DE SALUD  MENTAL POR ALTAS CLÍNICAS EN APS /ESPECIALIDAD,REM/SerieA/metadata/diccionarios/2023/DICCIONARIO CODIGOS SA_23_V1.4.xlsm,271,Col01,A05_Col04_Col37
2023,A05,05990030,TRASTORNO DESINTEGRATIVO DE LA INFANCIA,SECCIÓN O: EGRESOS DEL PROGRAMA DE SALUD  MENTAL POR ALTAS CLÍNICAS EN APS /ESPECIALIDAD,REM/SerieA/metadata/diccionarios/2023/DICCIONARIO CODIGOS SA_23_V1.4.xlsm,272,Col01,A05_Col04_Col37
2023,A05,05990031,TRASTONO GENERALIZADO DEL DESARROLLO NO ESPECÍFICO,SECCIÓN O: EGRESOS DEL PROGRAMA DE SALUD  MENTAL POR ALTAS CLÍNICAS EN APS /ESPECIALIDAD,REM/SerieA/metadata/diccionarios/2023/DICCIONARIO CODIGOS SA_23_V1.4.xlsm,273,Col01,A05_Col04_Col37
2023,A28,29101629,TRASTORNO ESPECTRO AUTISTA,SECCIÓN A.2: INGRESOS POR CONDICIÓN DE SALUD,REM/SerieA/metadata/diccionarios/2023/DICCIONARIO CODIGOS SA_23_V1.4.xlsm,44,Col01,not_applied
2023,A28,29101651,TRASTORNO ESPECTRO AUTISTA,SECCIÓN B.1: INGRESOS Y EGRESOS  A REHABILITACIÓN INTEGRAL,REM/SerieA/metadata/diccionarios/2023/DICCIONARIO CODIGOS SA_23_V1.4.xlsm,175,Col01,not_applied
2024,A03,03500404,Niños/as con Control a los 18 meses,SECCIÓN F: TAMIZAJE TRASTORNO ESPECTRO AUTISTA  (MCHAT-RF),REM/SerieA/metadata/diccionarios/2024/DICCIONARIO CODIGOS SA_24_V1.1.xlsm,217,Col01+Col02,not_applied
2024,A03,03500405,Niños/as con alteración de área Lenguaje y/o Social en Control de los 18 meses,SECCIÓN F: TAMIZAJE TRASTORNO ESPECTRO AUTISTA  (MCHAT-RF),REM/SerieA/metadata/diccionarios/2024/DICCIONARIO CODIGOS SA_24_V1.1.xlsm,218,Col01+Col02,not_applied
2024,A03,09600212,Niños/as con sospecha del Espectro Autista en otros controles o consultas.,SECCIÓN F: TAMIZAJE TRASTORNO ESPECTRO AUTISTA  (MCHAT-RF),REM/SerieA/metadata/diccionarios/2024/DICCIONARIO CODIGOS SA_24_V1.1.xlsm,219,Col01+Col02,not_applied
2024,A03,09600213,Resultado M-CHAT R/F 1° parte | Riego Bajo,SECCIÓN F: TAMIZAJE TRASTORNO ESPECTRO AUTISTA  (MCHAT-RF),REM/SerieA/metadata/diccionarios/2024/DICCIONARIO CODIGOS SA_24_V1.1.xlsm,220,Col01+Col02,not_applied
2024,A03,09600214,Riesgo medio,SECCIÓN F: TAMIZAJE TRASTORNO ESPECTRO AUTISTA  (MCHAT-RF),REM/SerieA/metadata/diccionarios/2024/DICCIONARIO CODIGOS SA_24_V1.1.xlsm,221,Col01+Col02,not_applied
2024,A03,09600215,Riego Alto,SECCIÓN F: TAMIZAJE TRASTORNO ESPECTRO AUTISTA  (MCHAT-RF),REM/SerieA/metadata/diccionarios/2024/DICCIONARIO CODIGOS SA_24_V1.1.xlsm,222,Col01+Col02,not_applied
2024,A03,09600216,Riesgo Alto con derivación a especialista,SECCIÓN F: TAMIZAJE TRASTORNO ESPECTRO AUTISTA  (MCHAT-RF),REM/SerieA/metadata/diccionarios/2024/DICCIONARIO CODIGOS SA_24_V1.1.xlsm,223,Col01+Col02,not_applied
2024,A03,09600218,Resultado M-CHAT R/F 2° Parte | No requiere derivación,SECCIÓN F: TAMIZAJE TRASTORNO ESPECTRO AUTISTA  (MCHAT-RF),REM/SerieA/metadata/diccionarios/2024/DICCIONARIO CODIGOS SA_24_V1.1.xlsm,224,Col01+Col02,not_applied
2024,A03,09600219,Requiere derivación,SECCIÓN F: TAMIZAJE TRASTORNO ESPECTRO AUTISTA  (MCHAT-RF),REM/SerieA/metadata/diccionarios/2024/DICCIONARIO CODIGOS SA_24_V1.1.xlsm,225,Col01+Col02,not_applied
2024,A03,03700104,Niños/as evaluados en Control de Salud Integral,SECCIÓN F1: TAMIZAJE TRASTORNO ESPECTRO AUTISTA  (31 A 59 MESES),REM/SerieA/metadata/diccionarios/2024/DICCIONARIO CODIGOS SA_24_V1.1.xlsm,230,Col01+Col02,not_applied
2024,A03,03700105,Niños/as con sospecha del Espectro Autista en otros controles o consultas,SECCIÓN F1: TAMIZAJE TRASTORNO ESPECTRO AUTISTA  (31 A 59 MESES),REM/SerieA/metadata/diccionarios/2024/DICCIONARIO CODIGOS SA_24_V1.1.xlsm,231,Col01+Col02,not_applied
2024,A03,03700106,Sospecha de TEA según pauta de señales de alerta | Sí,SECCIÓN F1: TAMIZAJE TRASTORNO ESPECTRO AUTISTA  (31 A 59 MESES),REM/SerieA/metadata/diccionarios/2024/DICCIONARIO CODIGOS SA_24_V1.1.xlsm,232,Col01+Col02,not_applied
2024,A03,03700107,No,SECCIÓN F1: TAMIZAJE TRASTORNO ESPECTRO AUTISTA  (31 A 59 MESES),REM/SerieA/metadata/diccionarios/2024/DICCIONARIO CODIGOS SA_24_V1.1.xlsm,233,Col01+Col02,not_applied
2024,A03,03700108,Derivación | Si,SECCIÓN F1: TAMIZAJE TRASTORNO ESPECTRO AUTISTA  (31 A 59 MESES),REM/SerieA/metadata/diccionarios/2024/DICCIONARIO CODIGOS SA_24_V1.1.xlsm,234,Col01+Col02,not_applied
2024,A03,03700109,No,SECCIÓN F1: TAMIZAJE TRASTORNO ESPECTRO AUTISTA  (31 A 59 MESES),REM/SerieA/metadata/diccionarios/2024/DICCIONARIO CODIGOS SA_24_V1.1.xlsm,235,Col01+Col02,not_applied
2024,A05,05990022,Trastorno Generalizados del Desarrollo | Autismo,SECCIÓN N: INGRESOS AL PROGRAMA DE SALUD  MENTAL EN APS /ESPECIALIDAD,REM/SerieA/metadata/diccionarios/2024/DICCIONARIO CODIGOS SA_24_V1.1.xlsm,224,Col01,A05_Col04_Col37
2024,A05,05990023,Asperger,SECCIÓN N: INGRESOS AL PROGRAMA DE SALUD  MENTAL EN APS /ESPECIALIDAD,REM/SerieA/metadata/diccionarios/2024/DICCIONARIO CODIGOS SA_24_V1.1.xlsm,225,Col01,A05_Col04_Col37
2024,A05,05990024,Síndrome de Rett,SECCIÓN N: INGRESOS AL PROGRAMA DE SALUD  MENTAL EN APS /ESPECIALIDAD,REM/SerieA/metadata/diccionarios/2024/DICCIONARIO CODIGOS SA_24_V1.1.xlsm,226,Col01,A05_Col04_Col37
2024,A05,05990025,Trastorno Desintegrativo de la Infancia,SECCIÓN N: INGRESOS AL PROGRAMA DE SALUD  MENTAL EN APS /ESPECIALIDAD,REM/SerieA/metadata/diccionarios/2024/DICCIONARIO CODIGOS SA_24_V1.1.xlsm,227,Col01,A05_Col04_Col37
2024,A05,05990026,Trastorno Generalizado del Desarrollo no Específico,SECCIÓN N: INGRESOS AL PROGRAMA DE SALUD  MENTAL EN APS /ESPECIALIDAD,REM/SerieA/metadata/diccionarios/2024/DICCIONARIO CODIGOS SA_24_V1.1.xlsm,228,Col01,A05_Col04_Col37
2024,A05,05990027,Trastorno Generalizados del Desarrollo | Autismo,SECCIÓN O: EGRESOS DEL PROGRAMA DE SALUD  MENTAL POR ALTAS CLÍNICAS EN APS /ESPECIALIDAD,REM/SerieA/metadata/diccionarios/2024/DICCIONARIO CODIGOS SA_24_V1.1.xlsm,272,Col01,A05_Col04_Col37
2024,A05,05990028,Asperger,SECCIÓN O: EGRESOS DEL PROGRAMA DE SALUD  MENTAL POR ALTAS CLÍNICAS EN APS /ESPECIALIDAD,REM/SerieA/metadata/diccionarios/2024/DICCIONARIO CODIGOS SA_24_V1.1.xlsm,273,Col01,A05_Col04_Col37
2024,A05,05990029,Síndrome de Rett,SECCIÓN O: EGRESOS DEL PROGRAMA DE SALUD  MENTAL POR ALTAS CLÍNICAS EN APS /ESPECIALIDAD,REM/SerieA/metadata/diccionarios/2024/DICCIONARIO CODIGOS SA_24_V1.1.xlsm,274,Col01,A05_Col04_Col37
2024,A05,05990030,Trastorno Desintegrativo de la Infancia,SECCIÓN O: EGRESOS DEL PROGRAMA DE SALUD  MENTAL POR ALTAS CLÍNICAS EN APS /ESPECIALIDAD,REM/SerieA/metadata/diccionarios/2024/DICCIONARIO CODIGOS SA_24_V1.1.xlsm,275,Col01,A05_Col04_Col37
2024,A05,05990031,Trastorno Generalizado del Desarrollo no Específico,SECCIÓN O: EGRESOS DEL PROGRAMA DE SALUD  MENTAL POR ALTAS CLÍNICAS EN APS /ESPECIALIDAD,REM/SerieA/metadata/diccionarios/2024/DICCIONARIO CODIGOS SA_24_V1.1.xlsm,276,Col01,A05_Col04_Col37
2024,A28,29101629,Trastorno Espectro Autista,SECCIÓN A.2: INGRESOS POR CONDICIÓN DE SALUD,REM/SerieA/metadata/diccionarios/2024/DICCIONARIO CODIGOS SA_24_V1.1.xlsm,44,Col01,not_applied
2024,A28,29101651,Trastorno espectro autista,SECCIÓN B.1: INGRESOS Y EGRESOS  A REHABILITACIÓN INTEGRAL,REM/SerieA/metadata/diccionarios/2024/DICCIONARIO CODIGOS SA_24_V1.1.xlsm,174,Col01,not_applied
