year,sheet,code,label,section,dictionary,excel_row,total_rule,age_sex_mapping,Col01,Col02,Col03,Col04,Col05,Col06,Col07,Col08,Col09,Col10,Col11,Col12,Col13,Col14,Col15,Col16,Col17,Col18,Col19,Col20,Col21,Col22,Col23,Col24,Col25,Col26,Col27,Col28,Col29,Col30,Col31,Col32,Col33,Col34,Col35,Col36,Col37,Col38,Col39,Col40,Col41,Col42,Col43,Col44,Col45,Col46,Col47,Col48,Col49,Col50,total_known,months,reporting_establishments,rows,rows_total_known
2017,A05,06902600,TRASTORNO GENERALIZADOS DEL DESARROLLO,SECCIÓN N: INGRESOS AL PROGRAMA DE SALUD  MENTAL EN APS /ESPECIALIDAD,REM/SerieA/metadata/diccionarios/2017/SA-17_V1.5_CODIGOS.xlsm,165,Col01,A05_Col04_Col37,3124,2300,824,385,105,874,204,550,193,294,121,76,31,38,30,14,16,16,17,8,17,10,14,10,19,10,13,3,17,4,7,2,4,3,9,3,7,1,1,23,5,,,,,,,,,,3124,12,612,1692,1692
2017,A05,05225000,TRASTORNO GENERALIZADOS DEL DESARROLLO,SECCIÓN O: EGRESOS DEL PROGRAMA DE SALUD  MENTAL POR ALTAS CLÍNICAS EN APS /ESPECIALIDAD,REM/SerieA/metadata/diccionarios/2017/SA-17_V1.5_CODIGOS.xlsm,199,Col01,A05_Col04_Col37,736,532,204,64,16,197,55,134,38,85,38,16,10,8,4,7,5,3,5,1,4,2,4,2,10,2,4,2,2,4,1,4,3,1,2,0,3,484,3,82,0,0,2,0,,,,,,,736,12,322,651,651
2018,A05,06902600,TRASTORNO GENERALIZADOS DEL DESARROLLO,SECCIÓN N: INGRESOS AL PROGRAMA DE SALUD  MENTAL EN APS /ESPECIALIDAD,REM/SerieA/metadata/diccionarios/2018/SA-18_V1.3_CODIGOS.xlsm,165,Col01,A05_Col04_Col37,3580,2680,900,492,182,1066,246,662,199,303,127,65,31,41,20,10,11,13,15,7,16,4,13,4,17,9,11,6,10,2,10,7,2,0,8,4,12,0,7,31,21,24,,,,,,,,,3580,12,662,1964,1964
2018,A05,05225000,TRASTORNO GENERALIZADOS DEL DESARROLLO,SECCIÓN O: EGRESOS DEL PROGRAMA DE SALUD  MENTAL POR ALTAS CLÍNICAS EN APS /ESPECIALIDAD,REM/SerieA/metadata/diccionarios/2018/SA-18_V1.3_CODIGOS.xlsm,199,Col01,A05_Col04_Col37,1046,749,297,114,57,242,64,234,63,111,47,19,5,12,10,6,6,2,4,2,9,1,2,1,6,1,2,0,8,1,6,2,0,1,3,0,5,390,8,124,0,0,4,0,4.0,,,,,,1046,12,367,789,789
2019,A03,03500404,Niños/as con Control a los 18 meses,SECCIÓN F: TAMIZAJE TRASTORNO ESPECTRO AUTISTA  (MCHAT),REM/SerieA/metadata/diccionarios/2019/SA_19_V1.3-CODIGOS.xlsm,201,Col01+Col02,not_applied,19279,18673,,,,,,,,,,,,,,,,,,,,,,,,,,,,,,,,,,,,,,,,,,,,,,,,,36898,12,701,3559,2943
2019,A03,03500405,Niños/as con alteracion de area Lenguaje y/o Social en Control de los 18 meses,SECCIÓN F: TAMIZAJE TRASTORNO ESPECTRO AUTISTA  (MCHAT),REM/SerieA/metadata/diccionarios/2019/SA_19_V1.3-CODIGOS.xlsm,202,Col01+Col02,not_applied,3099,2061,,,,,,,,,,,,,,,,,,,,,,,,,,,,,,,,,,,,,,,,,,,,,,,,,4342,12,470,1664,1092
2019,A03,03500406,Niños/as con Tamizaje Trastorno Espectro Autista (MCHAT) realizado   con alteracion del area de lenguaje y/o Social en el control de los 18 meses,SECCIÓN F: TAMIZAJE TRASTORNO ESPECTRO AUTISTA  (MCHAT),REM/SerieA/metadata/diccionarios/2019/SA_19_V1.3-CODIGOS.xlsm,203,Col01+Col02,not_applied,1704,909,,,,,,,,,,,,,,,,,,,,,,,,,,,,,,,,,,,,,,,,,,,,,,,,,2107,12,263,806,425
2019,A03,03500407,Niños/as con Tamizaje Trastorno Espectro Autista (MCHAT) alterado y  con alteracion del area de lenguaje y/o Social en el control,SECCIÓN F: TAMIZAJE TRASTORNO ESPECTRO AUTISTA  (MCHAT),REM/SerieA/metadata/diccionarios/2019/SA_19_V1.3-CODIGOS.xlsm,204,Col01+Col02,not_applied,1057,583,,,,,,,,,,,,,,,,,,,,,,,,,,,,,,,,,,,,,,,,,,,,,,,,,1332,12,188,432,186
2019,A05,06902600,TRASTORNO GENERALIZADOS DEL DESARROLLO,SECCIÓN N: INGRESOS AL PROGRAMA DE SALUD  MENTAL EN APS /ESPECIALIDAD,REM/SerieA/metadata/diccionarios/2019/SA_19_V1.3-CODIGOS.xlsm,189,Col01,A05_Col04_Col37,4417,3347,1073,739,277,1350,303,728,208,367,130,77,32,38,22,22,19,6,13,3,16,4,9,7,12,6,13,3,6,1,6,2,5,1,2,1,0,3,13,92,30,29,40,,,,,,,,4417,12,651,2256,2255
2019,A05,05225000,TRASTORNO GENERALIZADOS DEL DESARROLLO,SECCIÓN O: EGRESOS DEL PROGRAMA DE SALUD  MENTAL POR ALTAS CLÍNICAS EN APS /ESPECIALIDAD,REM/SerieA/metadata/diccionarios/2019/SA_19_V1.3-CODIGOS.xlsm,231,Col01,A05_Col04_Col37,1208,874,334,130,48,331,74,209,67,142,45,23,17,15,10,4,7,5,5,6,14,2,9,1,12,4,9,0,4,0,3,1,1,1,5,0,4,526,4,193,0,0,6,6,16.0,10.0,,,,,1208,12,387,922,922
2020,A03,03500404,Niños/as con Control a los 18 meses,SECCIÓN F: TAMIZAJE TRASTORNO ESPECTRO AUTISTA  (MCHAT),REM/SerieA/metadata/diccionarios/2020/SA_20_V1.2-CODIGOS.xlsx,202,Col01+Col02,not_applied,10600,9994,,,,,,,,,,,,,,,,,,,,,,,,,,,,,,,,,,,,,,,,,,,,,,,,,19293,12,663,2929,2048
2020,A03,03500405,Niños/as con alteracion de area Lenguaje y/o Social en Control de los 18 meses,SECCIÓN F: TAMIZAJE TRASTORNO ESPECTRO AUTISTA  (MCHAT),REM/SerieA/metadata/diccionarios/2020/SA_20_V1.2-CODIGOS.xlsx,203,Col01+Col02,not_applied,1532,826,,,,,,,,,,,,,,,,,,,,,,,,,,,,,,,,,,,,,,,,,,,,,,,,,1778,12,404,1076,638
2020,A03,03500406,Niños/as con Tamizaje Trastorno Espectro Autista (MCHAT) realizado   con alteracion del area de lenguaje y/o Social en el control de los 18 meses,SECCIÓN F: TAMIZAJE TRASTORNO ESPECTRO AUTISTA  (MCHAT),REM/SerieA/metadata/diccionarios/2020/SA_20_V1.2-CODIGOS.xlsx,204,Col01+Col02,not_applied,539,277,,,,,,,,,,,,,,,,,,,,,,,,,,,,,,,,,,,,,,,,,,,,,,,,,565,12,198,427,225
2020,A03,03500407,Niños/as con Tamizaje Trastorno Espectro Autista (MCHAT) alterado y  con alteracion del area de lenguaje y/o Social en el control,SECCIÓN F: TAMIZAJE TRASTORNO ESPECTRO AUTISTA  (MCHAT),REM/SerieA/metadata/diccionarios/2020/SA_20_V1.2-CODIGOS.xlsx,205,Col01+Col02,not_applied,195,93,,,,,,,,,,,,,,,,,,,,,,,,,,,,,,,,,,,,,,,,,,,,,,,,,142,12,134,223,90
2020,A05,06902600,TRASTORNO GENERALIZADOS DEL DESARROLLO,SECCIÓN N: INGRESOS AL PROGRAMA DE SALUD  MENTAL EN APS /ESPECIALIDAD,REM/SerieA/metadata/diccionarios/2020/SA_20_V1.2-CODIGOS.xlsx,187,Col01,A05_Col04_Col37,2560,1955,607,405,113,759,201,399,121,239,84,60,15,25,13,19,9,9,8,7,3,9,13,6,4,6,9,4,7,1,2,1,2,0,1,4,2,1,5,69,21,33,24,,,,,,,,2560,12,492,1353,1353
2020,A05,05225000,TRASTORNO GENERALIZADOS DEL DESARROLLO,SECCIÓN O: EGRESOS DEL PROGRAMA DE SALUD  MENTAL POR ALTAS CLÍNICAS EN APS /ESPECIALIDAD,REM/SerieA/metadata/diccionarios/2020/SA_20_V1.2-CODIGOS.xlsx,229,Col01,A05_Col04_Col37,646,448,198,38,22,167,29,109,32,89,32,22,11,11,13,3,11,3,11,0,4,1,7,1,7,2,7,0,3,0,2,2,2,0,1,0,4,220,5,105,0,0,13,5,6,1,,,,,646,12,260,504,504
2021,A03,03500404,Niños/as con Control a los 18 meses,SECCIÓN F: TAMIZAJE TRASTORNO ESPECTRO AUTISTA  (MCHAT),REM/SerieA/metadata/diccionarios/2021/SA_21_V1.2-CODIGOS.xlsm,208,Col01+Col02,not_applied,17785,16586,,,,,,,,,,,,,,,,,,,,,,,,,,,,,,,,,,,,,,,,,,,,,,,,,32278,12,745,4669,3557
2021,A03,03500405,Niños/as con alteración de área Lenguaje y/o Social en Control de los 18 meses,SECCIÓN F: TAMIZAJE TRASTORNO ESPECTRO AUTISTA  (MCHAT),REM/SerieA/metadata/diccionarios/2021/SA_21_V1.2-CODIGOS.xlsm,209,Col01+Col02,not_applied,3229,1889,,,,,,,,,,,,,,,,,,,,,,,,,,,,,,,,,,,,,,,,,,,,,,,,,3940,12,518,2226,1355
2021,A03,03500406,Niños/as con Tamizaje Trastorno Espectro Autista (MCHAT) realizado   con alteración del área de lenguaje y/o Social en el control de los 18 meses,SECCIÓN F: TAMIZAJE TRASTORNO ESPECTRO AUTISTA  (MCHAT),REM/SerieA/metadata/diccionarios/2021/SA_21_V1.2-CODIGOS.xlsm,210,Col01+Col02,not_applied,1201,632,,,,,,,,,,,,,,,,,,,,,,,,,,,,,,,,,,,,,,,,,,,,,,,,,1364,12,273,893,544
2021,A03,03500407,Niños/as con Tamizaje Trastorno Espectro Autista (MCHAT) alterado y  con alteración del área de lenguaje y/o Social en el control,SECCIÓN F: TAMIZAJE TRASTORNO ESPECTRO AUTISTA  (MCHAT),REM/SerieA/metadata/diccionarios/2021/SA_21_V1.2-CODIGOS.xlsm,211,Col01+Col02,not_applied,619,260,,,,,,,,,,,,,,,,,,,,,,,,,,,,,,,,,,,,,,,,,,,,,,,,,563,12,230,571,314
2021,A05,05990022,TRASTORNO GENERALIZADOS DEL DESARROLLO | AUTISMO,SECCIÓN N: INGRESOS AL PROGRAMA DE SALUD  MENTAL EN APS /ESPECIALIDAD,REM/SerieA/metadata/diccionarios/2021/SA_21_V1.2-CODIGOS.xlsm,213,Col01,A05_Col04_Col37,2085,1624,461,408,114,637,130,316,104,192,63,29,8,19,10,13,4,5,6,3,3,1,6,1,3,0,2,0,4,0,0,0,1,0,3,0,0,0,3,29,2,14,23,,,,,,,,2085,12,449,1159,1159
2021,A05,05990023,ASPERGER,SECCIÓN N: INGRESOS AL PROGRAMA DE SALUD  MENTAL EN APS /ESPECIALIDAD,REM/SerieA/metadata/diccionarios/2021/SA_21_V1.2-CODIGOS.xlsm,214,Col01,A05_Col04_Col37,911,695,216,56,15,205,56,196,76,138,47,50,13,19,3,9,0,7,0,6,2,6,1,1,1,1,0,1,0,0,1,0,0,0,1,0,0,0,1,18,9,12,10,,,,,,,,911,12,329,607,607
2021,A05,05990024,SÍNDROME DE RETT,SECCIÓN N: INGRESOS AL PROGRAMA DE SALUD  MENTAL EN APS /ESPECIALIDAD,REM/SerieA/metadata/diccionarios/2021/SA_21_V1.2-CODIGOS.xlsm,215,Col01,A05_Col04_Col37,354,129,225,12,1,41,25,11,16,11,13,3,16,4,20,9,16,1,19,7,8,5,10,7,14,2,19,2,17,2,14,2,5,6,2,4,10,2,3,5,2,0,5,,,,,,,,354,12,58,83,83
2021,A05,05990025,TRASTORNO DESINTEGRATIVO DE LA INFANCIA,SECCIÓN N: INGRESOS AL PROGRAMA DE SALUD  MENTAL EN APS /ESPECIALIDAD,REM/SerieA/metadata/diccionarios/2021/SA_21_V1.2-CODIGOS.xlsm,216,Col01,A05_Col04_Col37,68,29,39,13,2,7,1,3,4,1,5,1,3,1,3,0,4,2,0,1,2,0,3,0,5,0,3,0,0,0,2,0,2,0,0,0,0,0,1,0,0,0,0,,,,,,,,68,11,38,41,41
2021,A05,05990026,TRASTONO GENERALIZADO DEL DESARROLLO NO ESPECÍFICO,SECCIÓN N: INGRESOS AL PROGRAMA DE SALUD  MENTAL EN APS /ESPECIALIDAD,REM/SerieA/metadata/diccionarios/2021/SA_21_V1.2-CODIGOS.xlsm,217,Col01,A05_Col04_Col37,1884,1356,528,332,110,533,152,246,126,165,70,44,10,7,13,9,5,9,3,1,7,4,7,2,9,3,6,0,3,0,2,1,3,0,1,0,1,1,4,37,11,22,17,,,,,,,,1884,12,424,1067,1067
2021,A05,05990027,TRASTORNO GENERALIZADOS DEL DESARROLLO | AUTISMO,SECCIÓN O: EGRESOS DEL PROGRAMA DE SALUD  MENTAL POR ALTAS CLÍNICAS EN APS /ESPECIALIDAD,REM/SerieA/metadata/diccionarios/2021/SA_21_V1.2-CODIGOS.xlsm,259,Col01,A05_Col04_Col37,494,382,112,48,17,133,24,91,21,84,20,17,7,3,4,3,6,0,2,1,3,1,4,0,2,1,1,0,1,0,0,0,0,0,0,0,0,163,0,120,0,1,4,1,8,0,,,,,494,12,207,373,373
2021,A05,05990028,ASPERGER,SECCIÓN O: EGRESOS DEL PROGRAMA DE SALUD  MENTAL POR ALTAS CLÍNICAS EN APS /ESPECIALIDAD,REM/SerieA/metadata/diccionarios/2021/SA_21_V1.2-CODIGOS.xlsm,260,Col01,A05_Col04_Col37,255,197,58,7,0,69,12,54,22,52,12,8,6,4,1,0,1,2,0,0,2,1,0,0,0,0,1,0,0,0,0,0,1,0,0,0,0,74,0,49,1,1,0,0,2,0,,,,,255,12,150,239,239
2021,A05,05990029,SÍNDROME DE RETT,SECCIÓN O: EGRESOS DEL PROGRAMA DE SALUD  MENTAL POR ALTAS CLÍNICAS EN APS /ESPECIALIDAD,REM/SerieA/metadata/diccionarios/2021/SA_21_V1.2-CODIGOS.xlsm,261,Col01,A05_Col04_Col37,75,22,53,4,2,6,7,4,9,1,4,1,2,0,4,2,7,1,4,0,0,0,4,1,3,0,2,0,0,1,1,1,2,0,2,0,0,29,1,4,1,2,0,1,0,2,,,,,75,12,29,31,31
2021,A05,05990030,TRASTORNO DESINTEGRATIVO DE LA INFANCIA,SECCIÓN O: EGRESOS DEL PROGRAMA DE SALUD  MENTAL POR ALTAS CLÍNICAS EN APS /ESPECIALIDAD,REM/SerieA/metadata/diccionarios/2021/SA_21_V1.2-CODIGOS.xlsm,262,Col01,A05_Col04_Col37,18,6,12,1,0,3,0,1,5,0,1,0,0,0,2,0,0,0,2,0,0,0,1,0,0,1,1,0,0,0,0,0,0,0,0,0,0,7,0,1,0,0,1,0,0,0,,,,,18,9,17,19,19
2021,A05,05990031,TRASTONO GENERALIZADO DEL DESARROLLO NO ESPECÍFICO,SECCIÓN O: EGRESOS DEL PROGRAMA DE SALUD  MENTAL POR ALTAS CLÍNICAS EN APS /ESPECIALIDAD,REM/SerieA/metadata/diccionarios/2021/SA_21_V1.2-CODIGOS.xlsm,263,Col01,A05_Col04_Col37,718,493,225,44,18,170,49,133,41,89,30,27,3,8,8,4,4,4,9,2,10,0,5,4,8,1,8,2,14,1,9,0,5,2,0,3,4,230,4,89,1,10,5,1,7,2,,,,,718,12,226,450,449
2022,A03,03500404,Niños/as con Control a los 18 meses,SECCIÓN F: TAMIZAJE TRASTORNO ESPECTRO AUTISTA  (MCHAT),REM/SerieA/metadata/diccionarios/2022/SA_22_V1.1-CODIGOS.xlsm,208,Col01+Col02,not_applied,26006,24507,,,,,,,,,,,,,,,,,,,,,,,,,,,,,,,,,,,,,,,,,,,,,,,,,48850,12,908,6185,5132
2022,A03,03500405,Niños/as con alteración de área Lenguaje y/o Social en Control de los 18 meses,SECCIÓN F: TAMIZAJE TRASTORNO ESPECTRO AUTISTA  (MCHAT),REM/SerieA/metadata/diccionarios/2022/SA_22_V1.1-CODIGOS.xlsm,209,Col01+Col02,not_applied,5002,2868,,,,,,,,,,,,,,,,,,,,,,,,,,,,,,,,,,,,,,,,,,,,,,,,,6530,12,651,3172,2194
2022,A03,03500406,Niños/as con Tamizaje Trastorno Espectro Autista (MCHAT) realizado   con alteración del área de lenguaje y/o Social en el control de los 18 meses,SECCIÓN F: TAMIZAJE TRASTORNO ESPECTRO AUTISTA  (MCHAT),REM/SerieA/metadata/diccionarios/2022/SA_22_V1.1-CODIGOS.xlsm,210,Col01+Col02,not_applied,2157,1298,,,,,,,,,,,,,,,,,,,,,,,,,,,,,,,,,,,,,,,,,,,,,,,,,2773,12,399,1490,1003
2022,A03,03500407,Niños/as con Tamizaje Trastorno Espectro Autista (MCHAT) alterado y  con alteración del área de lenguaje y/o Social en el control,SECCIÓN F: TAMIZAJE TRASTORNO ESPECTRO AUTISTA  (MCHAT),REM/SerieA/metadata/diccionarios/2022/SA_22_V1.1-CODIGOS.xlsm,211,Col01+Col02,not_applied,1020,515,,,,,,,,,,,,,,,,,,,,,,,,,,,,,,,,,,,,,,,,,,,,,,,,,1117,12,315,970,617
2022,A05,05990022,TRASTORNO GENERALIZADOS DEL DESARROLLO | AUTISMO,SECCIÓN N: INGRESOS AL PROGRAMA DE SALUD  MENTAL EN APS /ESPECIALIDAD,REM/SerieA/metadata/diccionarios/2022/SA_22_V1.1-CODIGOS.xlsm,213,Col01,A05_Col04_Col37,4640,3465,1175,753,260,1488,374,726,287,344,160,86,34,25,23,18,8,12,8,3,8,4,1,1,4,1,2,1,1,1,1,0,1,0,2,3,1,1,50,73,25,41,72,,,,,,,,4640,12,658,2297,2297
2022,A05,05990023,ASPERGER,SECCIÓN N: INGRESOS AL PROGRAMA DE SALUD  MENTAL EN APS /ESPECIALIDAD,REM/SerieA/metadata/diccionarios/2022/SA_22_V1.1-CODIGOS.xlsm,214,Col01,A05_Col04_Col37,1207,899,308,57,19,261,60,299,126,193,64,51,21,19,6,4,4,9,1,1,3,3,1,1,1,0,1,0,1,1,0,0,0,0,0,0,0,0,3,10,1,10,22,,,,,,,,1207,12,397,873,873
2022,A05,05990024,SÍNDROME DE RETT,SECCIÓN N: INGRESOS AL PROGRAMA DE SALUD  MENTAL EN APS /ESPECIALIDAD,REM/SerieA/metadata/diccionarios/2022/SA_22_V1.1-CODIGOS.xlsm,215,Col01,A05_Col04_Col37,76,29,47,0,0,2,1,6,8,3,5,6,4,0,5,2,2,3,4,2,5,0,3,1,1,2,4,1,2,0,0,0,1,0,2,1,0,0,1,0,0,0,0,,,,,,,,76,11,22,26,26
2022,A05,05990025,TRASTORNO DESINTEGRATIVO DE LA INFANCIA,SECCIÓN N: INGRESOS AL PROGRAMA DE SALUD  MENTAL EN APS /ESPECIALIDAD,REM/SerieA/metadata/diccionarios/2022/SA_22_V1.1-CODIGOS.xlsm,216,Col01,A05_Col04_Col37,41,13,28,0,0,4,0,4,4,2,4,1,0,0,2,1,3,0,4,0,0,0,5,0,1,1,1,0,2,0,1,0,1,0,0,0,0,0,3,0,1,1,0,,,,,,,,41,10,24,28,28
2022,A05,05990026,TRASTONO GENERALIZADO DEL DESARROLLO NO ESPECÍFICO,SECCIÓN N: INGRESOS AL PROGRAMA DE SALUD  MENTAL EN APS /ESPECIALIDAD,REM/SerieA/metadata/diccionarios/2022/SA_22_V1.1-CODIGOS.xlsm,217,Col01,A05_Col04_Col37,2116,1414,702,312,127,497,180,345,184,166,126,46,20,11,16,16,6,3,9,3,8,4,4,1,5,3,7,1,4,2,1,1,3,2,1,1,1,2,12,23,11,38,28,,,,,,,,2116,12,460,1229,1229
2022,A05,05990027,TRASTORNO GENERALIZADOS DEL DESARROLLO | AUTISMO,SECCIÓN O: EGRESOS DEL PROGRAMA DE SALUD  MENTAL POR ALTAS CLÍNICAS EN APS /ESPECIALIDAD,REM/SerieA/metadata/diccionarios/2022/SA_22_V1.1-CODIGOS.xlsm,259,Col01,A05_Col04_Col37,831,632,199,64,22,283,84,156,39,94,29,19,5,8,0,2,4,5,1,1,0,0,1,0,0,0,3,0,1,0,10,0,0,0,0,0,0,228,0,197,1,0,12,1,23,7,,,,,831,12,307,648,648
2022,A05,05990028,ASPERGER,SECCIÓN O: EGRESOS DEL PROGRAMA DE SALUD  MENTAL POR ALTAS CLÍNICAS EN APS /ESPECIALIDAD,REM/SerieA/metadata/diccionarios/2022/SA_22_V1.1-CODIGOS.xlsm,260,Col01,A05_Col04_Col37,360,277,83,5,3,55,13,85,21,97,23,13,8,7,3,4,1,0,0,0,0,0,0,0,0,0,1,0,0,0,10,0,0,0,0,11,0,105,0,58,0,0,4,0,0,2,,,,,360,12,181,324,324
2022,A05,05990029,SÍNDROME DE RETT,SECCIÓN O: EGRESOS DEL PROGRAMA DE SALUD  MENTAL POR ALTAS CLÍNICAS EN APS /ESPECIALIDAD,REM/SerieA/metadata/diccionarios/2022/SA_22_V1.1-CODIGOS.xlsm,261,Col01,A05_Col04_Col37,24,4,20,0,0,0,0,0,0,0,1,2,2,0,0,1,1,0,1,0,0,0,0,0,0,0,0,1,2,0,12,0,0,0,0,0,1,44,1,3,0,0,0,0,0,0,,,,,24,10,17,18,18
2022,A05,05990030,TRASTORNO DESINTEGRATIVO DE LA INFANCIA,SECCIÓN O: EGRESOS DEL PROGRAMA DE SALUD  MENTAL POR ALTAS CLÍNICAS EN APS /ESPECIALIDAD,REM/SerieA/metadata/diccionarios/2022/SA_22_V1.1-CODIGOS.xlsm,262,Col01,A05_Col04_Col37,26,8,18,1,0,2,1,3,0,0,0,0,1,1,1,0,1,0,0,1,1,0,1,0,0,0,0,0,0,0,12,0,0,0,0,0,0,7,0,3,0,1,0,0,0,1,,,,,26,7,15,15,15
2022,A05,05990031,TRASTONO GENERALIZADO DEL DESARROLLO NO ESPECÍFICO,SECCIÓN O: EGRESOS DEL PROGRAMA DE SALUD  MENTAL POR ALTAS CLÍNICAS EN APS /ESPECIALIDAD,REM/SerieA/metadata/diccionarios/2022/SA_22_V1.1-CODIGOS.xlsm,263,Col01,A05_Col04_Col37,582,435,147,46,12,143,38,120,38,87,24,21,7,7,1,3,2,2,1,2,1,0,3,1,1,0,2,1,2,0,14,0,1,1,0,1,0,261,2,99,0,1,14,2,14,2,,,,,582,12,236,480,480
2023,A03,03500404,Niños/as con Control a los 18 meses,SECCIÓN F: TAMIZAJE TRASTORNO ESPECTRO AUTISTA  (MCHAT-RF),REM/SerieA/metadata/diccionarios/2023/DICCIONARIO CODIGOS SA_23_V1.4.xlsm,215,Col01+Col02,not_applied,38316,36624,2069,2348,,,,,,,,,,,,,,,,,,,,,,,,,,,,,,,,,,,,,,,,,,,,,,,72668,12,1136,7834,6338
2023,A03,03500405,Niños/as con alteración de área Lenguaje y/o Social en Control de los 18 meses,SECCIÓN F: TAMIZAJE TRASTORNO ESPECTRO AUTISTA  (MCHAT-RF),REM/SerieA/metadata/diccionarios/2023/DICCIONARIO CODIGOS SA_23_V1.4.xlsm,216,Col01+Col02,not_applied,6430,3903,242,158,,,,,,,,,,,,,,,,,,,,,,,,,,,,,,,,,,,,,,,,,,,,,,,8415,12,831,4098,2713
2023,A03,09600212,Niños/as con sospecha del Espectro Autista en otros controles o consultas.,SECCIÓN F: TAMIZAJE TRASTORNO ESPECTRO AUTISTA  (MCHAT-RF),REM/SerieA/metadata/diccionarios/2023/DICCIONARIO CODIGOS SA_23_V1.4.xlsm,217,Col01+Col02,not_applied,5234,2987,247,105,,,,,,,,,,,,,,,,,,,,,,,,,,,,,,,,,,,,,,,,,,,,,,,6804,12,731,2668,1745
2023,A03,09600213,Resultado M-CHAT R/F 1° parte | Riego Bajo,SECCIÓN F: TAMIZAJE TRASTORNO ESPECTRO AUTISTA  (MCHAT-RF),REM/SerieA/metadata/diccionarios/2023/DICCIONARIO CODIGOS SA_23_V1.4.xlsm,218,Col01+Col02,not_applied,7743,6340,541,184,,,,,,,,,,,,,,,,,,,,,,,,,,,,,,,,,,,,,,,,,,,,,,,12143,12,880,3831,2520
2023,A03,09600214,Riesgo medio,SECCIÓN F: TAMIZAJE TRASTORNO ESPECTRO AUTISTA  (MCHAT-RF),REM/SerieA/metadata/diccionarios/2023/DICCIONARIO CODIGOS SA_23_V1.4.xlsm,219,Col01+Col02,not_applied,2448,1194,99,49,,,,,,,,,,,,,,,,,,,,,,,,,,,,,,,,,,,,,,,,,,,,,,,2367,12,627,2117,1156
2023,A03,09600215,Riego Alto,SECCIÓN F: TAMIZAJE TRASTORNO ESPECTRO AUTISTA  (MCHAT-RF),REM/SerieA/metadata/diccionarios/2023/DICCIONARIO CODIGOS SA_23_V1.4.xlsm,220,Col01+Col02,not_applied,1349,558,46,28,,,,,,,,,,,,,,,,,,,,,,,,,,,,,,,,,,,,,,,,,,,,,,,1186,12,478,1242,670
2023,A03,09600216,Riesgo Alto con derivación a especialista,SECCIÓN F: TAMIZAJE TRASTORNO ESPECTRO AUTISTA  (MCHAT-RF),REM/SerieA/metadata/diccionarios/2023/DICCIONARIO CODIGOS SA_23_V1.4.xlsm,221,Col01+Col02,not_applied,827,325,23,12,,,,,,,,,,,,,,,,,,,,,,,,,,,,,,,,,,,,,,,,,,,,,,,625,12,373,835,389
2023,A03,09600217,Resultado M-CHAT R/F 2° Parte | Riesgo Medio en 1° parte,SECCIÓN F: TAMIZAJE TRASTORNO ESPECTRO AUTISTA  (MCHAT-RF),REM/SerieA/metadata/diccionarios/2023/DICCIONARIO CODIGOS SA_23_V1.4.xlsm,222,Col01+Col02,not_applied,596,324,12,8,,,,,,,,,,,,,,,,,,,,,,,,,,,,,,,,,,,,,,,,,,,,,,,637,12,247,549,309
2023,A03,09600218,No requiere derivación,SECCIÓN F: TAMIZAJE TRASTORNO ESPECTRO AUTISTA  (MCHAT-RF),REM/SerieA/metadata/diccionarios/2023/DICCIONARIO CODIGOS SA_23_V1.4.xlsm,223,Col01+Col02,not_applied,471,346,21,11,,,,,,,,,,,,,,,,,,,,,,,,,,,,,,,,,,,,,,,,,,,,,,,534,12,267,488,238
2023,A03,09600219,Requiere derivación,SECCIÓN F: TAMIZAJE TRASTORNO ESPECTRO AUTISTA  (MCHAT-RF),REM/SerieA/metadata/diccionarios/2023/DICCIONARIO CODIGOS SA_23_V1.4.xlsm,224,Col01+Col02,not_applied,784,352,32,24,,,,,,,,,,,,,,,,,,,,,,,,,,,,,,,,,,,,,,,,,,,,,,,653,12,346,801,383
2023,A05,05990022,TRASTORNO GENERALIZADOS DEL DESARROLLO | AUTISMO,SECCIÓN N: INGRESOS AL PROGRAMA DE SALUD  MENTAL EN APS /ESPECIALIDAD,REM/SerieA/metadata/diccionarios/2023/DICCIONARIO CODIGOS SA_23_V1.4.xlsm,221,Col01,A05_Col04_Col37,8049,5734,2315,841,288,2489,717,1371,698,755,375,143,86,59,53,27,34,19,26,9,11,11,6,5,7,2,2,2,8,0,1,0,1,0,1,1,1,1,18,126,57,29,35,80,24,13,6,,,,8049,12,920,3712,3712
2023,A05,05990023,ASPERGER,SECCIÓN N: INGRESOS AL PROGRAMA DE SALUD  MENTAL EN APS /ESPECIALIDAD,REM/SerieA/metadata/diccionarios/2023/DICCIONARIO CODIGOS SA_23_V1.4.xlsm,222,Col01,A05_Col04_Col37,1301,858,443,52,16,196,84,282,155,192,101,67,31,29,11,16,13,8,10,3,9,4,3,4,4,3,2,1,1,1,1,0,0,0,2,0,0,1,1,13,10,9,15,13,11,0,2,,,,1301,12,397,842,842
2023,A05,05990024,SÍNDROME DE RETT,SECCIÓN N: INGRESOS AL PROGRAMA DE SALUD  MENTAL EN APS /ESPECIALIDAD,REM/SerieA/metadata/diccionarios/2023/DICCIONARIO CODIGOS SA_23_V1.4.xlsm,223,Col01,A05_Col04_Col37,56,30,26,1,0,12,1,4,3,7,3,2,0,1,2,0,3,0,1,1,4,0,0,0,2,1,1,0,3,1,1,0,0,0,2,0,0,1,0,0,0,1,1,2,1,0,0,,,,56,10,20,26,26
2023,A05,05990025,TRASTORNO DESINTEGRATIVO DE LA INFANCIA,SECCIÓN N: INGRESOS AL PROGRAMA DE SALUD  MENTAL EN APS /ESPECIALIDAD,REM/SerieA/metadata/diccionarios/2023/DICCIONARIO CODIGOS SA_23_V1.4.xlsm,224,Col01,A05_Col04_Col37,67,50,17,5,0,21,5,11,3,7,2,1,0,0,1,2,1,2,1,0,1,0,1,0,1,0,0,0,1,0,0,0,0,0,0,1,0,0,0,1,0,0,1,1,1,5,0,,,,67,12,40,55,55
2023,A05,05990026,TRASTONO GENERALIZADO DEL DESARROLLO NO ESPECÍFICO,SECCIÓN N: INGRESOS AL PROGRAMA DE SALUD  MENTAL EN APS /ESPECIALIDAD,REM/SerieA/metadata/diccionarios/2023/DICCIONARIO CODIGOS SA_23_V1.4.xlsm,225,Col01,A05_Col04_Col37,2669,1729,940,368,161,592,207,403,248,228,161,52,32,22,22,19,19,11,18,7,10,6,12,2,8,2,3,6,7,9,10,1,12,1,7,0,3,2,7,24,15,19,30,39,18,4,0,,,,2669,12,473,1330,1330
2023,A05,05990027,TRASTORNO GENERALIZADOS DEL DESARROLLO | AUTISMO,SECCIÓN O: EGRESOS DEL PROGRAMA DE SALUD  MENTAL POR ALTAS CLÍNICAS EN APS /ESPECIALIDAD,REM/SerieA/metadata/diccionarios/2023/DICCIONARIO CODIGOS SA_23_V1.4.xlsm,269,Col01,A05_Col04_Col37,1814,1350,464,128,45,599,154,325,114,221,110,43,12,14,10,8,5,1,2,0,3,6,2,1,3,2,1,1,1,0,2,0,0,1,0,0,0,510,8,408,1,6,26,11,11,22,15,4,,,1814,12,438,1174,1174
2023,A05,05990028,ASPERGER,SECCIÓN O: EGRESOS DEL PROGRAMA DE SALUD  MENTAL POR ALTAS CLÍNICAS EN APS /ESPECIALIDAD,REM/SerieA/metadata/diccionarios/2023/DICCIONARIO CODIGOS SA_23_V1.4.xlsm,270,Col01,A05_Col04_Col37,434,312,122,5,3,65,7,89,29,88,27,22,14,16,8,10,9,8,4,0,3,2,4,1,1,1,4,1,4,1,3,3,0,0,2,0,0,105,3,115,0,1,7,3,2,5,8,0,,,434,12,195,347,347
2023,A05,05990029,SÍNDROME DE RETT,SECCIÓN O: EGRESOS DEL PROGRAMA DE SALUD  MENTAL POR ALTAS CLÍNICAS EN APS /ESPECIALIDAD,REM/SerieA/metadata/diccionarios/2023/DICCIONARIO CODIGOS SA_23_V1.4.xlsm,271,Col01,A05_Col04_Col37,25,16,9,2,0,3,0,3,1,4,5,0,0,0,0,1,0,0,0,2,0,0,1,0,1,0,1,0,0,0,0,0,0,1,0,0,0,5,0,1,0,0,0,0,0,0,0,0,,,25,8,17,17,17
2023,A05,05990030,TRASTORNO DESINTEGRATIVO DE LA INFANCIA,SECCIÓN O: EGRESOS DEL PROGRAMA DE SALUD  MENTAL POR ALTAS CLÍNICAS EN APS /ESPECIALIDAD,REM/SerieA/metadata/diccionarios/2023/DICCIONARIO CODIGOS SA_23_V1.4.xlsm,272,Col01,A05_Col04_Col37,6,3,3,0,0,1,1,1,0,1,0,0,0,0,0,0,1,0,0,0,0,0,0,0,0,0,0,0,0,0,0,0,0,0,0,0,1,5,0,1,0,0,0,0,0,0,0,0,,,6,7,10,10,10
2023,A05,05990031,TRASTONO GENERALIZADO DEL DESARROLLO NO ESPECÍFICO,SECCIÓN O: EGRESOS DEL PROGRAMA DE SALUD  MENTAL POR ALTAS CLÍNICAS EN APS /ESPECIALIDAD,REM/SerieA/metadata/diccionarios/2023/DICCIONARIO CODIGOS SA_23_V1.4.xlsm,273,Col01,A05_Col04_Col37,721,476,245,58,22,144,47,124,67,105,60,21,12,9,14,4,3,2,4,0,4,4,4,1,2,4,3,0,1,0,1,0,0,0,0,0,1,377,1,151,0,1,10,7,5,3,13,0,,,721,12,280,601,601
2023,A28,29101629,TRASTORNO ESPECTRO AUTISTA,SECCIÓN A.2: INGRESOS POR CONDICIÓN DE SALUD,REM/SerieA/metadata/diccionarios/2023/DICCIONARIO CODIGOS SA_23_V1.4.xlsm,44,Col01,not_applied,3962,2901,1061,1289,490,1087,306,311,121,107,46,29,14,16,15,12,11,4,10,10,8,4,9,6,6,6,4,4,4,6,3,3,2,3,5,4,7,1433,1807,703,31,,,,,,,,,,3962,12,264,978,978
2023,A28,29101651,TRASTORNO ESPECTRO AUTISTA,SECCIÓN B.1: INGRESOS Y EGRESOS  A REHABILITACIÓN INTEGRAL,REM/SerieA/metadata/diccionarios/2023/DICCIONARIO CODIGOS SA_23_V1.4.xlsm,175,Col01,not_applied,731,556,175,231,85,210,45,75,24,17,5,0,1,2,1,2,0,1,0,1,0,0,0,1,4,2,0,2,2,3,1,1,0,1,2,7,5,648,35,48,,,,,,,,,,,731,12,39,155,155
2024,A03,03500404,Niños/as con Control a los 18 meses,SECCIÓN F: TAMIZAJE TRASTORNO ESPECTRO AUTISTA  (MCHAT-RF),REM/SerieA/metadata/diccionarios/2024/DICCIONARIO CODIGOS SA_24_V1.1.xlsm,217,Col01+Col02,not_applied,43681,41505,3113,1312,,,,,,,,,,,,,,,,,,,,,,,,,,,,,,,,,,,,,,,,,,,,,,,82616,12,1283,8755,7096
2024,A03,03500405,Niños/as con alteración de área Lenguaje y/o Social en Control de los 18 meses,SECCIÓN F: TAMIZAJE TRASTORNO ESPECTRO AUTISTA  (MCHAT-RF),REM/SerieA/metadata/diccionarios/2024/DICCIONARIO CODIGOS SA_24_V1.1.xlsm,218,Col01+Col02,not_applied,9117,5657,516,229,,,,,,,,,,,,,,,,,,,,,,,,,,,,,,,,,,,,,,,,,,,,,,,12742,12,955,4871,3486
2024,A03,09600212,Niños/as con sospecha del Espectro Autista en otros controles o consultas.,SECCIÓN F: TAMIZAJE TRASTORNO ESPECTRO AUTISTA  (MCHAT-RF),REM/SerieA/metadata/diccionarios/2024/DICCIONARIO CODIGOS SA_24_V1.1.xlsm,219,Col01+Col02,not_applied,7786,4495,530,130,,,,,,,,,,,,,,,,,,,,,,,,,,,,,,,,,,,,,,,,,,,,,,,10586,12,861,3805,2687
2024,A03,09600213,Resultado M-CHAT R/F 1° parte | Riego Bajo,SECCIÓN F: TAMIZAJE TRASTORNO ESPECTRO AUTISTA  (MCHAT-RF),REM/SerieA/metadata/diccionarios/2024/DICCIONARIO CODIGOS SA_24_V1.1.xlsm,220,Col01+Col02,not_applied,10448,7693,726,228,,,,,,,,,,,,,,,,,,,,,,,,,,,,,,,,,,,,,,,,,,,,,,,15790,12,1082,5350,3684
2024,A03,09600214,Riesgo medio,SECCIÓN F: TAMIZAJE TRASTORNO ESPECTRO AUTISTA  (MCHAT-RF),REM/SerieA/metadata/diccionarios/2024/DICCIONARIO CODIGOS SA_24_V1.1.xlsm,221,Col01+Col02,not_applied,3196,1502,147,78,,,,,,,,,,,,,,,,,,,,,,,,,,,,,,,,,,,,,,,,,,,,,,,3262,12,734,2739,1601
2024,A03,09600215,Riego Alto,SECCIÓN F: TAMIZAJE TRASTORNO ESPECTRO AUTISTA  (MCHAT-RF),REM/SerieA/metadata/diccionarios/2024/DICCIONARIO CODIGOS SA_24_V1.1.xlsm,222,Col01+Col02,not_applied,1566,668,66,36,,,,,,,,,,,,,,,,,,,,,,,,,,,,,,,,,,,,,,,,,,,,,,,1432,12,552,1546,862
2024,A03,09600216,Riesgo Alto con derivación a especialista,SECCIÓN F: TAMIZAJE TRASTORNO ESPECTRO AUTISTA  (MCHAT-RF),REM/SerieA/metadata/diccionarios/2024/DICCIONARIO CODIGOS SA_24_V1.1.xlsm,223,Col01+Col02,not_applied,1243,498,36,28,,,,,,,,,,,,,,,,,,,,,,,,,,,,,,,,,,,,,,,,,,,,,,,1102,12,454,1164,640
2024,A03,09600218,Resultado M-CHAT R/F 2° Parte | No requiere derivación,SECCIÓN F: TAMIZAJE TRASTORNO ESPECTRO AUTISTA  (MCHAT-RF),REM/SerieA/metadata/diccionarios/2024/DICCIONARIO CODIGOS SA_24_V1.1.xlsm,224,Col01+Col02,not_applied,1390,950,98,33,,,,,,,,,,,,,,,,,,,,,,,,,,,,,,,,,,,,,,,,,,,,,,,1775,12,528,1163,696
2024,A03,09600219,Requiere derivación,SECCIÓN F: TAMIZAJE TRASTORNO ESPECTRO AUTISTA  (MCHAT-RF),REM/SerieA/metadata/diccionarios/2024/DICCIONARIO CODIGOS SA_24_V1.1.xlsm,225,Col01+Col02,not_applied,1589,694,54,41,,,,,,,,,,,,,,,,,,,,,,,,,,,,,,,,,,,,,,,,,,,,,,,1470,12,516,1455,795
2024,A03,03700104,Niños/as evaluados en Control de Salud Integral,SECCIÓN F1: TAMIZAJE TRASTORNO ESPECTRO AUTISTA  (31 A 59 MESES),REM/SerieA/metadata/diccionarios/2024/DICCIONARIO CODIGOS SA_24_V1.1.xlsm,230,Col01+Col02,not_applied,20785,18677,983,1065,,,,,,,,,,,,,,,,,,,,,,,,,,,,,,,,,,,,,,,,,,,,,,,38478,12,694,3025,2359
2024,A03,03700105,Niños/as con sospecha del Espectro Autista en otros controles o consultas,SECCIÓN F1: TAMIZAJE TRASTORNO ESPECTRO AUTISTA  (31 A 59 MESES),REM/SerieA/metadata/diccionarios/2024/DICCIONARIO CODIGOS SA_24_V1.1.xlsm,231,Col01+Col02,not_applied,3023,1553,180,111,,,,,,,,,,,,,,,,,,,,,,,,,,,,,,,,,,,,,,,,,,,,,,,3796,12,564,1780,1211
2024,A03,03700106,Sospecha de TEA según pauta de señales de alerta | Sí,SECCIÓN F1: TAMIZAJE TRASTORNO ESPECTRO AUTISTA  (31 A 59 MESES),REM/SerieA/metadata/diccionarios/2024/DICCIONARIO CODIGOS SA_24_V1.1.xlsm,232,Col01+Col02,not_applied,4149,1711,223,175,,,,,,,,,,,,,,,,,,,,,,,,,,,,,,,,,,,,,,,,,,,,,,,4621,12,674,2583,1678
2024,A03,03700107,No,SECCIÓN F1: TAMIZAJE TRASTORNO ESPECTRO AUTISTA  (31 A 59 MESES),REM/SerieA/metadata/diccionarios/2024/DICCIONARIO CODIGOS SA_24_V1.1.xlsm,233,Col01+Col02,not_applied,3279,3044,213,135,,,,,,,,,,,,,,,,,,,,,,,,,,,,,,,,,,,,,,,,,,,,,,,5757,12,495,1499,1050
2024,A03,03700108,Derivación | Si,SECCIÓN F1: TAMIZAJE TRASTORNO ESPECTRO AUTISTA  (31 A 59 MESES),REM/SerieA/metadata/diccionarios/2024/DICCIONARIO CODIGOS SA_24_V1.1.xlsm,234,Col01+Col02,not_applied,3506,1360,179,136,,,,,,,,,,,,,,,,,,,,,,,,,,,,,,,,,,,,,,,,,,,,,,,3735,12,629,2303,1466
2024,A03,03700109,No,SECCIÓN F1: TAMIZAJE TRASTORNO ESPECTRO AUTISTA  (31 A 59 MESES),REM/SerieA/metadata/diccionarios/2024/DICCIONARIO CODIGOS SA_24_V1.1.xlsm,235,Col01+Col02,not_applied,2652,2279,169,110,,,,,,,,,,,,,,,,,,,,,,,,,,,,,,,,,,,,,,,,,,,,,,,4439,12,464,1229,833
2024,A05,05990022,Trastorno Generalizados del Desarrollo | Autismo,SECCIÓN N: INGRESOS AL PROGRAMA DE SALUD  MENTAL EN APS /ESPECIALIDAD,REM/SerieA/metadata/diccionarios/2024/DICCIONARIO CODIGOS SA_24_V1.1.xlsm,224,Col01,A05_Col04_Col37,11842,8164,3678,942,311,3431,1079,2153,1121,1116,682,266,196,106,91,62,73,29,46,23,35,11,22,9,4,8,6,6,8,2,4,0,0,0,0,0,1,2,12,206,64,41,119,94,34,29,5,,,,11842,12,1070,5020,5019
2024,A05,05990023,Asperger,SECCIÓN N: INGRESOS AL PROGRAMA DE SALUD  MENTAL EN APS /ESPECIALIDAD,REM/SerieA/metadata/diccionarios/2024/DICCIONARIO CODIGOS SA_24_V1.1.xlsm,225,Col01,A05_Col04_Col37,922,595,327,25,9,151,60,177,116,129,74,58,21,22,16,16,10,5,9,6,6,1,1,2,1,2,2,0,0,0,0,0,1,1,0,0,1,0,1,10,10,3,13,8,8,3,3,,,,922,12,312,618,618
2024,A05,05990024,Síndrome de Rett,SECCIÓN N: INGRESOS AL PROGRAMA DE SALUD  MENTAL EN APS /ESPECIALIDAD,REM/SerieA/metadata/diccionarios/2024/DICCIONARIO CODIGOS SA_24_V1.1.xlsm,226,Col01,A05_Col04_Col37,15,4,11,1,0,0,1,1,1,0,0,1,2,0,2,0,1,0,3,1,0,0,0,0,0,0,1,0,0,0,0,0,0,0,0,0,0,0,0,1,0,0,0,0,0,0,0,,,,15,6,13,13,13
2024,A05,05990025,Trastorno Desintegrativo de la Infancia,SECCIÓN N: INGRESOS AL PROGRAMA DE SALUD  MENTAL EN APS /ESPECIALIDAD,REM/SerieA/metadata/diccionarios/2024/DICCIONARIO CODIGOS SA_24_V1.1.xlsm,227,Col01,A05_Col04_Col37,47,27,20,2,3,9,2,2,5,3,5,2,0,4,1,1,2,2,0,0,0,0,0,1,1,0,0,0,1,0,0,0,0,0,0,1,0,0,0,0,1,0,1,0,1,0,0,,,,47,12,27,34,34
2024,A05,05990026,Trastorno Generalizado del Desarrollo no Específico,SECCIÓN N: INGRESOS AL PROGRAMA DE SALUD  MENTAL EN APS /ESPECIALIDAD,REM/SerieA/metadata/diccionarios/2024/DICCIONARIO CODIGOS SA_24_V1.1.xlsm,228,Col01,A05_Col04_Col37,2062,1357,705,194,75,459,182,365,205,222,127,41,30,37,20,15,17,14,20,5,5,2,4,1,4,0,7,1,4,0,2,0,1,1,1,0,1,1,2,26,9,9,27,28,20,2,1,,,,2062,12,457,1132,1132
2024,A05,05990027,Trastorno Generalizados del Desarrollo | Autismo,SECCIÓN O: EGRESOS DEL PROGRAMA DE SALUD  MENTAL POR ALTAS CLÍNICAS EN APS /ESPECIALIDAD,REM/SerieA/metadata/diccionarios/2024/DICCIONARIO CODIGOS SA_24_V1.1.xlsm,272,Col01,A05_Col04_Col37,3315,2331,984,139,60,909,280,681,278,445,222,76,57,24,24,17,20,17,11,9,11,3,2,1,5,1,3,2,4,1,2,1,3,2,2,3,1,1013,11,836,1,1,47,16,11,27,36,10,,,3315,12,625,1811,1810
2024,A05,05990028,Asperger,SECCIÓN O: EGRESOS DEL PROGRAMA DE SALUD  MENTAL POR ALTAS CLÍNICAS EN APS /ESPECIALIDAD,REM/SerieA/metadata/diccionarios/2024/DICCIONARIO CODIGOS SA_24_V1.1.xlsm,273,Col01,A05_Col04_Col37,476,340,136,8,0,62,16,88,37,111,50,37,22,14,2,6,3,6,1,3,1,2,1,0,1,2,0,0,1,1,0,0,1,0,0,0,0,157,0,117,0,0,9,1,2,4,7,1,,,476,12,220,378,378
2024,A05,05990029,Síndrome de Rett,SECCIÓN O: EGRESOS DEL PROGRAMA DE SALUD  MENTAL POR ALTAS CLÍNICAS EN APS /ESPECIALIDAD,REM/SerieA/metadata/diccionarios/2024/DICCIONARIO CODIGOS SA_24_V1.1.xlsm,274,Col01,A05_Col04_Col37,71,28,43,8,0,3,1,4,1,1,4,0,3,0,9,2,2,0,4,1,5,0,2,2,4,3,1,1,1,0,1,0,3,0,1,3,1,21,0,0,0,0,0,0,0,0,1,0,,,71,8,9,17,17
2024,A05,05990030,Trastorno Desintegrativo de la Infancia,SECCIÓN O: EGRESOS DEL PROGRAMA DE SALUD  MENTAL POR ALTAS CLÍNICAS EN APS /ESPECIALIDAD,REM/SerieA/metadata/diccionarios/2024/DICCIONARIO CODIGOS SA_24_V1.1.xlsm,275,Col01,A05_Col04_Col37,8,4,4,1,0,0,0,3,0,0,1,0,0,0,0,0,0,0,1,0,2,0,0,0,0,0,0,0,0,0,0,0,0,0,0,0,0,4,0,2,0,0,0,0,0,0,0,0,,,8,7,8,8,8
2024,A05,05990031,Trastorno Generalizado del Desarrollo no Específico,SECCIÓN O: EGRESOS DEL PROGRAMA DE SALUD  MENTAL POR ALTAS CLÍNICAS EN APS /ESPECIALIDAD,REM/SerieA/metadata/diccionarios/2024/DICCIONARIO CODIGOS SA_24_V1.1.xlsm,276,Col01,A05_Col04_Col37,1073,616,457,45,19,141,47,163,69,125,93,56,64,23,22,9,35,22,23,9,20,6,12,9,4,2,15,7,20,1,7,0,7,0,0,0,0,454,1,198,0,0,8,3,1,8,6,1,,,1073,12,269,566,565
2024,A28,29101629,Trastorno Espectro Autista,SECCIÓN A.2: INGRESOS POR CONDICIÓN DE SALUD,REM/SerieA/metadata/diccionarios/2024/DICCIONARIO CODIGOS SA_24_V1.1.xlsm,44,Col01,not_applied,7033,5173,1860,1843,696,2357,713,696,267,217,117,31,15,5,17,5,13,3,5,7,1,3,3,1,3,1,4,1,3,3,0,1,1,0,1,0,4,3725,1353,1867,42,,,,,,,,,,7033,12,313,1196,1196
2024,A28,29101651,Trastorno espectro autista,SECCIÓN B.1: INGRESOS Y EGRESOS  A REHABILITACIÓN INTEGRAL,REM/SerieA/metadata/diccionarios/2024/DICCIONARIO CODIGOS SA_24_V1.1.xlsm,174,Col01,not_applied,1045,712,333,274,134,297,116,89,44,18,11,8,2,2,0,0,1,1,2,2,0,1,1,0,1,0,1,4,5,3,6,3,5,2,2,8,2,888,30,127,,,,,,,,,,,1045,12,50,218,218
