era,year,variant,position,panel,horizon_days,n_discharges,n_eligible,n_readmitted_any_cause,n_readmitted_f84,n_with_overlapping_next_admission,pct_any_cause,pct_any_cause_lo,pct_any_cause_hi,pct_f84,pct_f84_lo,pct_f84_hi,unit,denominator,script
2019-2020,2019,con_rett,any,fixed65,30,2381,2381,360,249,7,15.1197,13.737,16.6148,10.4578,9.2917,11.7513,egresos GRD (índice) y reingresos,n_eligible,lancet_americas/pipeline/11_grd_episode_detail.py
2019-2020,2019,con_rett,any,fixed65,90,2381,2381,520,352,7,21.8396,20.2261,23.5437,14.7837,13.4148,16.2661,egresos GRD (índice) y reingresos,n_eligible,lancet_americas/pipeline/11_grd_episode_detail.py
2019-2020,2019,con_rett,any,fixed65,365,2381,2381,755,517,7,31.7094,29.871,33.6067,21.7136,20.1038,23.4145,egresos GRD (índice) y reingresos,n_eligible,lancet_americas/pipeline/11_grd_episode_detail.py
2019-2020,2019,con_rett,any,observed,30,2381,2381,360,249,7,15.1197,13.737,16.6148,10.4578,9.2917,11.7513,egresos GRD (índice) y reingresos,n_eligible,lancet_americas/pipeline/11_grd_episode_detail.py
2019-2020,2019,con_rett,any,observed,90,2381,2381,520,352,7,21.8396,20.2261,23.5437,14.7837,13.4148,16.2661,egresos GRD (índice) y reingresos,n_eligible,lancet_americas/pipeline/11_grd_episode_detail.py
2019-2020,2019,con_rett,any,observed,365,2381,2381,755,517,7,31.7094,29.871,33.6067,21.7136,20.1038,23.4145,egresos GRD (índice) y reingresos,n_eligible,lancet_americas/pipeline/11_grd_episode_detail.py
2019-2020,2019,con_rett,principal,fixed65,30,241,241,60,53,2,24.8963,19.8595,30.7207,21.9917,17.2245,27.6378,egresos GRD (índice) y reingresos,n_eligible,lancet_americas/pipeline/11_grd_episode_detail.py
2019-2020,2019,con_rett,principal,fixed65,90,241,241,88,80,2,36.5145,30.6916,42.7606,33.195,27.5542,39.3631,egresos GRD (índice) y reingresos,n_eligible,lancet_americas/pipeline/11_grd_episode_detail.py
2019-2020,2019,con_rett,principal,fixed65,365,241,241,115,101,2,47.7178,41.4972,54.0101,41.9087,35.854,48.2173,egresos GRD (índice) y reingresos,n_eligible,lancet_americas/pipeline/11_grd_episode_detail.py
2019-2020,2019,con_rett,principal,observed,30,241,241,60,53,2,24.8963,19.8595,30.7207,21.9917,17.2245,27.6378,egresos GRD (índice) y reingresos,n_eligible,lancet_americas/pipeline/11_grd_episode_detail.py
2019-2020,2019,con_rett,principal,observed,90,241,241,88,80,2,36.5145,30.6916,42.7606,33.195,27.5542,39.3631,egresos GRD (índice) y reingresos,n_eligible,lancet_americas/pipeline/11_grd_episode_detail.py
2019-2020,2019,con_rett,principal,observed,365,241,241,115,101,2,47.7178,41.4972,54.0101,41.9087,35.854,48.2173,egresos GRD (índice) y reingresos,n_eligible,lancet_americas/pipeline/11_grd_episode_detail.py
2019-2020,2019,con_rett,secondary_only,fixed65,30,2140,2140,300,196,5,14.0187,12.6121,15.5542,9.1589,8.0089,10.4552,egresos GRD (índice) y reingresos,n_eligible,lancet_americas/pipeline/11_grd_episode_detail.py
2019-2020,2019,con_rett,secondary_only,fixed65,90,2140,2140,432,272,5,20.1869,18.5404,21.9403,12.7103,11.3655,14.1887,egresos GRD (índice) y reingresos,n_eligible,lancet_americas/pipeline/11_grd_episode_detail.py
2019-2020,2019,con_rett,secondary_only,fixed65,365,2140,2140,640,416,5,29.9065,28.0041,31.881,19.4393,17.818,21.1701,egresos GRD (índice) y reingresos,n_eligible,lancet_americas/pipeline/11_grd_episode_detail.py
2019-2020,2019,con_rett,secondary_only,observed,30,2140,2140,300,196,5,14.0187,12.6121,15.5542,9.1589,8.0089,10.4552,egresos GRD (índice) y reingresos,n_eligible,lancet_americas/pipeline/11_grd_episode_detail.py
2019-2020,2019,con_rett,secondary_only,observed,90,2140,2140,432,272,5,20.1869,18.5404,21.9403,12.7103,11.3655,14.1887,egresos GRD (índice) y reingresos,n_eligible,lancet_americas/pipeline/11_grd_episode_detail.py
2019-2020,2019,con_rett,secondary_only,observed,365,2140,2140,640,416,5,29.9065,28.0041,31.881,19.4393,17.818,21.1701,egresos GRD (índice) y reingresos,n_eligible,lancet_americas/pipeline/11_grd_episode_detail.py
2019-2020,2019,sin_rett,any,fixed65,30,2330,2330,352,241,7,15.1073,13.7107,16.6188,10.3433,9.1714,11.6458,egresos GRD (índice) y reingresos,n_eligible,lancet_americas/pipeline/11_grd_episode_detail.py
2019-2020,2019,sin_rett,any,fixed65,90,2330,2330,510,343,7,21.8884,20.2565,23.6129,14.721,13.3404,16.2178,egresos GRD (índice) y reingresos,n_eligible,lancet_americas/pipeline/11_grd_episode_detail.py
2019-2020,2019,sin_rett,any,fixed65,365,2330,2330,734,498,7,31.5021,29.6477,33.4174,21.3734,19.7567,23.0843,egresos GRD (índice) y reingresos,n_eligible,lancet_americas/pipeline/11_grd_episode_detail.py
2019-2020,2019,sin_rett,any,observed,30,2330,2330,352,241,7,15.1073,13.7107,16.6188,10.3433,9.1714,11.6458,egresos GRD (índice) y reingresos,n_eligible,lancet_americas/pipeline/11_grd_episode_detail.py
2019-2020,2019,sin_rett,any,observed,90,2330,2330,510,343,7,21.8884,20.2565,23.6129,14.721,13.3404,16.2178,egresos GRD (índice) y reingresos,n_eligible,lancet_americas/pipeline/11_grd_episode_detail.py
2019-2020,2019,sin_rett,any,observed,365,2330,2330,734,498,7,31.5021,29.6477,33.4174,21.3734,19.7567,23.0843,egresos GRD (índice) y reingresos,n_eligible,lancet_americas/pipeline/11_grd_episode_detail.py
2019-2020,2019,sin_rett,principal,fixed65,30,228,228,59,52,2,25.8772,20.6252,31.9285,22.807,17.8378,28.6774,egresos GRD (índice) y reingresos,n_eligible,lancet_americas/pipeline/11_grd_episode_detail.py
2019-2020,2019,sin_rett,principal,fixed65,90,228,228,87,79,2,38.1579,32.0981,44.6102,34.6491,28.7729,41.034,egresos GRD (índice) y reingresos,n_eligible,lancet_americas/pipeline/11_grd_episode_detail.py
2019-2020,2019,sin_rett,principal,fixed65,365,228,228,111,97,2,48.6842,42.2721,55.1399,42.5439,36.3021,49.0327,egresos GRD (índice) y reingresos,n_eligible,lancet_americas/pipeline/11_grd_episode_detail.py
2019-2020,2019,sin_rett,principal,observed,30,228,228,59,52,2,25.8772,20.6252,31.9285,22.807,17.8378,28.6774,egresos GRD (índice) y reingresos,n_eligible,lancet_americas/pipeline/11_grd_episode_detail.py
2019-2020,2019,sin_rett,principal,observed,90,228,228,87,79,2,38.1579,32.0981,44.6102,34.6491,28.7729,41.034,egresos GRD (índice) y reingresos,n_eligible,lancet_americas/pipeline/11_grd_episode_detail.py
2019-2020,2019,sin_rett,principal,observed,365,228,228,111,97,2,48.6842,42.2721,55.1399,42.5439,36.3021,49.0327,egresos GRD (índice) y reingresos,n_eligible,lancet_americas/pipeline/11_grd_episode_detail.py
2019-2020,2019,sin_rett,secondary_only,fixed65,30,2102,2102,293,189,5,13.9391,12.5241,15.4856,8.9914,7.8422,10.2903,egresos GRD (índice) y reingresos,n_eligible,lancet_americas/pipeline/11_grd_episode_detail.py
2019-2020,2019,sin_rett,secondary_only,fixed65,90,2102,2102,423,264,5,20.1237,18.465,21.8914,12.5595,11.2107,14.0448,egresos GRD (índice) y reingresos,n_eligible,lancet_americas/pipeline/11_grd_episode_detail.py
2019-2020,2019,sin_rett,secondary_only,fixed65,365,2102,2102,623,401,5,29.6384,27.7248,31.6264,19.0771,17.4544,20.8126,egresos GRD (índice) y reingresos,n_eligible,lancet_americas/pipeline/11_grd_episode_detail.py
2019-2020,2019,sin_rett,secondary_only,observed,30,2102,2102,293,189,5,13.9391,12.5241,15.4856,8.9914,7.8422,10.2903,egresos GRD (índice) y reingresos,n_eligible,lancet_americas/pipeline/11_grd_episode_detail.py
2019-2020,2019,sin_rett,secondary_only,observed,90,2102,2102,423,264,5,20.1237,18.465,21.8914,12.5595,11.2107,14.0448,egresos GRD (índice) y reingresos,n_eligible,lancet_americas/pipeline/11_grd_episode_detail.py
2019-2020,2019,sin_rett,secondary_only,observed,365,2102,2102,623,401,5,29.6384,27.7248,31.6264,19.0771,17.4544,20.8126,egresos GRD (índice) y reingresos,n_eligible,lancet_americas/pipeline/11_grd_episode_detail.py
2019-2020,2019,strict_autism_f840,any,fixed65,30,1398,1398,171,121,4,12.2318,10.6169,14.0536,8.6552,7.2923,10.2448,egresos GRD (índice) y reingresos,n_eligible,lancet_americas/pipeline/11_grd_episode_detail.py
2019-2020,2019,strict_autism_f840,any,fixed65,90,1398,1398,253,183,4,18.0973,16.1674,20.202,13.0901,11.4227,14.9598,egresos GRD (índice) y reingresos,n_eligible,lancet_americas/pipeline/11_grd_episode_detail.py
2019-2020,2019,strict_autism_f840,any,fixed65,365,1398,1398,375,270,4,26.824,24.5674,29.2076,19.3133,17.3292,21.4656,egresos GRD (índice) y reingresos,n_eligible,lancet_americas/pipeline/11_grd_episode_detail.py
2019-2020,2019,strict_autism_f840,any,observed,30,1398,1398,171,121,4,12.2318,10.6169,14.0536,8.6552,7.2923,10.2448,egresos GRD (índice) y reingresos,n_eligible,lancet_americas/pipeline/11_grd_episode_detail.py
2019-2020,2019,strict_autism_f840,any,observed,90,1398,1398,253,183,4,18.0973,16.1674,20.202,13.0901,11.4227,14.9598,egresos GRD (índice) y reingresos,n_eligible,lancet_americas/pipeline/11_grd_episode_detail.py
2019-2020,2019,strict_autism_f840,any,observed,365,1398,1398,375,270,4,26.824,24.5674,29.2076,19.3133,17.3292,21.4656,egresos GRD (índice) y reingresos,n_eligible,lancet_americas/pipeline/11_grd_episode_detail.py
2019-2020,2019,strict_autism_f840,principal,fixed65,30,150,150,41,32,1,27.3333,20.8341,34.9645,21.3333,15.5362,28.5621,egresos GRD (índice) y reingresos,n_eligible,lancet_americas/pipeline/11_grd_episode_detail.py
2019-2020,2019,strict_autism_f840,principal,fixed65,90,150,150,56,45,1,37.3333,29.9998,45.2994,30.0,23.2408,37.758,egresos GRD (índice) y reingresos,n_eligible,lancet_americas/pipeline/11_grd_episode_detail.py
2019-2020,2019,strict_autism_f840,principal,fixed65,365,150,150,69,57,1,46.0,38.2236,53.9762,38.0,30.6237,45.9756,egresos GRD (índice) y reingresos,n_eligible,lancet_americas/pipeline/11_grd_episode_detail.py
2019-2020,2019,strict_autism_f840,principal,observed,30,150,150,41,32,1,27.3333,20.8341,34.9645,21.3333,15.5362,28.5621,egresos GRD (índice) y reingresos,n_eligible,lancet_americas/pipeline/11_grd_episode_detail.py
2019-2020,2019,strict_autism_f840,principal,observed,90,150,150,56,45,1,37.3333,29.9998,45.2994,30.0,23.2408,37.758,egresos GRD (índice) y reingresos,n_eligible,lancet_americas/pipeline/11_grd_episode_detail.py
2019-2020,2019,strict_autism_f840,principal,observed,365,150,150,69,57,1,46.0,38.2236,53.9762,38.0,30.6237,45.9756,egresos GRD (índice) y reingresos,n_eligible,lancet_americas/pipeline/11_grd_episode_detail.py
2019-2020,2019,strict_autism_f840,secondary_only,fixed65,30,1248,1248,130,89,3,10.4167,8.8416,12.2347,7.1314,5.8313,8.6946,egresos GRD (índice) y reingresos,n_eligible,lancet_americas/pipeline/11_grd_episode_detail.py
2019-2020,2019,strict_autism_f840,secondary_only,fixed65,90,1248,1248,197,138,3,15.7853,13.8678,17.9127,11.0577,9.4358,12.9185,egresos GRD (índice) y reingresos,n_eligible,lancet_americas/pipeline/11_grd_episode_detail.py
2019-2020,2019,strict_autism_f840,secondary_only,fixed65,365,1248,1248,306,213,3,24.5192,22.213,26.9818,17.0673,15.0818,19.2549,egresos GRD (índice) y reingresos,n_eligible,lancet_americas/pipeline/11_grd_episode_detail.py
2019-2020,2019,strict_autism_f840,secondary_only,observed,30,1248,1248,130,89,3,10.4167,8.8416,12.2347,7.1314,5.8313,8.6946,egresos GRD (índice) y reingresos,n_eligible,lancet_americas/pipeline/11_grd_episode_detail.py
2019-2020,2019,strict_autism_f840,secondary_only,observed,90,1248,1248,197,138,3,15.7853,13.8678,17.9127,11.0577,9.4358,12.9185,egresos GRD (índice) y reingresos,n_eligible,lancet_americas/pipeline/11_grd_episode_detail.py
2019-2020,2019,strict_autism_f840,secondary_only,observed,365,1248,1248,306,213,3,24.5192,22.213,26.9818,17.0673,15.0818,19.2549,egresos GRD (índice) y reingresos,n_eligible,lancet_americas/pipeline/11_grd_episode_detail.py
2019-2020,2020,con_rett,any,fixed65,30,1633,1480,234,174,1,15.8108,14.0409,17.7578,11.7568,10.2139,13.4976,egresos GRD (índice) y reingresos,n_eligible,lancet_americas/pipeline/11_grd_episode_detail.py
2019-2020,2020,con_rett,any,fixed65,90,1633,1190,264,200,1,22.1849,19.9158,24.6329,16.8067,14.7897,19.0373,egresos GRD (índice) y reingresos,n_eligible,lancet_americas/pipeline/11_grd_episode_detail.py
2019-2020,2020,con_rett,any,fixed65,365,1633,1,0,0,1,0.0,0.0,79.3451,0.0,0.0,79.3451,egresos GRD (índice) y reingresos,n_eligible,lancet_americas/pipeline/11_grd_episode_detail.py
2019-2020,2020,con_rett,any,observed,30,1633,1480,234,174,1,15.8108,14.0409,17.7578,11.7568,10.2139,13.4976,egresos GRD (índice) y reingresos,n_eligible,lancet_americas/pipeline/11_grd_episode_detail.py
2019-2020,2020,con_rett,any,observed,90,1633,1190,264,200,1,22.1849,19.9158,24.6329,16.8067,14.7897,19.0373,egresos GRD (índice) y reingresos,n_eligible,lancet_americas/pipeline/11_grd_episode_detail.py
2019-2020,2020,con_rett,any,observed,365,1633,1,0,0,1,0.0,0.0,79.3451,0.0,0.0,79.3451,egresos GRD (índice) y reingresos,n_eligible,lancet_americas/pipeline/11_grd_episode_detail.py
2019-2020,2020,con_rett,principal,fixed65,30,163,156,28,28,0,17.9487,12.7201,24.7179,17.9487,12.7201,24.7179,egresos GRD (índice) y reingresos,n_eligible,lancet_americas/pipeline/11_grd_episode_detail.py
2019-2020,2020,con_rett,principal,fixed65,90,163,130,35,33,0,26.9231,20.0417,35.1291,25.3846,18.6842,33.498,egresos GRD (índice) y reingresos,n_eligible,lancet_americas/pipeline/11_grd_episode_detail.py
2019-2020,2020,con_rett,principal,fixed65,365,163,0,0,0,0,,,,,,,egresos GRD (índice) y reingresos,n_eligible,lancet_americas/pipeline/11_grd_episode_detail.py
2019-2020,2020,con_rett,principal,observed,30,163,156,28,28,0,17.9487,12.7201,24.7179,17.9487,12.7201,24.7179,egresos GRD (índice) y reingresos,n_eligible,lancet_americas/pipeline/11_grd_episode_detail.py
2019-2020,2020,con_rett,principal,observed,90,163,130,35,33,0,26.9231,20.0417,35.1291,25.3846,18.6842,33.498,egresos GRD (índice) y reingresos,n_eligible,lancet_americas/pipeline/11_grd_episode_detail.py
2019-2020,2020,con_rett,principal,observed,365,163,0,0,0,0,,,,,,,egresos GRD (índice) y reingresos,n_eligible,lancet_americas/pipeline/11_grd_episode_detail.py
2019-2020,2020,con_rett,secondary_only,fixed65,30,1470,1324,206,146,1,15.5589,13.7064,17.6107,11.0272,9.4514,12.8285,egresos GRD (índice) y reingresos,n_eligible,lancet_americas/pipeline/11_grd_episode_detail.py
2019-2020,2020,con_rett,secondary_only,fixed65,90,1470,1060,229,167,1,21.6038,19.2312,24.1814,15.7547,13.6857,18.0711,egresos GRD (índice) y reingresos,n_eligible,lancet_americas/pipeline/11_grd_episode_detail.py
2019-2020,2020,con_rett,secondary_only,fixed65,365,1470,1,0,0,1,0.0,0.0,79.3451,0.0,0.0,79.3451,egresos GRD (índice) y reingresos,n_eligible,lancet_americas/pipeline/11_grd_episode_detail.py
2019-2020,2020,con_rett,secondary_only,observed,30,1470,1324,206,146,1,15.5589,13.7064,17.6107,11.0272,9.4514,12.8285,egresos GRD (índice) y reingresos,n_eligible,lancet_americas/pipeline/11_grd_episode_detail.py
2019-2020,2020,con_rett,secondary_only,observed,90,1470,1060,229,167,1,21.6038,19.2312,24.1814,15.7547,13.6857,18.0711,egresos GRD (índice) y reingresos,n_eligible,lancet_americas/pipeline/11_grd_episode_detail.py
2019-2020,2020,con_rett,secondary_only,observed,365,1470,1,0,0,1,0.0,0.0,79.3451,0.0,0.0,79.3451,egresos GRD (índice) y reingresos,n_eligible,lancet_americas/pipeline/11_grd_episode_detail.py
2019-2020,2020,sin_rett,any,fixed65,30,1609,1459,231,172,1,15.8328,14.0497,17.7953,11.7889,10.2337,13.5448,egresos GRD (índice) y reingresos,n_eligible,lancet_americas/pipeline/11_grd_episode_detail.py
2019-2020,2020,sin_rett,any,fixed65,90,1609,1172,260,197,1,22.1843,19.8986,24.6517,16.8089,14.7772,19.0574,egresos GRD (índice) y reingresos,n_eligible,lancet_americas/pipeline/11_grd_episode_detail.py
2019-2020,2020,sin_rett,any,fixed65,365,1609,1,0,0,1,0.0,0.0,79.3451,0.0,0.0,79.3451,egresos GRD (índice) y reingresos,n_eligible,lancet_americas/pipeline/11_grd_episode_detail.py
2019-2020,2020,sin_rett,any,observed,30,1609,1459,231,172,1,15.8328,14.0497,17.7953,11.7889,10.2337,13.5448,egresos GRD (índice) y reingresos,n_eligible,lancet_americas/pipeline/11_grd_episode_detail.py
2019-2020,2020,sin_rett,any,observed,90,1609,1172,260,197,1,22.1843,19.8986,24.6517,16.8089,14.7772,19.0574,egresos GRD (índice) y reingresos,n_eligible,lancet_americas/pipeline/11_grd_episode_detail.py
2019-2020,2020,sin_rett,any,observed,365,1609,1,0,0,1,0.0,0.0,79.3451,0.0,0.0,79.3451,egresos GRD (índice) y reingresos,n_eligible,lancet_americas/pipeline/11_grd_episode_detail.py
2019-2020,2020,sin_rett,principal,fixed65,30,157,150,28,28,0,18.6667,13.2424,25.6557,18.6667,13.2424,25.6557,egresos GRD (índice) y reingresos,n_eligible,lancet_americas/pipeline/11_grd_episode_detail.py
2019-2020,2020,sin_rett,principal,fixed65,90,157,125,34,32,0,27.2,20.1661,35.5935,25.6,18.7567,33.8983,egresos GRD (índice) y reingresos,n_eligible,lancet_americas/pipeline/11_grd_episode_detail.py
2019-2020,2020,sin_rett,principal,fixed65,365,157,0,0,0,0,,,,,,,egresos GRD (índice) y reingresos,n_eligible,lancet_americas/pipeline/11_grd_episode_detail.py
2019-2020,2020,sin_rett,principal,observed,30,157,150,28,28,0,18.6667,13.2424,25.6557,18.6667,13.2424,25.6557,egresos GRD (índice) y reingresos,n_eligible,lancet_americas/pipeline/11_grd_episode_detail.py
2019-2020,2020,sin_rett,principal,observed,90,157,125,34,32,0,27.2,20.1661,35.5935,25.6,18.7567,33.8983,egresos GRD (índice) y reingresos,n_eligible,lancet_americas/pipeline/11_grd_episode_detail.py
2019-2020,2020,sin_rett,principal,observed,365,157,0,0,0,0,,,,,,,egresos GRD (índice) y reingresos,n_eligible,lancet_americas/pipeline/11_grd_episode_detail.py
2019-2020,2020,sin_rett,secondary_only,fixed65,30,1452,1309,203,144,1,15.508,13.6483,17.5696,11.0008,9.4185,12.8113,egresos GRD (índice) y reingresos,n_eligible,lancet_americas/pipeline/11_grd_episode_detail.py
2019-2020,2020,sin_rett,secondary_only,fixed65,90,1452,1047,226,165,1,21.5855,19.1997,24.179,15.7593,13.678,18.091,egresos GRD (índice) y reingresos,n_eligible,lancet_americas/pipeline/11_grd_episode_detail.py
2019-2020,2020,sin_rett,secondary_only,fixed65,365,1452,1,0,0,1,0.0,0.0,79.3451,0.0,0.0,79.3451,egresos GRD (índice) y reingresos,n_eligible,lancet_americas/pipeline/11_grd_episode_detail.py
2019-2020,2020,sin_rett,secondary_only,observed,30,1452,1309,203,144,1,15.508,13.6483,17.5696,11.0008,9.4185,12.8113,egresos GRD (índice) y reingresos,n_eligible,lancet_americas/pipeline/11_grd_episode_detail.py
2019-2020,2020,sin_rett,secondary_only,observed,90,1452,1047,226,165,1,21.5855,19.1997,24.179,15.7593,13.678,18.091,egresos GRD (índice) y reingresos,n_eligible,lancet_americas/pipeline/11_grd_episode_detail.py
2019-2020,2020,sin_rett,secondary_only,observed,365,1452,1,0,0,1,0.0,0.0,79.3451,0.0,0.0,79.3451,egresos GRD (índice) y reingresos,n_eligible,lancet_americas/pipeline/11_grd_episode_detail.py
2019-2020,2020,strict_autism_f840,any,fixed65,30,1084,973,150,114,0,15.4162,13.2837,17.8208,11.7163,9.8444,13.8893,egresos GRD (índice) y reingresos,n_eligible,lancet_americas/pipeline/11_grd_episode_detail.py
2019-2020,2020,strict_autism_f840,any,fixed65,90,1084,764,165,126,0,21.5969,18.8249,24.653,16.4921,14.0295,19.29,egresos GRD (índice) y reingresos,n_eligible,lancet_americas/pipeline/11_grd_episode_detail.py
2019-2020,2020,strict_autism_f840,any,fixed65,365,1084,1,0,0,0,0.0,0.0,79.3451,0.0,0.0,79.3451,egresos GRD (índice) y reingresos,n_eligible,lancet_americas/pipeline/11_grd_episode_detail.py
2019-2020,2020,strict_autism_f840,any,observed,30,1084,973,150,114,0,15.4162,13.2837,17.8208,11.7163,9.8444,13.8893,egresos GRD (índice) y reingresos,n_eligible,lancet_americas/pipeline/11_grd_episode_detail.py
2019-2020,2020,strict_autism_f840,any,observed,90,1084,764,165,126,0,21.5969,18.8249,24.653,16.4921,14.0295,19.29,egresos GRD (índice) y reingresos,n_eligible,lancet_americas/pipeline/11_grd_episode_detail.py
2019-2020,2020,strict_autism_f840,any,observed,365,1084,1,0,0,0,0.0,0.0,79.3451,0.0,0.0,79.3451,egresos GRD (índice) y reingresos,n_eligible,lancet_americas/pipeline/11_grd_episode_detail.py
2019-2020,2020,strict_autism_f840,principal,fixed65,30,114,109,22,21,0,20.1835,13.7237,28.6733,19.2661,12.9607,27.6639,egresos GRD (índice) y reingresos,n_eligible,lancet_americas/pipeline/11_grd_episode_detail.py
2019-2020,2020,strict_autism_f840,principal,fixed65,90,114,90,26,23,0,28.8889,20.5421,38.964,25.5556,17.6748,35.4376,egresos GRD (índice) y reingresos,n_eligible,lancet_americas/pipeline/11_grd_episode_detail.py
2019-2020,2020,strict_autism_f840,principal,fixed65,365,114,0,0,0,0,,,,,,,egresos GRD (índice) y reingresos,n_eligible,lancet_americas/pipeline/11_grd_episode_detail.py
2019-2020,2020,strict_autism_f840,principal,observed,30,114,109,22,21,0,20.1835,13.7237,28.6733,19.2661,12.9607,27.6639,egresos GRD (índice) y reingresos,n_eligible,lancet_americas/pipeline/11_grd_episode_detail.py
2019-2020,2020,strict_autism_f840,principal,observed,90,114,90,26,23,0,28.8889,20.5421,38.964,25.5556,17.6748,35.4376,egresos GRD (índice) y reingresos,n_eligible,lancet_americas/pipeline/11_grd_episode_detail.py
2019-2020,2020,strict_autism_f840,principal,observed,365,114,0,0,0,0,,,,,,,egresos GRD (índice) y reingresos,n_eligible,lancet_americas/pipeline/11_grd_episode_detail.py
2019-2020,2020,strict_autism_f840,secondary_only,fixed65,30,970,864,128,93,0,14.8148,12.6019,17.3392,10.7639,8.8683,13.0068,egresos GRD (índice) y reingresos,n_eligible,lancet_americas/pipeline/11_grd_episode_detail.py
2019-2020,2020,strict_autism_f840,secondary_only,fixed65,90,970,674,139,103,0,20.6231,17.7392,23.84,15.2819,12.7628,18.1945,egresos GRD (índice) y reingresos,n_eligible,lancet_americas/pipeline/11_grd_episode_detail.py
2019-2020,2020,strict_autism_f840,secondary_only,fixed65,365,970,1,0,0,0,0.0,0.0,79.3451,0.0,0.0,79.3451,egresos GRD (índice) y reingresos,n_eligible,lancet_americas/pipeline/11_grd_episode_detail.py
2019-2020,2020,strict_autism_f840,secondary_only,observed,30,970,864,128,93,0,14.8148,12.6019,17.3392,10.7639,8.8683,13.0068,egresos GRD (índice) y reingresos,n_eligible,lancet_americas/pipeline/11_grd_episode_detail.py
2019-2020,2020,strict_autism_f840,secondary_only,observed,90,970,674,139,103,0,20.6231,17.7392,23.84,15.2819,12.7628,18.1945,egresos GRD (índice) y reingresos,n_eligible,lancet_americas/pipeline/11_grd_episode_detail.py
2019-2020,2020,strict_autism_f840,secondary_only,observed,365,970,1,0,0,0,0.0,0.0,79.3451,0.0,0.0,79.3451,egresos GRD (índice) y reingresos,n_eligible,lancet_americas/pipeline/11_grd_episode_detail.py
2021-2024,2021,con_rett,any,fixed65,30,2399,2399,324,249,1,13.5056,12.1961,14.9318,10.3793,9.2215,11.6638,egresos GRD (índice) y reingresos,n_eligible,lancet_americas/pipeline/11_grd_episode_detail.py
2021-2024,2021,con_rett,any,fixed65,90,2399,2399,484,381,1,20.1751,18.6175,21.828,15.8816,14.4737,17.3986,egresos GRD (índice) y reingresos,n_eligible,lancet_americas/pipeline/11_grd_episode_detail.py
2021-2024,2021,con_rett,any,fixed65,365,2399,2399,777,601,1,32.3885,30.5454,34.2879,25.0521,23.359,26.825,egresos GRD (índice) y reingresos,n_eligible,lancet_americas/pipeline/11_grd_episode_detail.py
2021-2024,2021,con_rett,any,observed,30,2399,2399,324,249,1,13.5056,12.1961,14.9318,10.3793,9.2215,11.6638,egresos GRD (índice) y reingresos,n_eligible,lancet_americas/pipeline/11_grd_episode_detail.py
2021-2024,2021,con_rett,any,observed,90,2399,2399,484,381,1,20.1751,18.6175,21.828,15.8816,14.4737,17.3986,egresos GRD (índice) y reingresos,n_eligible,lancet_americas/pipeline/11_grd_episode_detail.py
2021-2024,2021,con_rett,any,observed,365,2399,2399,777,601,1,32.3885,30.5454,34.2879,25.0521,23.359,26.825,egresos GRD (índice) y reingresos,n_eligible,lancet_americas/pipeline/11_grd_episode_detail.py
2021-2024,2021,con_rett,principal,fixed65,30,189,189,32,30,0,16.9312,12.256,22.9239,15.873,11.3507,21.755,egresos GRD (índice) y reingresos,n_eligible,lancet_americas/pipeline/11_grd_episode_detail.py
2021-2024,2021,con_rett,principal,fixed65,90,189,189,54,52,0,28.5714,22.608,35.3886,27.5132,21.6423,34.2801,egresos GRD (índice) y reingresos,n_eligible,lancet_americas/pipeline/11_grd_episode_detail.py
2021-2024,2021,con_rett,principal,fixed65,365,189,189,91,86,0,48.1481,41.1328,55.2373,45.5026,38.5633,52.6212,egresos GRD (índice) y reingresos,n_eligible,lancet_americas/pipeline/11_grd_episode_detail.py
2021-2024,2021,con_rett,principal,observed,30,189,189,32,30,0,16.9312,12.256,22.9239,15.873,11.3507,21.755,egresos GRD (índice) y reingresos,n_eligible,lancet_americas/pipeline/11_grd_episode_detail.py
2021-2024,2021,con_rett,principal,observed,90,189,189,54,52,0,28.5714,22.608,35.3886,27.5132,21.6423,34.2801,egresos GRD (índice) y reingresos,n_eligible,lancet_americas/pipeline/11_grd_episode_detail.py
2021-2024,2021,con_rett,principal,observed,365,189,189,91,86,0,48.1481,41.1328,55.2373,45.5026,38.5633,52.6212,egresos GRD (índice) y reingresos,n_eligible,lancet_americas/pipeline/11_grd_episode_detail.py
2021-2024,2021,con_rett,secondary_only,fixed65,30,2210,2210,292,219,1,13.2127,11.8645,14.6885,9.9095,8.7325,11.2256,egresos GRD (índice) y reingresos,n_eligible,lancet_americas/pipeline/11_grd_episode_detail.py
2021-2024,2021,con_rett,secondary_only,fixed65,90,2210,2210,430,329,1,19.457,17.8601,21.1599,14.8869,13.4638,16.4318,egresos GRD (índice) y reingresos,n_eligible,lancet_americas/pipeline/11_grd_episode_detail.py
2021-2024,2021,con_rett,secondary_only,fixed65,365,2210,2210,686,515,1,31.0407,29.1461,33.0011,23.3032,21.5878,25.1111,egresos GRD (índice) y reingresos,n_eligible,lancet_americas/pipeline/11_grd_episode_detail.py
2021-2024,2021,con_rett,secondary_only,observed,30,2210,2210,292,219,1,13.2127,11.8645,14.6885,9.9095,8.7325,11.2256,egresos GRD (índice) y reingresos,n_eligible,lancet_americas/pipeline/11_grd_episode_detail.py
2021-2024,2021,con_rett,secondary_only,observed,90,2210,2210,430,329,1,19.457,17.8601,21.1599,14.8869,13.4638,16.4318,egresos GRD (índice) y reingresos,n_eligible,lancet_americas/pipeline/11_grd_episode_detail.py
2021-2024,2021,con_rett,secondary_only,observed,365,2210,2210,686,515,1,31.0407,29.1461,33.0011,23.3032,21.5878,25.1111,egresos GRD (índice) y reingresos,n_eligible,lancet_americas/pipeline/11_grd_episode_detail.py
2021-2024,2021,sin_rett,any,fixed65,30,2367,2367,322,247,1,13.6037,12.2814,15.0439,10.4351,9.267,11.7315,egresos GRD (índice) y reingresos,n_eligible,lancet_americas/pipeline/11_grd_episode_detail.py
2021-2024,2021,sin_rett,any,fixed65,90,2367,2367,482,378,1,20.3633,18.7897,22.033,15.9696,14.5491,17.5003,egresos GRD (índice) y reingresos,n_eligible,lancet_americas/pipeline/11_grd_episode_detail.py
2021-2024,2021,sin_rett,any,fixed65,365,2367,2367,766,588,1,32.3616,30.5067,34.2737,24.8416,23.1426,26.6221,egresos GRD (índice) y reingresos,n_eligible,lancet_americas/pipeline/11_grd_episode_detail.py
2021-2024,2021,sin_rett,any,observed,30,2367,2367,322,247,1,13.6037,12.2814,15.0439,10.4351,9.267,11.7315,egresos GRD (índice) y reingresos,n_eligible,lancet_americas/pipeline/11_grd_episode_detail.py
2021-2024,2021,sin_rett,any,observed,90,2367,2367,482,378,1,20.3633,18.7897,22.033,15.9696,14.5491,17.5003,egresos GRD (índice) y reingresos,n_eligible,lancet_americas/pipeline/11_grd_episode_detail.py
2021-2024,2021,sin_rett,any,observed,365,2367,2367,766,588,1,32.3616,30.5067,34.2737,24.8416,23.1426,26.6221,egresos GRD (índice) y reingresos,n_eligible,lancet_americas/pipeline/11_grd_episode_detail.py
2021-2024,2021,sin_rett,principal,fixed65,30,186,186,32,30,0,17.2043,12.4583,23.2776,16.129,11.5378,22.0911,egresos GRD (índice) y reingresos,n_eligible,lancet_americas/pipeline/11_grd_episode_detail.py
2021-2024,2021,sin_rett,principal,fixed65,90,186,186,54,52,0,29.0323,22.9857,35.9274,27.957,22.0035,34.8026,egresos GRD (índice) y reingresos,n_eligible,lancet_americas/pipeline/11_grd_episode_detail.py
2021-2024,2021,sin_rett,principal,fixed65,365,186,186,91,86,0,48.9247,41.8356,56.0574,46.2366,39.22,53.4055,egresos GRD (índice) y reingresos,n_eligible,lancet_americas/pipeline/11_grd_episode_detail.py
2021-2024,2021,sin_rett,principal,observed,30,186,186,32,30,0,17.2043,12.4583,23.2776,16.129,11.5378,22.0911,egresos GRD (índice) y reingresos,n_eligible,lancet_americas/pipeline/11_grd_episode_detail.py
2021-2024,2021,sin_rett,principal,observed,90,186,186,54,52,0,29.0323,22.9857,35.9274,27.957,22.0035,34.8026,egresos GRD (índice) y reingresos,n_eligible,lancet_americas/pipeline/11_grd_episode_detail.py
2021-2024,2021,sin_rett,principal,observed,365,186,186,91,86,0,48.9247,41.8356,56.0574,46.2366,39.22,53.4055,egresos GRD (índice) y reingresos,n_eligible,lancet_americas/pipeline/11_grd_episode_detail.py
2021-2024,2021,sin_rett,secondary_only,fixed65,30,2181,2181,290,217,1,13.2967,11.936,14.7864,9.9496,8.7629,11.2771,egresos GRD (índice) y reingresos,n_eligible,lancet_americas/pipeline/11_grd_episode_detail.py
2021-2024,2021,sin_rett,secondary_only,fixed65,90,2181,2181,428,326,1,19.624,18.0113,21.3436,14.9473,13.5126,16.5052,egresos GRD (índice) y reingresos,n_eligible,lancet_americas/pipeline/11_grd_episode_detail.py
2021-2024,2021,sin_rett,secondary_only,fixed65,365,2181,2181,675,502,1,30.9491,29.0439,32.9213,23.017,21.2987,24.8301,egresos GRD (índice) y reingresos,n_eligible,lancet_americas/pipeline/11_grd_episode_detail.py
2021-2024,2021,sin_rett,secondary_only,observed,30,2181,2181,290,217,1,13.2967,11.936,14.7864,9.9496,8.7629,11.2771,egresos GRD (índice) y reingresos,n_eligible,lancet_americas/pipeline/11_grd_episode_detail.py
2021-2024,2021,sin_rett,secondary_only,observed,90,2181,2181,428,326,1,19.624,18.0113,21.3436,14.9473,13.5126,16.5052,egresos GRD (índice) y reingresos,n_eligible,lancet_americas/pipeline/11_grd_episode_detail.py
2021-2024,2021,sin_rett,secondary_only,observed,365,2181,2181,675,502,1,30.9491,29.0439,32.9213,23.017,21.2987,24.8301,egresos GRD (índice) y reingresos,n_eligible,lancet_americas/pipeline/11_grd_episode_detail.py
2021-2024,2021,strict_autism_f840,any,fixed65,30,1848,1848,244,168,1,13.2035,11.7361,14.8235,9.0909,7.8637,10.4879,egresos GRD (índice) y reingresos,n_eligible,lancet_americas/pipeline/11_grd_episode_detail.py
2021-2024,2021,strict_autism_f840,any,fixed65,90,1848,1848,370,266,1,20.0216,18.2602,21.9075,14.3939,12.8673,16.0683,egresos GRD (índice) y reingresos,n_eligible,lancet_americas/pipeline/11_grd_episode_detail.py
2021-2024,2021,strict_autism_f840,any,fixed65,365,1848,1848,600,422,1,32.4675,30.3709,34.6369,22.8355,20.9791,24.8046,egresos GRD (índice) y reingresos,n_eligible,lancet_americas/pipeline/11_grd_episode_detail.py
2021-2024,2021,strict_autism_f840,any,observed,30,1848,1848,244,168,1,13.2035,11.7361,14.8235,9.0909,7.8637,10.4879,egresos GRD (índice) y reingresos,n_eligible,lancet_americas/pipeline/11_grd_episode_detail.py
2021-2024,2021,strict_autism_f840,any,observed,90,1848,1848,370,266,1,20.0216,18.2602,21.9075,14.3939,12.8673,16.0683,egresos GRD (índice) y reingresos,n_eligible,lancet_americas/pipeline/11_grd_episode_detail.py
2021-2024,2021,strict_autism_f840,any,observed,365,1848,1848,600,422,1,32.4675,30.3709,34.6369,22.8355,20.9791,24.8046,egresos GRD (índice) y reingresos,n_eligible,lancet_americas/pipeline/11_grd_episode_detail.py
2021-2024,2021,strict_autism_f840,principal,fixed65,30,139,139,26,18,0,18.705,13.0966,25.9967,12.9496,8.3506,19.5415,egresos GRD (índice) y reingresos,n_eligible,lancet_americas/pipeline/11_grd_episode_detail.py
2021-2024,2021,strict_autism_f840,principal,fixed65,90,139,139,41,32,0,29.4964,22.5491,37.5466,23.0216,16.8055,30.6887,egresos GRD (índice) y reingresos,n_eligible,lancet_americas/pipeline/11_grd_episode_detail.py
2021-2024,2021,strict_autism_f840,principal,fixed65,365,139,139,66,54,0,47.482,39.3603,55.7392,38.8489,31.1501,47.1475,egresos GRD (índice) y reingresos,n_eligible,lancet_americas/pipeline/11_grd_episode_detail.py
2021-2024,2021,strict_autism_f840,principal,observed,30,139,139,26,18,0,18.705,13.0966,25.9967,12.9496,8.3506,19.5415,egresos GRD (índice) y reingresos,n_eligible,lancet_americas/pipeline/11_grd_episode_detail.py
2021-2024,2021,strict_autism_f840,principal,observed,90,139,139,41,32,0,29.4964,22.5491,37.5466,23.0216,16.8055,30.6887,egresos GRD (índice) y reingresos,n_eligible,lancet_americas/pipeline/11_grd_episode_detail.py
2021-2024,2021,strict_autism_f840,principal,observed,365,139,139,66,54,0,47.482,39.3603,55.7392,38.8489,31.1501,47.1475,egresos GRD (índice) y reingresos,n_eligible,lancet_americas/pipeline/11_grd_episode_detail.py
2021-2024,2021,strict_autism_f840,secondary_only,fixed65,30,1709,1709,218,150,1,12.756,11.2575,14.4216,8.7771,7.5263,10.2127,egresos GRD (índice) y reingresos,n_eligible,lancet_americas/pipeline/11_grd_episode_detail.py
2021-2024,2021,strict_autism_f840,secondary_only,fixed65,90,1709,1709,329,234,1,19.251,17.4515,21.1884,13.6922,12.1436,15.4037,egresos GRD (índice) y reingresos,n_eligible,lancet_americas/pipeline/11_grd_episode_detail.py
2021-2024,2021,strict_autism_f840,secondary_only,fixed65,365,1709,1709,534,368,1,31.2463,29.093,33.4838,21.5331,19.6492,23.5446,egresos GRD (índice) y reingresos,n_eligible,lancet_americas/pipeline/11_grd_episode_detail.py
2021-2024,2021,strict_autism_f840,secondary_only,observed,30,1709,1709,218,150,1,12.756,11.2575,14.4216,8.7771,7.5263,10.2127,egresos GRD (índice) y reingresos,n_eligible,lancet_americas/pipeline/11_grd_episode_detail.py
2021-2024,2021,strict_autism_f840,secondary_only,observed,90,1709,1709,329,234,1,19.251,17.4515,21.1884,13.6922,12.1436,15.4037,egresos GRD (índice) y reingresos,n_eligible,lancet_americas/pipeline/11_grd_episode_detail.py
2021-2024,2021,strict_autism_f840,secondary_only,observed,365,1709,1709,534,368,1,31.2463,29.093,33.4838,21.5331,19.6492,23.5446,egresos GRD (índice) y reingresos,n_eligible,lancet_americas/pipeline/11_grd_episode_detail.py
2021-2024,2022,con_rett,any,fixed65,30,3909,3909,483,386,2,12.3561,11.3613,13.4248,9.8746,8.9785,10.8496,egresos GRD (índice) y reingresos,n_eligible,lancet_americas/pipeline/11_grd_episode_detail.py
2021-2024,2022,con_rett,any,fixed65,90,3909,3909,739,582,2,18.9051,17.7084,20.1628,14.8887,13.8073,16.0391,egresos GRD (índice) y reingresos,n_eligible,lancet_americas/pipeline/11_grd_episode_detail.py
2021-2024,2022,con_rett,any,fixed65,365,3909,3909,1226,984,2,31.3635,29.9279,32.8357,25.1727,23.837,26.5571,egresos GRD (índice) y reingresos,n_eligible,lancet_americas/pipeline/11_grd_episode_detail.py
2021-2024,2022,con_rett,any,observed,30,3909,3909,483,386,2,12.3561,11.3613,13.4248,9.8746,8.9785,10.8496,egresos GRD (índice) y reingresos,n_eligible,lancet_americas/pipeline/11_grd_episode_detail.py
2021-2024,2022,con_rett,any,observed,90,3909,3909,739,582,2,18.9051,17.7084,20.1628,14.8887,13.8073,16.0391,egresos GRD (índice) y reingresos,n_eligible,lancet_americas/pipeline/11_grd_episode_detail.py
2021-2024,2022,con_rett,any,observed,365,3909,3909,1226,984,2,31.3635,29.9279,32.8357,25.1727,23.837,26.5571,egresos GRD (índice) y reingresos,n_eligible,lancet_americas/pipeline/11_grd_episode_detail.py
2021-2024,2022,con_rett,principal,fixed65,30,304,304,64,62,0,21.0526,16.8454,25.9823,20.3947,16.248,25.2804,egresos GRD (índice) y reingresos,n_eligible,lancet_americas/pipeline/11_grd_episode_detail.py
2021-2024,2022,con_rett,principal,fixed65,90,304,304,88,85,0,28.9474,24.1371,34.283,27.9605,23.2145,33.2566,egresos GRD (índice) y reingresos,n_eligible,lancet_americas/pipeline/11_grd_episode_detail.py
2021-2024,2022,con_rett,principal,fixed65,365,304,304,126,116,0,41.4474,36.05,47.0582,38.1579,32.8772,43.7342,egresos GRD (índice) y reingresos,n_eligible,lancet_americas/pipeline/11_grd_episode_detail.py
2021-2024,2022,con_rett,principal,observed,30,304,304,64,62,0,21.0526,16.8454,25.9823,20.3947,16.248,25.2804,egresos GRD (índice) y reingresos,n_eligible,lancet_americas/pipeline/11_grd_episode_detail.py
2021-2024,2022,con_rett,principal,observed,90,304,304,88,85,0,28.9474,24.1371,34.283,27.9605,23.2145,33.2566,egresos GRD (índice) y reingresos,n_eligible,lancet_americas/pipeline/11_grd_episode_detail.py
2021-2024,2022,con_rett,principal,observed,365,304,304,126,116,0,41.4474,36.05,47.0582,38.1579,32.8772,43.7342,egresos GRD (índice) y reingresos,n_eligible,lancet_americas/pipeline/11_grd_episode_detail.py
2021-2024,2022,con_rett,secondary_only,fixed65,30,3605,3605,419,324,2,11.6227,10.6171,12.7101,8.9875,8.097,9.9653,egresos GRD (índice) y reingresos,n_eligible,lancet_americas/pipeline/11_grd_episode_detail.py
2021-2024,2022,con_rett,secondary_only,fixed65,90,3605,3605,651,497,2,18.0583,16.8368,19.3477,13.7864,12.6995,14.9504,egresos GRD (índice) y reingresos,n_eligible,lancet_americas/pipeline/11_grd_episode_detail.py
2021-2024,2022,con_rett,secondary_only,fixed65,365,3605,3605,1100,868,2,30.5132,29.0315,32.0364,24.0777,22.71,25.5005,egresos GRD (índice) y reingresos,n_eligible,lancet_americas/pipeline/11_grd_episode_detail.py
2021-2024,2022,con_rett,secondary_only,observed,30,3605,3605,419,324,2,11.6227,10.6171,12.7101,8.9875,8.097,9.9653,egresos GRD (índice) y reingresos,n_eligible,lancet_americas/pipeline/11_grd_episode_detail.py
2021-2024,2022,con_rett,secondary_only,observed,90,3605,3605,651,497,2,18.0583,16.8368,19.3477,13.7864,12.6995,14.9504,egresos GRD (índice) y reingresos,n_eligible,lancet_americas/pipeline/11_grd_episode_detail.py
2021-2024,2022,con_rett,secondary_only,observed,365,3605,3605,1100,868,2,30.5132,29.0315,32.0364,24.0777,22.71,25.5005,egresos GRD (índice) y reingresos,n_eligible,lancet_americas/pipeline/11_grd_episode_detail.py
2021-2024,2022,sin_rett,any,fixed65,30,3856,3856,472,377,2,12.2407,11.2436,13.3129,9.777,8.8792,10.7548,egresos GRD (índice) y reingresos,n_eligible,lancet_americas/pipeline/11_grd_episode_detail.py
2021-2024,2022,sin_rett,any,fixed65,90,3856,3856,717,563,2,18.5944,17.3979,19.8534,14.6006,13.5213,15.7504,egresos GRD (índice) y reingresos,n_eligible,lancet_americas/pipeline/11_grd_episode_detail.py
2021-2024,2022,sin_rett,any,fixed65,365,3856,3856,1193,951,2,30.9388,29.4994,32.4161,24.6629,23.328,26.0482,egresos GRD (índice) y reingresos,n_eligible,lancet_americas/pipeline/11_grd_episode_detail.py
2021-2024,2022,sin_rett,any,observed,30,3856,3856,472,377,2,12.2407,11.2436,13.3129,9.777,8.8792,10.7548,egresos GRD (índice) y reingresos,n_eligible,lancet_americas/pipeline/11_grd_episode_detail.py
2021-2024,2022,sin_rett,any,observed,90,3856,3856,717,563,2,18.5944,17.3979,19.8534,14.6006,13.5213,15.7504,egresos GRD (índice) y reingresos,n_eligible,lancet_americas/pipeline/11_grd_episode_detail.py
2021-2024,2022,sin_rett,any,observed,365,3856,3856,1193,951,2,30.9388,29.4994,32.4161,24.6629,23.328,26.0482,egresos GRD (índice) y reingresos,n_eligible,lancet_americas/pipeline/11_grd_episode_detail.py
2021-2024,2022,sin_rett,principal,fixed65,30,295,295,60,58,0,20.339,16.1407,25.2998,19.661,15.5281,24.5739,egresos GRD (índice) y reingresos,n_eligible,lancet_americas/pipeline/11_grd_episode_detail.py
2021-2024,2022,sin_rett,principal,fixed65,90,295,295,83,80,0,28.1356,23.3108,33.5225,27.1186,22.3637,32.4618,egresos GRD (índice) y reingresos,n_eligible,lancet_americas/pipeline/11_grd_episode_detail.py
2021-2024,2022,sin_rett,principal,fixed65,365,295,295,121,111,0,41.0169,35.5546,46.7103,37.6271,32.2913,43.281,egresos GRD (índice) y reingresos,n_eligible,lancet_americas/pipeline/11_grd_episode_detail.py
2021-2024,2022,sin_rett,principal,observed,30,295,295,60,58,0,20.339,16.1407,25.2998,19.661,15.5281,24.5739,egresos GRD (índice) y reingresos,n_eligible,lancet_americas/pipeline/11_grd_episode_detail.py
2021-2024,2022,sin_rett,principal,observed,90,295,295,83,80,0,28.1356,23.3108,33.5225,27.1186,22.3637,32.4618,egresos GRD (índice) y reingresos,n_eligible,lancet_americas/pipeline/11_grd_episode_detail.py
2021-2024,2022,sin_rett,principal,observed,365,295,295,121,111,0,41.0169,35.5546,46.7103,37.6271,32.2913,43.281,egresos GRD (índice) y reingresos,n_eligible,lancet_americas/pipeline/11_grd_episode_detail.py
2021-2024,2022,sin_rett,secondary_only,fixed65,30,3561,3561,412,319,2,11.5698,10.5604,12.662,8.9582,8.0639,9.9409,egresos GRD (índice) y reingresos,n_eligible,lancet_americas/pipeline/11_grd_episode_detail.py
2021-2024,2022,sin_rett,secondary_only,fixed65,90,3561,3561,634,483,2,17.804,16.5824,19.0949,13.5636,12.4782,14.7275,egresos GRD (índice) y reingresos,n_eligible,lancet_americas/pipeline/11_grd_episode_detail.py
2021-2024,2022,sin_rett,secondary_only,fixed65,365,3561,3561,1072,840,2,30.1039,28.6194,31.6313,23.5889,22.2234,25.0113,egresos GRD (índice) y reingresos,n_eligible,lancet_americas/pipeline/11_grd_episode_detail.py
2021-2024,2022,sin_rett,secondary_only,observed,30,3561,3561,412,319,2,11.5698,10.5604,12.662,8.9582,8.0639,9.9409,egresos GRD (índice) y reingresos,n_eligible,lancet_americas/pipeline/11_grd_episode_detail.py
2021-2024,2022,sin_rett,secondary_only,observed,90,3561,3561,634,483,2,17.804,16.5824,19.0949,13.5636,12.4782,14.7275,egresos GRD (índice) y reingresos,n_eligible,lancet_americas/pipeline/11_grd_episode_detail.py
2021-2024,2022,sin_rett,secondary_only,observed,365,3561,3561,1072,840,2,30.1039,28.6194,31.6313,23.5889,22.2234,25.0113,egresos GRD (índice) y reingresos,n_eligible,lancet_americas/pipeline/11_grd_episode_detail.py
2021-2024,2022,strict_autism_f840,any,fixed65,30,3058,3058,347,261,2,11.3473,10.2713,12.5203,8.535,7.596,9.578,egresos GRD (índice) y reingresos,n_eligible,lancet_americas/pipeline/11_grd_episode_detail.py
2021-2024,2022,strict_autism_f840,any,fixed65,90,3058,3058,528,398,2,17.2662,15.9679,18.6466,13.015,11.8687,14.2541,egresos GRD (índice) y reingresos,n_eligible,lancet_americas/pipeline/11_grd_episode_detail.py
2021-2024,2022,strict_autism_f840,any,fixed65,365,3058,3058,906,704,2,29.6272,28.0352,31.2703,23.0216,21.5639,24.5469,egresos GRD (índice) y reingresos,n_eligible,lancet_americas/pipeline/11_grd_episode_detail.py
2021-2024,2022,strict_autism_f840,any,observed,30,3058,3058,347,261,2,11.3473,10.2713,12.5203,8.535,7.596,9.578,egresos GRD (índice) y reingresos,n_eligible,lancet_americas/pipeline/11_grd_episode_detail.py
2021-2024,2022,strict_autism_f840,any,observed,90,3058,3058,528,398,2,17.2662,15.9679,18.6466,13.015,11.8687,14.2541,egresos GRD (índice) y reingresos,n_eligible,lancet_americas/pipeline/11_grd_episode_detail.py
2021-2024,2022,strict_autism_f840,any,observed,365,3058,3058,906,704,2,29.6272,28.0352,31.2703,23.0216,21.5639,24.5469,egresos GRD (índice) y reingresos,n_eligible,lancet_americas/pipeline/11_grd_episode_detail.py
2021-2024,2022,strict_autism_f840,principal,fixed65,30,202,202,40,32,0,19.802,14.8925,25.8386,15.8416,11.4504,21.5077,egresos GRD (índice) y reingresos,n_eligible,lancet_americas/pipeline/11_grd_episode_detail.py
2021-2024,2022,strict_autism_f840,principal,fixed65,90,202,202,54,45,0,26.7327,21.1055,33.2283,22.2772,17.0867,28.5025,egresos GRD (índice) y reingresos,n_eligible,lancet_americas/pipeline/11_grd_episode_detail.py
2021-2024,2022,strict_autism_f840,principal,fixed65,365,202,202,84,68,0,41.5842,35.0063,48.4761,33.6634,27.5054,40.431,egresos GRD (índice) y reingresos,n_eligible,lancet_americas/pipeline/11_grd_episode_detail.py
2021-2024,2022,strict_autism_f840,principal,observed,30,202,202,40,32,0,19.802,14.8925,25.8386,15.8416,11.4504,21.5077,egresos GRD (índice) y reingresos,n_eligible,lancet_americas/pipeline/11_grd_episode_detail.py
2021-2024,2022,strict_autism_f840,principal,observed,90,202,202,54,45,0,26.7327,21.1055,33.2283,22.2772,17.0867,28.5025,egresos GRD (índice) y reingresos,n_eligible,lancet_americas/pipeline/11_grd_episode_detail.py
2021-2024,2022,strict_autism_f840,principal,observed,365,202,202,84,68,0,41.5842,35.0063,48.4761,33.6634,27.5054,40.431,egresos GRD (índice) y reingresos,n_eligible,lancet_americas/pipeline/11_grd_episode_detail.py
2021-2024,2022,strict_autism_f840,secondary_only,fixed65,30,2856,2856,307,229,2,10.7493,9.6656,11.9384,8.0182,7.0777,9.0715,egresos GRD (índice) y reingresos,n_eligible,lancet_americas/pipeline/11_grd_episode_detail.py
2021-2024,2022,strict_autism_f840,secondary_only,fixed65,90,2856,2856,474,353,2,16.5966,15.2772,18.0058,12.3599,11.2032,13.6178,egresos GRD (índice) y reingresos,n_eligible,lancet_americas/pipeline/11_grd_episode_detail.py
2021-2024,2022,strict_autism_f840,secondary_only,fixed65,365,2856,2856,822,636,2,28.7815,27.1504,30.4696,22.2689,20.7809,23.8315,egresos GRD (índice) y reingresos,n_eligible,lancet_americas/pipeline/11_grd_episode_detail.py
2021-2024,2022,strict_autism_f840,secondary_only,observed,30,2856,2856,307,229,2,10.7493,9.6656,11.9384,8.0182,7.0777,9.0715,egresos GRD (índice) y reingresos,n_eligible,lancet_americas/pipeline/11_grd_episode_detail.py
2021-2024,2022,strict_autism_f840,secondary_only,observed,90,2856,2856,474,353,2,16.5966,15.2772,18.0058,12.3599,11.2032,13.6178,egresos GRD (índice) y reingresos,n_eligible,lancet_americas/pipeline/11_grd_episode_detail.py
2021-2024,2022,strict_autism_f840,secondary_only,observed,365,2856,2856,822,636,2,28.7815,27.1504,30.4696,22.2689,20.7809,23.8315,egresos GRD (índice) y reingresos,n_eligible,lancet_americas/pipeline/11_grd_episode_detail.py
2021-2024,2023,con_rett,any,fixed65,30,6419,6419,875,724,2,13.6314,12.8137,14.4926,11.279,10.5282,12.0762,egresos GRD (índice) y reingresos,n_eligible,lancet_americas/pipeline/11_grd_episode_detail.py
2021-2024,2023,con_rett,any,fixed65,90,6419,6419,1314,1076,2,20.4705,19.5012,21.4751,16.7627,15.8689,17.6963,egresos GRD (índice) y reingresos,n_eligible,lancet_americas/pipeline/11_grd_episode_detail.py
2021-2024,2023,con_rett,any,fixed65,365,6419,6419,2085,1708,2,32.4817,31.3468,33.6375,26.6085,25.5417,27.7033,egresos GRD (índice) y reingresos,n_eligible,lancet_americas/pipeline/11_grd_episode_detail.py
2021-2024,2023,con_rett,any,observed,30,6471,6471,880,726,2,13.5991,12.7855,14.4559,11.2193,10.4732,12.0114,egresos GRD (índice) y reingresos,n_eligible,lancet_americas/pipeline/11_grd_episode_detail.py
2021-2024,2023,con_rett,any,observed,90,6471,6471,1325,1083,2,20.476,19.5104,21.4765,16.7362,15.8465,17.6654,egresos GRD (índice) y reingresos,n_eligible,lancet_americas/pipeline/11_grd_episode_detail.py
2021-2024,2023,con_rett,any,observed,365,6471,6471,2104,1722,2,32.5143,31.3836,33.6657,26.611,25.5484,27.7014,egresos GRD (índice) y reingresos,n_eligible,lancet_americas/pipeline/11_grd_episode_detail.py
2021-2024,2023,con_rett,principal,fixed65,30,363,363,103,102,0,28.3747,23.9823,33.2199,28.0992,23.7232,32.9339,egresos GRD (índice) y reingresos,n_eligible,lancet_americas/pipeline/11_grd_episode_detail.py
2021-2024,2023,con_rett,principal,fixed65,90,363,363,136,132,0,37.4656,32.6419,42.5517,36.3636,31.5818,41.4311,egresos GRD (índice) y reingresos,n_eligible,lancet_americas/pipeline/11_grd_episode_detail.py
2021-2024,2023,con_rett,principal,fixed65,365,363,363,188,182,0,51.7906,46.6586,56.8852,50.1377,45.0197,55.2528,egresos GRD (índice) y reingresos,n_eligible,lancet_americas/pipeline/11_grd_episode_detail.py
2021-2024,2023,con_rett,principal,observed,30,366,366,104,103,0,28.4153,24.0375,33.2415,28.1421,23.7804,32.9578,egresos GRD (índice) y reingresos,n_eligible,lancet_americas/pipeline/11_grd_episode_detail.py
2021-2024,2023,con_rett,principal,observed,90,366,366,137,133,0,37.4317,32.6283,42.4961,36.3388,31.5768,41.3846,egresos GRD (índice) y reingresos,n_eligible,lancet_americas/pipeline/11_grd_episode_detail.py
2021-2024,2023,con_rett,principal,observed,365,366,366,191,185,0,52.1858,47.0721,57.254,50.5464,45.4453,55.6362,egresos GRD (índice) y reingresos,n_eligible,lancet_americas/pipeline/11_grd_episode_detail.py
2021-2024,2023,con_rett,secondary_only,fixed65,30,6056,6056,772,622,2,12.7477,11.9313,13.6113,10.2708,9.5312,11.0607,egresos GRD (índice) y reingresos,n_eligible,lancet_americas/pipeline/11_grd_episode_detail.py
2021-2024,2023,con_rett,secondary_only,fixed65,90,6056,6056,1178,944,2,19.4518,18.4744,20.4679,15.5878,14.6961,16.5232,egresos GRD (índice) y reingresos,n_eligible,lancet_americas/pipeline/11_grd_episode_detail.py
2021-2024,2023,con_rett,secondary_only,fixed65,365,6056,6056,1897,1526,2,31.3243,30.1683,32.504,25.1982,24.1207,26.3071,egresos GRD (índice) y reingresos,n_eligible,lancet_americas/pipeline/11_grd_episode_detail.py
2021-2024,2023,con_rett,secondary_only,observed,30,6105,6105,776,623,2,12.7109,11.8987,13.57,10.2048,9.4703,10.9893,egresos GRD (índice) y reingresos,n_eligible,lancet_americas/pipeline/11_grd_episode_detail.py
2021-2024,2023,con_rett,secondary_only,observed,90,6105,6105,1188,950,2,19.4595,18.4857,20.4716,15.561,14.6734,16.4919,egresos GRD (índice) y reingresos,n_eligible,lancet_americas/pipeline/11_grd_episode_detail.py
2021-2024,2023,con_rett,secondary_only,observed,365,6105,6105,1913,1537,2,31.335,30.1835,32.51,25.1761,24.1032,26.2802,egresos GRD (índice) y reingresos,n_eligible,lancet_americas/pipeline/11_grd_episode_detail.py
2021-2024,2023,sin_rett,any,fixed65,30,6369,6369,871,720,2,13.6756,12.8537,14.5414,11.3048,10.5503,12.1059,egresos GRD (índice) y reingresos,n_eligible,lancet_americas/pipeline/11_grd_episode_detail.py
2021-2024,2023,sin_rett,any,fixed65,90,6369,6369,1302,1064,2,20.4428,19.4703,21.4509,16.7059,15.8099,17.6421,egresos GRD (índice) y reingresos,n_eligible,lancet_americas/pipeline/11_grd_episode_detail.py
2021-2024,2023,sin_rett,any,fixed65,365,6369,6369,2061,1683,2,32.3599,31.2218,33.5192,26.4249,25.3564,27.5217,egresos GRD (índice) y reingresos,n_eligible,lancet_americas/pipeline/11_grd_episode_detail.py
2021-2024,2023,sin_rett,any,observed,30,6421,6421,876,722,2,13.6427,12.8249,14.5041,11.2444,10.4947,12.0403,egresos GRD (índice) y reingresos,n_eligible,lancet_americas/pipeline/11_grd_episode_detail.py
2021-2024,2023,sin_rett,any,observed,90,6421,6421,1313,1071,2,20.4485,19.4798,21.4526,16.6796,15.7878,17.6113,egresos GRD (índice) y reingresos,n_eligible,lancet_americas/pipeline/11_grd_episode_detail.py
2021-2024,2023,sin_rett,any,observed,365,6421,6421,2080,1697,2,32.3937,31.2599,33.5486,26.4289,25.3647,27.5213,egresos GRD (índice) y reingresos,n_eligible,lancet_americas/pipeline/11_grd_episode_detail.py
2021-2024,2023,sin_rett,principal,fixed65,30,358,358,102,101,0,28.4916,24.0636,33.3763,28.2123,23.8009,33.0863,egresos GRD (índice) y reingresos,n_eligible,lancet_americas/pipeline/11_grd_episode_detail.py
2021-2024,2023,sin_rett,principal,fixed65,90,358,358,134,130,0,37.4302,32.5755,42.5517,36.3128,31.501,41.4153,egresos GRD (índice) y reingresos,n_eligible,lancet_americas/pipeline/11_grd_episode_detail.py
2021-2024,2023,sin_rett,principal,fixed65,365,358,358,184,178,0,51.3966,46.232,56.5316,49.7207,44.5719,54.8754,egresos GRD (índice) y reingresos,n_eligible,lancet_americas/pipeline/11_grd_episode_detail.py
2021-2024,2023,sin_rett,principal,observed,30,361,361,103,102,0,28.5319,24.1188,33.397,28.2548,23.8582,33.1094,egresos GRD (índice) y reingresos,n_eligible,lancet_americas/pipeline/11_grd_episode_detail.py
2021-2024,2023,sin_rett,principal,observed,90,361,361,135,131,0,37.3961,32.5622,42.4955,36.2881,31.4965,41.3685,egresos GRD (índice) y reingresos,n_eligible,lancet_americas/pipeline/11_grd_episode_detail.py
2021-2024,2023,sin_rett,principal,observed,365,361,361,187,181,0,51.8006,46.6543,56.9089,50.1385,45.0065,55.2676,egresos GRD (índice) y reingresos,n_eligible,lancet_americas/pipeline/11_grd_episode_detail.py
2021-2024,2023,sin_rett,secondary_only,fixed65,30,6011,6011,769,619,2,12.7932,11.9725,13.6614,10.2978,9.5546,11.0916,egresos GRD (índice) y reingresos,n_eligible,lancet_americas/pipeline/11_grd_episode_detail.py
2021-2024,2023,sin_rett,secondary_only,fixed65,90,6011,6011,1168,934,2,19.431,18.4504,20.4507,15.5382,14.6444,16.476,egresos GRD (índice) y reingresos,n_eligible,lancet_americas/pipeline/11_grd_episode_detail.py
2021-2024,2023,sin_rett,secondary_only,fixed65,365,6011,6011,1877,1505,2,31.2261,30.0669,32.4093,25.0374,23.9584,26.1483,egresos GRD (índice) y reingresos,n_eligible,lancet_americas/pipeline/11_grd_episode_detail.py
2021-2024,2023,sin_rett,secondary_only,observed,30,6060,6060,773,620,2,12.7558,11.9394,13.6193,10.231,9.493,11.0194,egresos GRD (índice) y reingresos,n_eligible,lancet_americas/pipeline/11_grd_episode_detail.py
2021-2024,2023,sin_rett,secondary_only,observed,90,6060,6060,1178,940,2,19.4389,18.4621,20.4545,15.5116,14.622,16.4448,egresos GRD (índice) y reingresos,n_eligible,lancet_americas/pipeline/11_grd_episode_detail.py
2021-2024,2023,sin_rett,secondary_only,observed,365,6060,6060,1893,1516,2,31.2376,30.0829,32.4161,25.0165,23.9421,26.1226,egresos GRD (índice) y reingresos,n_eligible,lancet_americas/pipeline/11_grd_episode_detail.py
2021-2024,2023,strict_autism_f840,any,fixed65,30,5285,5285,671,525,1,12.6963,11.8257,13.6211,9.9338,9.1562,10.7695,egresos GRD (índice) y reingresos,n_eligible,lancet_americas/pipeline/11_grd_episode_detail.py
2021-2024,2023,strict_autism_f840,any,fixed65,90,5285,5285,1014,783,1,19.1864,18.1473,20.2702,14.8155,13.8833,15.7988,egresos GRD (índice) y reingresos,n_eligible,lancet_americas/pipeline/11_grd_episode_detail.py
2021-2024,2023,strict_autism_f840,any,fixed65,365,5285,5285,1641,1274,1,31.0501,29.8168,32.311,24.106,22.9719,25.2777,egresos GRD (índice) y reingresos,n_eligible,lancet_americas/pipeline/11_grd_episode_detail.py
2021-2024,2023,strict_autism_f840,any,observed,30,5324,5324,674,526,1,12.6597,11.7933,13.5799,9.8798,9.107,10.7105,egresos GRD (índice) y reingresos,n_eligible,lancet_americas/pipeline/11_grd_episode_detail.py
2021-2024,2023,strict_autism_f840,any,observed,90,5324,5324,1021,787,1,19.1773,18.1422,20.2569,14.7821,13.8541,15.7609,egresos GRD (índice) y reingresos,n_eligible,lancet_americas/pipeline/11_grd_episode_detail.py
2021-2024,2023,strict_autism_f840,any,observed,365,5324,5324,1651,1283,1,31.0105,29.7821,32.2663,24.0984,22.9685,25.2656,egresos GRD (índice) y reingresos,n_eligible,lancet_americas/pipeline/11_grd_episode_detail.py
2021-2024,2023,strict_autism_f840,principal,fixed65,30,251,251,63,59,0,25.0996,20.1383,30.8116,23.506,18.6839,29.1268,egresos GRD (índice) y reingresos,n_eligible,lancet_americas/pipeline/11_grd_episode_detail.py
2021-2024,2023,strict_autism_f840,principal,fixed65,90,251,251,85,78,0,33.8645,28.2923,39.9232,31.0757,25.6717,37.0502,egresos GRD (índice) y reingresos,n_eligible,lancet_americas/pipeline/11_grd_episode_detail.py
2021-2024,2023,strict_autism_f840,principal,fixed65,365,251,251,123,109,0,49.004,42.8814,55.1566,43.4263,37.4391,49.6117,egresos GRD (índice) y reingresos,n_eligible,lancet_americas/pipeline/11_grd_episode_detail.py
2021-2024,2023,strict_autism_f840,principal,observed,30,253,253,64,60,0,25.2964,20.3367,30.9951,23.7154,18.892,29.3251,egresos GRD (índice) y reingresos,n_eligible,lancet_americas/pipeline/11_grd_episode_detail.py
2021-2024,2023,strict_autism_f840,principal,observed,90,253,253,86,79,0,33.9921,28.4336,40.0294,31.2253,25.8318,37.1804,egresos GRD (índice) y reingresos,n_eligible,lancet_americas/pipeline/11_grd_episode_detail.py
2021-2024,2023,strict_autism_f840,principal,observed,365,253,253,125,111,0,49.4071,43.3016,55.5304,43.8735,37.8957,50.0346,egresos GRD (índice) y reingresos,n_eligible,lancet_americas/pipeline/11_grd_episode_detail.py
2021-2024,2023,strict_autism_f840,secondary_only,fixed65,30,5034,5034,608,466,1,12.0779,11.2065,13.0071,9.2571,8.4872,10.0891,egresos GRD (índice) y reingresos,n_eligible,lancet_americas/pipeline/11_grd_episode_detail.py
2021-2024,2023,strict_autism_f840,secondary_only,fixed65,90,5034,5034,929,705,1,18.4545,17.4071,19.55,14.0048,13.0735,14.9909,egresos GRD (índice) y reingresos,n_eligible,lancet_americas/pipeline/11_grd_episode_detail.py
2021-2024,2023,strict_autism_f840,secondary_only,fixed65,365,5034,5034,1518,1165,1,30.1549,28.9027,31.4375,23.1426,21.9983,24.3279,egresos GRD (índice) y reingresos,n_eligible,lancet_americas/pipeline/11_grd_episode_detail.py
2021-2024,2023,strict_autism_f840,secondary_only,observed,30,5071,5071,610,466,1,12.0292,11.1625,12.9534,9.1895,8.425,10.0158,egresos GRD (índice) y reingresos,n_eligible,lancet_americas/pipeline/11_grd_episode_detail.py
2021-2024,2023,strict_autism_f840,secondary_only,observed,90,5071,5071,935,708,1,18.4382,17.3949,19.5293,13.9617,13.0351,14.943,egresos GRD (índice) y reingresos,n_eligible,lancet_americas/pipeline/11_grd_episode_detail.py
2021-2024,2023,strict_autism_f840,secondary_only,observed,365,5071,5071,1526,1172,1,30.0927,28.8458,31.3698,23.1118,21.9722,24.2921,egresos GRD (índice) y reingresos,n_eligible,lancet_americas/pipeline/11_grd_episode_detail.py
2021-2024,2024,con_rett,any,fixed65,30,8553,7797,997,810,5,12.787,12.064,13.5466,10.3886,9.7308,11.0855,egresos GRD (índice) y reingresos,n_eligible,lancet_americas/pipeline/11_grd_episode_detail.py
2021-2024,2024,con_rett,any,fixed65,90,8553,6161,1211,978,5,19.6559,18.6826,20.667,15.874,14.9829,16.8078,egresos GRD (índice) y reingresos,n_eligible,lancet_americas/pipeline/11_grd_episode_detail.py
2021-2024,2024,con_rett,any,fixed65,365,8553,2,1,0,5,50.0,9.4531,90.5469,0.0,0.0,65.762,egresos GRD (índice) y reingresos,n_eligible,lancet_americas/pipeline/11_grd_episode_detail.py
2021-2024,2024,con_rett,any,observed,30,8814,8036,1024,836,5,12.7427,12.0314,13.4896,10.4032,9.7545,11.0897,egresos GRD (índice) y reingresos,n_eligible,lancet_americas/pipeline/11_grd_episode_detail.py
2021-2024,2024,con_rett,any,observed,90,8814,6344,1253,1016,5,19.7509,18.7897,20.7488,16.0151,15.1333,16.9381,egresos GRD (índice) y reingresos,n_eligible,lancet_americas/pipeline/11_grd_episode_detail.py
2021-2024,2024,con_rett,any,observed,365,8814,2,1,0,5,50.0,9.4531,90.5469,0.0,0.0,65.762,egresos GRD (índice) y reingresos,n_eligible,lancet_americas/pipeline/11_grd_episode_detail.py
2021-2024,2024,con_rett,principal,fixed65,30,387,349,71,68,0,20.3438,16.454,24.8794,19.4842,15.6704,23.9626,egresos GRD (índice) y reingresos,n_eligible,lancet_americas/pipeline/11_grd_episode_detail.py
2021-2024,2024,con_rett,principal,fixed65,90,387,292,85,82,0,29.1096,24.1973,34.5644,28.0822,23.2379,33.4957,egresos GRD (índice) y reingresos,n_eligible,lancet_americas/pipeline/11_grd_episode_detail.py
2021-2024,2024,con_rett,principal,fixed65,365,387,0,0,0,0,,,,,,,egresos GRD (índice) y reingresos,n_eligible,lancet_americas/pipeline/11_grd_episode_detail.py
2021-2024,2024,con_rett,principal,observed,30,398,359,73,70,0,20.3343,16.4951,24.8016,19.4986,15.7322,23.9109,egresos GRD (índice) y reingresos,n_eligible,lancet_americas/pipeline/11_grd_episode_detail.py
2021-2024,2024,con_rett,principal,observed,90,398,299,88,85,0,29.4314,24.5529,34.8317,28.4281,23.6141,33.7893,egresos GRD (índice) y reingresos,n_eligible,lancet_americas/pipeline/11_grd_episode_detail.py
2021-2024,2024,con_rett,principal,observed,365,398,0,0,0,0,,,,,,,egresos GRD (índice) y reingresos,n_eligible,lancet_americas/pipeline/11_grd_episode_detail.py
2021-2024,2024,con_rett,secondary_only,fixed65,30,8166,7448,926,742,5,12.4329,11.7028,13.2016,9.9624,9.3027,10.6634,egresos GRD (índice) y reingresos,n_eligible,lancet_americas/pipeline/11_grd_episode_detail.py
2021-2024,2024,con_rett,secondary_only,fixed65,90,8166,5869,1126,896,5,19.1856,18.1984,20.213,15.2667,14.3692,16.2095,egresos GRD (índice) y reingresos,n_eligible,lancet_americas/pipeline/11_grd_episode_detail.py
2021-2024,2024,con_rett,secondary_only,fixed65,365,8166,2,1,0,5,50.0,9.4531,90.5469,0.0,0.0,65.762,egresos GRD (índice) y reingresos,n_eligible,lancet_americas/pipeline/11_grd_episode_detail.py
2021-2024,2024,con_rett,secondary_only,observed,30,8416,7677,951,766,5,12.3877,11.6695,13.1435,9.9779,9.3273,10.6684,egresos GRD (índice) y reingresos,n_eligible,lancet_americas/pipeline/11_grd_episode_detail.py
2021-2024,2024,con_rett,secondary_only,observed,90,8416,6045,1165,931,5,19.2721,18.2974,20.2858,15.4012,14.5132,16.333,egresos GRD (índice) y reingresos,n_eligible,lancet_americas/pipeline/11_grd_episode_detail.py
2021-2024,2024,con_rett,secondary_only,observed,365,8416,2,1,0,5,50.0,9.4531,90.5469,0.0,0.0,65.762,egresos GRD (índice) y reingresos,n_eligible,lancet_americas/pipeline/11_grd_episode_detail.py
2021-2024,2024,sin_rett,any,fixed65,30,8476,7728,984,795,5,12.7329,12.0082,13.4947,10.2873,9.6296,10.9844,egresos GRD (índice) y reingresos,n_eligible,lancet_americas/pipeline/11_grd_episode_detail.py
2021-2024,2024,sin_rett,any,fixed65,90,8476,6105,1190,954,5,19.4922,18.5178,20.505,15.6265,14.7373,16.559,egresos GRD (índice) y reingresos,n_eligible,lancet_americas/pipeline/11_grd_episode_detail.py
2021-2024,2024,sin_rett,any,fixed65,365,8476,2,1,0,5,50.0,9.4531,90.5469,0.0,0.0,65.762,egresos GRD (índice) y reingresos,n_eligible,lancet_americas/pipeline/11_grd_episode_detail.py
2021-2024,2024,sin_rett,any,observed,30,8727,7957,1008,818,5,12.6681,11.9552,13.417,10.2803,9.632,10.9668,egresos GRD (índice) y reingresos,n_eligible,lancet_americas/pipeline/11_grd_episode_detail.py
2021-2024,2024,sin_rett,any,observed,90,8727,6282,1229,989,5,19.5638,18.6016,20.5633,15.7434,14.8637,16.6649,egresos GRD (índice) y reingresos,n_eligible,lancet_americas/pipeline/11_grd_episode_detail.py
2021-2024,2024,sin_rett,any,observed,365,8727,2,1,0,5,50.0,9.4531,90.5469,0.0,0.0,65.762,egresos GRD (índice) y reingresos,n_eligible,lancet_americas/pipeline/11_grd_episode_detail.py
2021-2024,2024,sin_rett,principal,fixed65,30,378,341,70,67,0,20.5279,16.5805,25.1318,19.6481,15.7789,24.1935,egresos GRD (índice) y reingresos,n_eligible,lancet_americas/pipeline/11_grd_episode_detail.py
2021-2024,2024,sin_rett,principal,fixed65,90,378,284,84,81,0,29.5775,24.5706,35.1295,28.5211,23.5838,34.0317,egresos GRD (índice) y reingresos,n_eligible,lancet_americas/pipeline/11_grd_episode_detail.py
2021-2024,2024,sin_rett,principal,fixed65,365,378,0,0,0,0,,,,,,,egresos GRD (índice) y reingresos,n_eligible,lancet_americas/pipeline/11_grd_episode_detail.py
2021-2024,2024,sin_rett,principal,observed,30,387,349,72,69,0,20.6304,16.7158,25.1844,19.7708,15.9312,24.2685,egresos GRD (índice) y reingresos,n_eligible,lancet_americas/pipeline/11_grd_episode_detail.py
2021-2024,2024,sin_rett,principal,observed,90,387,289,86,83,0,29.7578,24.7802,35.2664,28.7197,23.8093,34.1885,egresos GRD (índice) y reingresos,n_eligible,lancet_americas/pipeline/11_grd_episode_detail.py
2021-2024,2024,sin_rett,principal,observed,365,387,0,0,0,0,,,,,,,egresos GRD (índice) y reingresos,n_eligible,lancet_americas/pipeline/11_grd_episode_detail.py
2021-2024,2024,sin_rett,secondary_only,fixed65,30,8098,7387,914,728,5,12.3731,11.6417,13.1436,9.8552,9.1962,10.5559,egresos GRD (índice) y reingresos,n_eligible,lancet_americas/pipeline/11_grd_episode_detail.py
2021-2024,2024,sin_rett,secondary_only,fixed65,90,8098,5821,1106,873,5,19.0002,18.013,20.0283,14.9974,14.1033,15.9377,egresos GRD (índice) y reingresos,n_eligible,lancet_americas/pipeline/11_grd_episode_detail.py
2021-2024,2024,sin_rett,secondary_only,fixed65,365,8098,2,1,0,5,50.0,9.4531,90.5469,0.0,0.0,65.762,egresos GRD (índice) y reingresos,n_eligible,lancet_americas/pipeline/11_grd_episode_detail.py
2021-2024,2024,sin_rett,secondary_only,observed,30,8340,7608,936,749,5,12.3028,11.5837,13.06,9.8449,9.1956,10.5347,egresos GRD (índice) y reingresos,n_eligible,lancet_americas/pipeline/11_grd_episode_detail.py
2021-2024,2024,sin_rett,secondary_only,observed,90,8340,5993,1143,906,5,19.0723,18.0975,20.0866,15.1176,14.2331,16.0469,egresos GRD (índice) y reingresos,n_eligible,lancet_americas/pipeline/11_grd_episode_detail.py
2021-2024,2024,sin_rett,secondary_only,observed,365,8340,2,1,0,5,50.0,9.4531,90.5469,0.0,0.0,65.762,egresos GRD (índice) y reingresos,n_eligible,lancet_americas/pipeline/11_grd_episode_detail.py
2021-2024,2024,strict_autism_f840,any,fixed65,30,7040,6404,826,620,5,12.8982,12.0995,13.7414,9.6814,8.9812,10.43,egresos GRD (índice) y reingresos,n_eligible,lancet_americas/pipeline/11_grd_episode_detail.py
2021-2024,2024,strict_autism_f840,any,fixed65,90,7040,5065,969,731,5,19.1313,18.0716,20.2378,14.4324,13.4915,15.4271,egresos GRD (índice) y reingresos,n_eligible,lancet_americas/pipeline/11_grd_episode_detail.py
2021-2024,2024,strict_autism_f840,any,fixed65,365,7040,0,0,0,5,,,,,,,egresos GRD (índice) y reingresos,n_eligible,lancet_americas/pipeline/11_grd_episode_detail.py
2021-2024,2024,strict_autism_f840,any,observed,30,7228,6574,845,637,5,12.8537,12.0663,13.6845,9.6897,8.998,10.4285,egresos GRD (índice) y reingresos,n_eligible,lancet_americas/pipeline/11_grd_episode_detail.py
2021-2024,2024,strict_autism_f840,any,observed,90,7228,5194,998,755,5,19.2145,18.1659,20.3085,14.536,13.6037,15.5208,egresos GRD (índice) y reingresos,n_eligible,lancet_americas/pipeline/11_grd_episode_detail.py
2021-2024,2024,strict_autism_f840,any,observed,365,7228,0,0,0,5,,,,,,,egresos GRD (índice) y reingresos,n_eligible,lancet_americas/pipeline/11_grd_episode_detail.py
2021-2024,2024,strict_autism_f840,principal,fixed65,30,270,240,53,49,0,22.0833,17.2981,27.7481,20.4167,15.8019,25.9635,egresos GRD (índice) y reingresos,n_eligible,lancet_americas/pipeline/11_grd_episode_detail.py
2021-2024,2024,strict_autism_f840,principal,fixed65,90,270,196,60,54,0,30.6122,24.5842,37.3857,27.551,21.7733,34.1918,egresos GRD (índice) y reingresos,n_eligible,lancet_americas/pipeline/11_grd_episode_detail.py
2021-2024,2024,strict_autism_f840,principal,fixed65,365,270,0,0,0,0,,,,,,,egresos GRD (índice) y reingresos,n_eligible,lancet_americas/pipeline/11_grd_episode_detail.py
2021-2024,2024,strict_autism_f840,principal,observed,30,278,247,55,51,0,22.2672,17.5259,27.8579,20.6478,16.068,26.1266,egresos GRD (índice) y reingresos,n_eligible,lancet_americas/pipeline/11_grd_episode_detail.py
2021-2024,2024,strict_autism_f840,principal,observed,90,278,201,62,56,0,30.8458,24.87,37.54,27.8607,22.1225,34.4292,egresos GRD (índice) y reingresos,n_eligible,lancet_americas/pipeline/11_grd_episode_detail.py
2021-2024,2024,strict_autism_f840,principal,observed,365,278,0,0,0,0,,,,,,,egresos GRD (índice) y reingresos,n_eligible,lancet_americas/pipeline/11_grd_episode_detail.py
2021-2024,2024,strict_autism_f840,secondary_only,fixed65,30,6770,6164,773,571,5,12.5406,11.7371,13.3907,9.2635,8.5649,10.0128,egresos GRD (índice) y reingresos,n_eligible,lancet_americas/pipeline/11_grd_episode_detail.py
2021-2024,2024,strict_autism_f840,secondary_only,fixed65,90,6770,4869,909,677,5,18.6691,17.5995,19.7882,13.9043,12.9609,14.9046,egresos GRD (índice) y reingresos,n_eligible,lancet_americas/pipeline/11_grd_episode_detail.py
2021-2024,2024,strict_autism_f840,secondary_only,fixed65,365,6770,0,0,0,5,,,,,,,egresos GRD (índice) y reingresos,n_eligible,lancet_americas/pipeline/11_grd_episode_detail.py
2021-2024,2024,strict_autism_f840,secondary_only,observed,30,6950,6327,790,586,5,12.4862,11.6943,13.3235,9.2619,8.5721,10.0011,egresos GRD (índice) y reingresos,n_eligible,lancet_americas/pipeline/11_grd_episode_detail.py
2021-2024,2024,strict_autism_f840,secondary_only,observed,90,6950,4993,936,699,5,18.7462,17.6879,19.8527,13.9996,13.0648,14.9897,egresos GRD (índice) y reingresos,n_eligible,lancet_americas/pipeline/11_grd_episode_detail.py
2021-2024,2024,strict_autism_f840,secondary_only,observed,365,6950,0,0,0,5,,,,,,,egresos GRD (índice) y reingresos,n_eligible,lancet_americas/pipeline/11_grd_episode_detail.py
