year,variant,panel,activity,position,n_episodes_f84,n_episodes_total_same_panel_activity,rate_per_100k_episodes,rate_lo,rate_hi,persons_within_year,n_f84_without_valid_id,coding_depth_mean_all,coding_depth_median_all,coding_depth_mean_f84,coding_depth_median_f84,hospitals_n,identifier_column
2019,sin_rett,observed,all,any,2334,1151475,202.69654139256173,194.5558439213228,211.09035167793016,1944,4,4.386305390911657,4.0,4.965724078834619,4.0,65,CIP_ENCRIPTADO
2019,sin_rett,observed,all,principal,228,1151475,19.800690418810657,17.313743246947833,22.544574441041828,171,0,4.386305390911657,4.0,3.846491228070175,3.0,65,CIP_ENCRIPTADO
2019,sin_rett,observed,all,secondary_only,2106,1151475,182.89585097375107,175.1671391893437,190.8777679118306,1805,4,4.386305390911657,4.0,5.086894586894587,4.0,65,CIP_ENCRIPTADO
2019,sin_rett,observed,all,principal_and_secondary,6,1151475,0.5210708004950173,0.191223800211976,1.134151763826282,5,0,4.386305390911657,4.0,4.5,3.5,65,CIP_ENCRIPTADO
2019,sin_rett,observed,hospitalisation,any,1911,886627,215.53595818760311,205.97965688704983,225.4212197206791,1575,4,4.802733280173061,4.0,5.27891156462585,4.0,65,CIP_ENCRIPTADO
2019,sin_rett,observed,hospitalisation,principal,203,886627,22.895761126155644,19.854311454842033,26.271326688232534,151,0,4.802733280173061,4.0,4.059113300492611,3.0,65,CIP_ENCRIPTADO
2019,sin_rett,observed,hospitalisation,secondary_only,1708,886627,192.64019706144748,183.61159392998263,201.9979054670407,1450,4,4.802733280173061,4.0,5.423887587822014,4.0,65,CIP_ENCRIPTADO
2019,sin_rett,observed,hospitalisation,principal_and_secondary,6,886627,0.6767220037287383,0.2483450485368538,1.472938904693708,5,0,4.802733280173061,4.0,4.5,3.5,65,CIP_ENCRIPTADO
2019,sin_rett,observed,cma,any,168,146948,114.32615619130576,97.69167411899107,132.98110134899315,165,0,2.464225440291804,2.0,3.3988095238095237,3.0,61,CIP_ENCRIPTADO
2019,sin_rett,observed,cma,principal,1,146948,0.6805128344720581,0.0172290932740084,3.791574836635339,1,0,2.464225440291804,2.0,1.0,1.0,61,CIP_ENCRIPTADO
2019,sin_rett,observed,cma,secondary_only,167,146948,113.64564335683372,97.06271501862469,132.2491848526147,164,0,2.464225440291804,2.0,3.413173652694611,3.0,61,CIP_ENCRIPTADO
2019,sin_rett,observed,cma,principal_and_secondary,0,146948,0.0,0.0,2.510329813344813,0,0,2.464225440291804,2.0,,,61,CIP_ENCRIPTADO
2019,sin_rett,observed,other,any,255,117900,216.28498727735368,190.5509166725845,244.52550560924965,245,0,3.6503392705682782,3.0,3.650980392156862,3.0,58,CIP_ENCRIPTADO
2019,sin_rett,observed,other,principal,24,117900,20.356234096692113,13.042623286417696,30.28846275975675,21,0,3.6503392705682782,3.0,2.1666666666666665,2.0,58,CIP_ENCRIPTADO
2019,sin_rett,observed,other,secondary_only,231,117900,195.92875318066157,171.4752235432163,222.89131541456524,227,0,3.6503392705682782,3.0,3.805194805194805,3.0,58,CIP_ENCRIPTADO
2019,sin_rett,observed,other,principal_and_secondary,0,117900,0.0,0.0,3.1288205717675455,0,0,3.6503392705682782,3.0,,,58,CIP_ENCRIPTADO
2019,sin_rett,fixed65,all,any,2334,1151475,202.69654139256173,194.5558439213228,211.09035167793016,1944,4,4.386305390911657,4.0,4.965724078834619,4.0,65,CIP_ENCRIPTADO
2019,sin_rett,fixed65,all,principal,228,1151475,19.800690418810657,17.313743246947833,22.544574441041828,171,0,4.386305390911657,4.0,3.846491228070175,3.0,65,CIP_ENCRIPTADO
2019,sin_rett,fixed65,all,secondary_only,2106,1151475,182.89585097375107,175.1671391893437,190.8777679118306,1805,4,4.386305390911657,4.0,5.086894586894587,4.0,65,CIP_ENCRIPTADO
2019,sin_rett,fixed65,all,principal_and_secondary,6,1151475,0.5210708004950173,0.191223800211976,1.134151763826282,5,0,4.386305390911657,4.0,4.5,3.5,65,CIP_ENCRIPTADO
2019,sin_rett,fixed65,hospitalisation,any,1911,886627,215.53595818760311,205.97965688704983,225.4212197206791,1575,4,4.802733280173061,4.0,5.27891156462585,4.0,65,CIP_ENCRIPTADO
2019,sin_rett,fixed65,hospitalisation,principal,203,886627,22.895761126155644,19.854311454842033,26.271326688232534,151,0,4.802733280173061,4.0,4.059113300492611,3.0,65,CIP_ENCRIPTADO
2019,sin_rett,fixed65,hospitalisation,secondary_only,1708,886627,192.64019706144748,183.61159392998263,201.9979054670407,1450,4,4.802733280173061,4.0,5.423887587822014,4.0,65,CIP_ENCRIPTADO
2019,sin_rett,fixed65,hospitalisation,principal_and_secondary,6,886627,0.6767220037287383,0.2483450485368538,1.472938904693708,5,0,4.802733280173061,4.0,4.5,3.5,65,CIP_ENCRIPTADO
2019,sin_rett,fixed65,cma,any,168,146948,114.32615619130576,97.69167411899107,132.98110134899315,165,0,2.464225440291804,2.0,3.3988095238095237,3.0,61,CIP_ENCRIPTADO
2019,sin_rett,fixed65,cma,principal,1,146948,0.6805128344720581,0.0172290932740084,3.791574836635339,1,0,2.464225440291804,2.0,1.0,1.0,61,CIP_ENCRIPTADO
2019,sin_rett,fixed65,cma,secondary_only,167,146948,113.64564335683372,97.06271501862469,132.2491848526147,164,0,2.464225440291804,2.0,3.413173652694611,3.0,61,CIP_ENCRIPTADO
2019,sin_rett,fixed65,cma,principal_and_secondary,0,146948,0.0,0.0,2.510329813344813,0,0,2.464225440291804,2.0,,,61,CIP_ENCRIPTADO
2019,sin_rett,fixed65,other,any,255,117900,216.28498727735368,190.5509166725845,244.52550560924965,245,0,3.6503392705682782,3.0,3.650980392156862,3.0,58,CIP_ENCRIPTADO
2019,sin_rett,fixed65,other,principal,24,117900,20.356234096692113,13.042623286417696,30.28846275975675,21,0,3.6503392705682782,3.0,2.1666666666666665,2.0,58,CIP_ENCRIPTADO
2019,sin_rett,fixed65,other,secondary_only,231,117900,195.92875318066157,171.4752235432163,222.89131541456524,227,0,3.6503392705682782,3.0,3.805194805194805,3.0,58,CIP_ENCRIPTADO
2019,sin_rett,fixed65,other,principal_and_secondary,0,117900,0.0,0.0,3.1288205717675455,0,0,3.6503392705682782,3.0,,,58,CIP_ENCRIPTADO
2020,sin_rett,observed,all,any,1609,781912,205.7776322655235,195.8446284175992,216.083906981534,1319,0,5.209764014364787,4.0,5.734617775015538,5.0,65,CIP_ENCRIPTADO
2020,sin_rett,observed,all,principal,157,781912,20.078985870532744,17.06101790894668,23.47699268719239,126,0,5.209764014364787,4.0,4.961783439490445,5.0,65,CIP_ENCRIPTADO
2020,sin_rett,observed,all,secondary_only,1452,781912,185.69864639499073,176.2688077155611,195.50191930643896,1220,0,5.209764014364787,4.0,5.818181818181818,5.0,65,CIP_ENCRIPTADO
2020,sin_rett,observed,all,principal_and_secondary,6,781912,0.7673497784916973,0.2816038446130575,1.670197416399631,6,0,5.209764014364787,4.0,5.166666666666667,5.5,65,CIP_ENCRIPTADO
2020,sin_rett,observed,hospitalisation,any,1526,702275,217.29379516571143,206.52698426465253,228.47629799835735,1241,0,5.520690612651739,5.0,5.871559633027523,5.0,65,CIP_ENCRIPTADO
2020,sin_rett,observed,hospitalisation,principal,155,702275,22.071125983411054,18.73328142960788,25.83217507109828,124,0,5.520690612651739,5.0,5.0,5.0,65,CIP_ENCRIPTADO
2020,sin_rett,observed,hospitalisation,secondary_only,1371,702275,195.2226691823004,185.02440307700897,205.83682223921485,1144,0,5.520690612651739,5.0,5.970094821298322,5.0,65,CIP_ENCRIPTADO
2020,sin_rett,observed,hospitalisation,principal_and_secondary,6,702275,0.8543661670997829,0.3135373256190026,1.859595460826412,6,0,5.520690612651739,5.0,5.166666666666667,5.5,65,CIP_ENCRIPTADO
2020,sin_rett,observed,cma,any,83,79637,104.22291146075317,83.01296721097366,129.1999796542638,82,0,2.4678729736177907,2.0,3.216867469879518,3.0,62,CIP_ENCRIPTADO
2020,sin_rett,observed,cma,principal,2,79637,2.5113954568856185,0.3041416408754285,9.072023893069751,2,0,2.4678729736177907,2.0,2.0,2.0,62,CIP_ENCRIPTADO
2020,sin_rett,observed,cma,secondary_only,81,79637,101.71151600386754,80.77362531756012,126.41812747859542,80,0,2.4678729736177907,2.0,3.246913580246914,3.0,62,CIP_ENCRIPTADO
2020,sin_rett,observed,cma,principal_and_secondary,0,79637,0.0,0.0,4.63211755103022,0,0,2.4678729736177907,2.0,,,62,CIP_ENCRIPTADO
2020,sin_rett,observed,other,any,0,0,,,,0,0,,,,,0,CIP_ENCRIPTADO
2020,sin_rett,observed,other,principal,0,0,,,,0,0,,,,,0,CIP_ENCRIPTADO
2020,sin_rett,observed,other,secondary_only,0,0,,,,0,0,,,,,0,CIP_ENCRIPTADO
2020,sin_rett,observed,other,principal_and_secondary,0,0,,,,0,0,,,,,0,CIP_ENCRIPTADO
2020,sin_rett,fixed65,all,any,1609,781912,205.7776322655235,195.8446284175992,216.083906981534,1319,0,5.209764014364787,4.0,5.734617775015538,5.0,65,CIP_ENCRIPTADO
2020,sin_rett,fixed65,all,principal,157,781912,20.078985870532744,17.06101790894668,23.47699268719239,126,0,5.209764014364787,4.0,4.961783439490445,5.0,65,CIP_ENCRIPTADO
2020,sin_rett,fixed65,all,secondary_only,1452,781912,185.69864639499073,176.2688077155611,195.50191930643896,1220,0,5.209764014364787,4.0,5.818181818181818,5.0,65,CIP_ENCRIPTADO
2020,sin_rett,fixed65,all,principal_and_secondary,6,781912,0.7673497784916973,0.2816038446130575,1.670197416399631,6,0,5.209764014364787,4.0,5.166666666666667,5.5,65,CIP_ENCRIPTADO
2020,sin_rett,fixed65,hospitalisation,any,1526,702275,217.29379516571143,206.52698426465253,228.47629799835735,1241,0,5.520690612651739,5.0,5.871559633027523,5.0,65,CIP_ENCRIPTADO
2020,sin_rett,fixed65,hospitalisation,principal,155,702275,22.071125983411054,18.73328142960788,25.83217507109828,124,0,5.520690612651739,5.0,5.0,5.0,65,CIP_ENCRIPTADO
2020,sin_rett,fixed65,hospitalisation,secondary_only,1371,702275,195.2226691823004,185.02440307700897,205.83682223921485,1144,0,5.520690612651739,5.0,5.970094821298322,5.0,65,CIP_ENCRIPTADO
2020,sin_rett,fixed65,hospitalisation,principal_and_secondary,6,702275,0.8543661670997829,0.3135373256190026,1.859595460826412,6,0,5.520690612651739,5.0,5.166666666666667,5.5,65,CIP_ENCRIPTADO
2020,sin_rett,fixed65,cma,any,83,79637,104.22291146075317,83.01296721097366,129.1999796542638,82,0,2.4678729736177907,2.0,3.216867469879518,3.0,62,CIP_ENCRIPTADO
2020,sin_rett,fixed65,cma,principal,2,79637,2.5113954568856185,0.3041416408754285,9.072023893069751,2,0,2.4678729736177907,2.0,2.0,2.0,62,CIP_ENCRIPTADO
2020,sin_rett,fixed65,cma,secondary_only,81,79637,101.71151600386754,80.77362531756012,126.41812747859542,80,0,2.4678729736177907,2.0,3.246913580246914,3.0,62,CIP_ENCRIPTADO
2020,sin_rett,fixed65,cma,principal_and_secondary,0,79637,0.0,0.0,4.63211755103022,0,0,2.4678729736177907,2.0,,,62,CIP_ENCRIPTADO
2020,sin_rett,fixed65,other,any,0,0,,,,0,0,,,,,0,CIP_ENCRIPTADO
2020,sin_rett,fixed65,other,principal,0,0,,,,0,0,,,,,0,CIP_ENCRIPTADO
2020,sin_rett,fixed65,other,secondary_only,0,0,,,,0,0,,,,,0,CIP_ENCRIPTADO
2020,sin_rett,fixed65,other,principal_and_secondary,0,0,,,,0,0,,,,,0,CIP_ENCRIPTADO
2021,sin_rett,observed,all,any,2367,816909,289.75075559211615,278.19436866927356,301.66390069998937,1954,0,5.556758463917034,4.0,5.568652302492606,5.0,65,CIP_ENCRIPTADO
2021,sin_rett,observed,all,principal,186,816909,22.76875392485577,19.614061837177804,26.28644449527608,146,0,5.556758463917034,4.0,3.9516129032258065,3.0,65,CIP_ENCRIPTADO
2021,sin_rett,observed,all,secondary_only,2181,816909,266.98200166726036,255.8936401960515,278.427223691025,1836,0,5.556758463917034,4.0,5.706556625401192,5.0,65,CIP_ENCRIPTADO
2021,sin_rett,observed,all,principal_and_secondary,3,816909,0.3672379665299317,0.0757332974536455,1.0732251780482678,3,0,5.556758463917034,4.0,5.0,3.0,65,CIP_ENCRIPTADO
2021,sin_rett,observed,hospitalisation,any,2187,713978,306.3119591920199,293.60741565136294,319.42480625806047,1788,0,5.978712229228352,5.0,5.760859625057156,5.0,65,CIP_ENCRIPTADO
2021,sin_rett,observed,hospitalisation,principal,186,713978,26.051222866811024,22.44173299646079,30.076043080026956,146,0,5.978712229228352,5.0,3.9516129032258065,3.0,65,CIP_ENCRIPTADO
2021,sin_rett,observed,hospitalisation,secondary_only,2001,713978,280.2607363252089,268.1142553911941,292.8156533217643,1670,0,5.978712229228352,5.0,5.929035482258871,5.0,65,CIP_ENCRIPTADO
2021,sin_rett,observed,hospitalisation,principal_and_secondary,3,713978,0.4201810139808229,0.0866514266399806,1.227947229430364,3,0,5.978712229228352,5.0,5.0,3.0,65,CIP_ENCRIPTADO
2021,sin_rett,observed,cma,any,180,102931,174.8744304436953,150.25978628649895,202.37112910764213,177,0,2.6298879832120545,2.0,3.2333333333333334,3.0,61,CIP_ENCRIPTADO
2021,sin_rett,observed,cma,principal,0,102931,0.0,0.0,3.5838371861868006,0,0,2.6298879832120545,2.0,,,61,CIP_ENCRIPTADO
2021,sin_rett,observed,cma,secondary_only,180,102931,174.8744304436953,150.25978628649895,202.37112910764213,177,0,2.6298879832120545,2.0,3.2333333333333334,3.0,61,CIP_ENCRIPTADO
2021,sin_rett,observed,cma,principal_and_secondary,0,102931,0.0,0.0,3.5838371861868006,0,0,2.6298879832120545,2.0,,,61,CIP_ENCRIPTADO
2021,sin_rett,observed,other,any,0,0,,,,0,0,,,,,0,CIP_ENCRIPTADO
2021,sin_rett,observed,other,principal,0,0,,,,0,0,,,,,0,CIP_ENCRIPTADO
2021,sin_rett,observed,other,secondary_only,0,0,,,,0,0,,,,,0,CIP_ENCRIPTADO
2021,sin_rett,observed,other,principal_and_secondary,0,0,,,,0,0,,,,,0,CIP_ENCRIPTADO
2021,sin_rett,fixed65,all,any,2367,816909,289.75075559211615,278.19436866927356,301.66390069998937,1954,0,5.556758463917034,4.0,5.568652302492606,5.0,65,CIP_ENCRIPTADO
2021,sin_rett,fixed65,all,principal,186,816909,22.76875392485577,19.614061837177804,26.28644449527608,146,0,5.556758463917034,4.0,3.9516129032258065,3.0,65,CIP_ENCRIPTADO
2021,sin_rett,fixed65,all,secondary_only,2181,816909,266.98200166726036,255.8936401960515,278.427223691025,1836,0,5.556758463917034,4.0,5.706556625401192,5.0,65,CIP_ENCRIPTADO
2021,sin_rett,fixed65,all,principal_and_secondary,3,816909,0.3672379665299317,0.0757332974536455,1.0732251780482678,3,0,5.556758463917034,4.0,5.0,3.0,65,CIP_ENCRIPTADO
2021,sin_rett,fixed65,hospitalisation,any,2187,713978,306.3119591920199,293.60741565136294,319.42480625806047,1788,0,5.978712229228352,5.0,5.760859625057156,5.0,65,CIP_ENCRIPTADO
2021,sin_rett,fixed65,hospitalisation,principal,186,713978,26.051222866811024,22.44173299646079,30.076043080026956,146,0,5.978712229228352,5.0,3.9516129032258065,3.0,65,CIP_ENCRIPTADO
2021,sin_rett,fixed65,hospitalisation,secondary_only,2001,713978,280.2607363252089,268.1142553911941,292.8156533217643,1670,0,5.978712229228352,5.0,5.929035482258871,5.0,65,CIP_ENCRIPTADO
2021,sin_rett,fixed65,hospitalisation,principal_and_secondary,3,713978,0.4201810139808229,0.0866514266399806,1.227947229430364,3,0,5.978712229228352,5.0,5.0,3.0,65,CIP_ENCRIPTADO
2021,sin_rett,fixed65,cma,any,180,102931,174.8744304436953,150.25978628649895,202.37112910764213,177,0,2.6298879832120545,2.0,3.2333333333333334,3.0,61,CIP_ENCRIPTADO
2021,sin_rett,fixed65,cma,principal,0,102931,0.0,0.0,3.5838371861868006,0,0,2.6298879832120545,2.0,,,61,CIP_ENCRIPTADO
2021,sin_rett,fixed65,cma,secondary_only,180,102931,174.8744304436953,150.25978628649895,202.37112910764213,177,0,2.6298879832120545,2.0,3.2333333333333334,3.0,61,CIP_ENCRIPTADO
2021,sin_rett,fixed65,cma,principal_and_secondary,0,102931,0.0,0.0,3.5838371861868006,0,0,2.6298879832120545,2.0,,,61,CIP_ENCRIPTADO
2021,sin_rett,fixed65,other,any,0,0,,,,0,0,,,,,0,CIP_ENCRIPTADO
2021,sin_rett,fixed65,other,principal,0,0,,,,0,0,,,,,0,CIP_ENCRIPTADO
2021,sin_rett,fixed65,other,secondary_only,0,0,,,,0,0,,,,,0,CIP_ENCRIPTADO
2021,sin_rett,fixed65,other,principal_and_secondary,0,0,,,,0,0,,,,,0,CIP_ENCRIPTADO
2022,sin_rett,observed,all,any,3859,932839,413.68339016700634,400.7331677509315,426.94556837999863,3231,3,5.381554587661965,4.0,5.3907748121274945,4.0,65,CIP_ENCRIPTADO
2022,sin_rett,observed,all,principal,295,932839,31.623892225775293,28.117760951842328,35.44635566288115,233,0,5.381554587661965,4.0,4.203389830508475,4.0,65,CIP_ENCRIPTADO
2022,sin_rett,observed,all,secondary_only,3564,932839,382.05949794123103,369.6180843243481,394.8129356303715,3041,3,5.381554587661965,4.0,5.489057239057239,5.0,65,CIP_ENCRIPTADO
2022,sin_rett,observed,all,principal_and_secondary,8,932839,0.8575970773091606,0.3702495475369813,1.6898081255386317,8,0,5.381554587661965,4.0,3.75,4.0,65,CIP_ENCRIPTADO
2022,sin_rett,observed,hospitalisation,any,3509,778072,450.98654109131286,436.1868845711763,466.1603030625285,2902,3,5.9368387501413755,5.0,5.5956112852664575,5.0,65,CIP_ENCRIPTADO
2022,sin_rett,observed,hospitalisation,principal,295,778072,37.914229017366,33.71069002425951,42.49702208819543,233,0,5.9368387501413755,5.0,4.203389830508475,4.0,65,CIP_ENCRIPTADO
2022,sin_rett,observed,hospitalisation,secondary_only,3214,778072,413.0723120739469,398.9136725639858,427.60515199964215,2712,3,5.9368387501413755,5.0,5.723397635345364,5.0,65,CIP_ENCRIPTADO
2022,sin_rett,observed,hospitalisation,principal_and_secondary,8,778072,1.0281824818268746,0.4438962174128488,2.025929376740625,8,0,5.9368387501413755,5.0,3.75,4.0,65,CIP_ENCRIPTADO
2022,sin_rett,observed,cma,any,350,154767,226.14640071849945,203.0720864587412,251.1243991331974,348,0,2.5899319622400125,2.0,3.337142857142857,3.0,61,CIP_ENCRIPTADO
2022,sin_rett,observed,cma,principal,0,154767,0.0,0.0,2.383505174949399,0,0,2.5899319622400125,2.0,,,61,CIP_ENCRIPTADO
2022,sin_rett,observed,cma,secondary_only,350,154767,226.14640071849945,203.0720864587412,251.1243991331974,348,0,2.5899319622400125,2.0,3.337142857142857,3.0,61,CIP_ENCRIPTADO
2022,sin_rett,observed,cma,principal_and_secondary,0,154767,0.0,0.0,2.383505174949399,0,0,2.5899319622400125,2.0,,,61,CIP_ENCRIPTADO
2022,sin_rett,observed,other,any,0,0,,,,0,0,,,,,0,CIP_ENCRIPTADO
2022,sin_rett,observed,other,principal,0,0,,,,0,0,,,,,0,CIP_ENCRIPTADO
2022,sin_rett,observed,other,secondary_only,0,0,,,,0,0,,,,,0,CIP_ENCRIPTADO
2022,sin_rett,observed,other,principal_and_secondary,0,0,,,,0,0,,,,,0,CIP_ENCRIPTADO
2022,sin_rett,fixed65,all,any,3859,932839,413.68339016700634,400.7331677509315,426.94556837999863,3231,3,5.381554587661965,4.0,5.3907748121274945,4.0,65,CIP_ENCRIPTADO
2022,sin_rett,fixed65,all,principal,295,932839,31.623892225775293,28.117760951842328,35.44635566288115,233,0,5.381554587661965,4.0,4.203389830508475,4.0,65,CIP_ENCRIPTADO
2022,sin_rett,fixed65,all,secondary_only,3564,932839,382.05949794123103,369.6180843243481,394.8129356303715,3041,3,5.381554587661965,4.0,5.489057239057239,5.0,65,CIP_ENCRIPTADO
2022,sin_rett,fixed65,all,principal_and_secondary,8,932839,0.8575970773091606,0.3702495475369813,1.6898081255386317,8,0,5.381554587661965,4.0,3.75,4.0,65,CIP_ENCRIPTADO
2022,sin_rett,fixed65,hospitalisation,any,3509,778072,450.98654109131286,436.1868845711763,466.1603030625285,2902,3,5.9368387501413755,5.0,5.5956112852664575,5.0,65,CIP_ENCRIPTADO
2022,sin_rett,fixed65,hospitalisation,principal,295,778072,37.914229017366,33.71069002425951,42.49702208819543,233,0,5.9368387501413755,5.0,4.203389830508475,4.0,65,CIP_ENCRIPTADO
2022,sin_rett,fixed65,hospitalisation,secondary_only,3214,778072,413.0723120739469,398.9136725639858,427.60515199964215,2712,3,5.9368387501413755,5.0,5.723397635345364,5.0,65,CIP_ENCRIPTADO
2022,sin_rett,fixed65,hospitalisation,principal_and_secondary,8,778072,1.0281824818268746,0.4438962174128488,2.025929376740625,8,0,5.9368387501413755,5.0,3.75,4.0,65,CIP_ENCRIPTADO
2022,sin_rett,fixed65,cma,any,350,154767,226.14640071849945,203.0720864587412,251.1243991331974,348,0,2.5899319622400125,2.0,3.337142857142857,3.0,61,CIP_ENCRIPTADO
2022,sin_rett,fixed65,cma,principal,0,154767,0.0,0.0,2.383505174949399,0,0,2.5899319622400125,2.0,,,61,CIP_ENCRIPTADO
2022,sin_rett,fixed65,cma,secondary_only,350,154767,226.14640071849945,203.0720864587412,251.1243991331974,348,0,2.5899319622400125,2.0,3.337142857142857,3.0,61,CIP_ENCRIPTADO
2022,sin_rett,fixed65,cma,principal_and_secondary,0,154767,0.0,0.0,2.383505174949399,0,0,2.5899319622400125,2.0,,,61,CIP_ENCRIPTADO
2022,sin_rett,fixed65,other,any,0,0,,,,0,0,,,,,0,CIP_ENCRIPTADO
2022,sin_rett,fixed65,other,principal,0,0,,,,0,0,,,,,0,CIP_ENCRIPTADO
2022,sin_rett,fixed65,other,secondary_only,0,0,,,,0,0,,,,,0,CIP_ENCRIPTADO
2022,sin_rett,fixed65,other,principal_and_secondary,0,0,,,,0,0,,,,,0,CIP_ENCRIPTADO
2023,sin_rett,observed,all,any,6423,1039587,617.8415082143197,602.8231092762595,633.1394905051789,5232,2,5.512936387238394,4.0,5.707457574342207,5.0,68,CIP_ENCRIPTADO
2023,sin_rett,observed,all,principal,361,1039587,34.72532842369133,31.235163002429832,38.49882593395787,253,0,5.512936387238394,4.0,4.49584487534626,4.0,68,CIP_ENCRIPTADO
2023,sin_rett,observed,all,secondary_only,6062,1039587,583.1161797906284,568.5285421016255,597.9834352245273,5026,2,5.512936387238394,4.0,5.779610689541405,5.0,68,CIP_ENCRIPTADO
2023,sin_rett,observed,all,principal_and_secondary,7,1039587,0.6733443184649288,0.2707193386912174,1.387346644552344,6,0,5.512936387238394,4.0,5.714285714285714,6.0,68,CIP_ENCRIPTADO
2023,sin_rett,observed,hospitalisation,any,5792,846043,684.5987733483995,667.0802747008014,702.4608903088687,4636,2,6.147427494820003,5.0,5.961671270718232,5.0,68,CIP_ENCRIPTADO
2023,sin_rett,observed,hospitalisation,principal,361,846043,42.66922603224659,38.380637154621006,47.30596312032067,253,0,6.147427494820003,5.0,4.49584487534626,4.0,68,CIP_ENCRIPTADO
2023,sin_rett,observed,hospitalisation,secondary_only,5431,846043,641.9295473161529,624.9693340913817,659.2334284344778,4430,2,6.147427494820003,5.0,6.059105137175474,5.0,68,CIP_ENCRIPTADO
2023,sin_rett,observed,hospitalisation,principal_and_secondary,7,846043,0.8273811141986873,0.3326501196180177,1.704721315784467,6,0,6.147427494820003,5.0,5.714285714285714,6.0,68,CIP_ENCRIPTADO
2023,sin_rett,observed,cma,any,631,193544,326.02405654528167,301.078904517611,352.48467405784976,626,0,2.739371925763651,2.0,3.3740095087163233,3.0,65,CIP_ENCRIPTADO
2023,sin_rett,observed,cma,principal,0,193544,0.0,0.0,1.905964253148605,0,0,2.739371925763651,2.0,,,65,CIP_ENCRIPTADO
2023,sin_rett,observed,cma,secondary_only,631,193544,326.02405654528167,301.078904517611,352.48467405784976,626,0,2.739371925763651,2.0,3.3740095087163233,3.0,65,CIP_ENCRIPTADO
2023,sin_rett,observed,cma,principal_and_secondary,0,193544,0.0,0.0,1.905964253148605,0,0,2.739371925763651,2.0,,,65,CIP_ENCRIPTADO
2023,sin_rett,observed,other,any,0,0,,,,0,0,,,,,0,CIP_ENCRIPTADO
2023,sin_rett,observed,other,principal,0,0,,,,0,0,,,,,0,CIP_ENCRIPTADO
2023,sin_rett,observed,other,secondary_only,0,0,,,,0,0,,,,,0,CIP_ENCRIPTADO
2023,sin_rett,observed,other,principal_and_secondary,0,0,,,,0,0,,,,,0,CIP_ENCRIPTADO
2023,sin_rett,fixed65,all,any,6371,1025029,621.543390479684,606.3738513388749,636.9964886040185,5188,2,5.503889158257961,4.0,5.703500235441846,5.0,65,CIP_ENCRIPTADO
2023,sin_rett,fixed65,all,principal,358,1025029,34.92584112254385,31.401237136536913,38.7378219311707,251,0,5.503889158257961,4.0,4.477653631284916,4.0,65,CIP_ENCRIPTADO
2023,sin_rett,fixed65,all,secondary_only,6013,1025029,586.6175493571401,571.8830219488677,601.6356707631178,4983,2,5.503889158257961,4.0,5.7764842840512225,5.0,65,CIP_ENCRIPTADO
2023,sin_rett,fixed65,all,principal_and_secondary,7,1025029,0.682907507982701,0.2745642368674316,1.4070504699576671,6,0,5.503889158257961,4.0,5.714285714285714,6.0,65,CIP_ENCRIPTADO
2023,sin_rett,fixed65,hospitalisation,any,5747,836180,687.2922098112847,669.6365085974754,705.2955884162537,4599,2,6.137822000047836,5.0,5.957717069775535,5.0,65,CIP_ENCRIPTADO
2023,sin_rett,fixed65,hospitalisation,principal,358,836180,42.81374823602574,38.49312193645782,47.48665463929533,251,0,6.137822000047836,5.0,4.477653631284916,4.0,65,CIP_ENCRIPTADO
2023,sin_rett,fixed65,hospitalisation,secondary_only,5389,836180,644.478461575259,627.3851206345126,661.9195302391057,4394,2,6.137822000047836,5.0,6.056040081647801,5.0,65,CIP_ENCRIPTADO
2023,sin_rett,fixed65,hospitalisation,principal_and_secondary,7,836180,0.8371403286373748,0.336573829979175,1.724829027446528,6,0,6.137822000047836,5.0,5.714285714285714,6.0,65,CIP_ENCRIPTADO
2023,sin_rett,fixed65,cma,any,624,188849,330.4227186800036,305.0024309765019,357.39626223248024,619,0,2.6969801269797564,2.0,3.3621794871794872,3.0,62,CIP_ENCRIPTADO
2023,sin_rett,fixed65,cma,principal,0,188849,0.0,0.0,1.9533486828704076,0,0,2.6969801269797564,2.0,,,62,CIP_ENCRIPTADO
2023,sin_rett,fixed65,cma,secondary_only,624,188849,330.4227186800036,305.0024309765019,357.39626223248024,619,0,2.6969801269797564,2.0,3.3621794871794872,3.0,62,CIP_ENCRIPTADO
2023,sin_rett,fixed65,cma,principal_and_secondary,0,188849,0.0,0.0,1.9533486828704076,0,0,2.6969801269797564,2.0,,,62,CIP_ENCRIPTADO
2023,sin_rett,fixed65,other,any,0,0,,,,0,0,,,,,0,CIP_ENCRIPTADO
2023,sin_rett,fixed65,other,principal,0,0,,,,0,0,,,,,0,CIP_ENCRIPTADO
2023,sin_rett,fixed65,other,secondary_only,0,0,,,,0,0,,,,,0,CIP_ENCRIPTADO
2023,sin_rett,fixed65,other,principal_and_secondary,0,0,,,,0,0,,,,,0,CIP_ENCRIPTADO
2024,sin_rett,observed,all,any,8731,1085813,804.0979432001643,787.3188387984341,821.1445686140285,7169,1,5.784193042448377,5.0,5.997022105142595,5.0,72,ID_BENEFICIARIO
2024,sin_rett,observed,all,principal,390,1085813,35.91778694858139,32.44108276051105,39.665583806533114,313,1,5.784193042448377,5.0,5.135897435897436,5.0,72,ID_BENEFICIARIO
2024,sin_rett,observed,all,secondary_only,8341,1085813,768.180156251583,751.78205908667,784.8457966834509,6942,0,5.784193042448377,5.0,6.037285697158614,5.0,72,ID_BENEFICIARIO
2024,sin_rett,observed,all,principal_and_secondary,15,1085813,1.3814533441762071,0.7731889499189374,2.2784972063776965,15,0,5.784193042448377,5.0,9.2,6.0,72,ID_BENEFICIARIO
2024,sin_rett,observed,hospitalisation,any,7619,873772,871.9665999826042,852.4958417520305,891.7698837352457,6136,1,6.5011318742189035,5.0,6.366189788686179,6.0,72,ID_BENEFICIARIO
2024,sin_rett,observed,hospitalisation,principal,390,873772,44.63406929954267,40.31366236894611,49.29135581103897,313,1,6.5011318742189035,5.0,5.135897435897436,5.0,72,ID_BENEFICIARIO
2024,sin_rett,observed,hospitalisation,secondary_only,7229,873772,827.3325306830615,808.3694736018039,846.6281473784092,5909,0,6.5011318742189035,5.0,6.4325632867616545,6.0,72,ID_BENEFICIARIO
2024,sin_rett,observed,hospitalisation,principal_and_secondary,15,873772,1.7166949730593335,0.9608211447360766,2.831427291271162,15,0,6.5011318742189035,5.0,9.2,6.0,72,ID_BENEFICIARIO
2024,sin_rett,observed,cma,any,1112,212041,524.4268797072265,494.05255922089214,556.1799745031577,1097,0,2.8298536603770024,2.0,3.4676258992805757,3.0,68,ID_BENEFICIARIO
2024,sin_rett,observed,cma,principal,0,212041,0.0,0.0,1.7397010267419677,0,0,2.8298536603770024,2.0,,,68,ID_BENEFICIARIO
2024,sin_rett,observed,cma,secondary_only,1112,212041,524.4268797072265,494.05255922089214,556.1799745031577,1097,0,2.8298536603770024,2.0,3.4676258992805757,3.0,68,ID_BENEFICIARIO
2024,sin_rett,observed,cma,principal_and_secondary,0,212041,0.0,0.0,1.7397010267419677,0,0,2.8298536603770024,2.0,,,68,ID_BENEFICIARIO
2024,sin_rett,observed,other,any,0,0,,,,0,0,,,,,0,ID_BENEFICIARIO
2024,sin_rett,observed,other,principal,0,0,,,,0,0,,,,,0,ID_BENEFICIARIO
2024,sin_rett,observed,other,secondary_only,0,0,,,,0,0,,,,,0,ID_BENEFICIARIO
2024,sin_rett,observed,other,principal_and_secondary,0,0,,,,0,0,,,,,0,ID_BENEFICIARIO
2024,sin_rett,fixed65,all,any,8480,1048706,808.6155700453702,791.4956121631183,826.0125294457106,6988,1,5.780232019269461,5.0,5.994339622641509,5.0,65,ID_BENEFICIARIO
2024,sin_rett,fixed65,all,principal,381,1048706,36.33048728623656,32.77360943136275,40.16810475294216,305,1,5.780232019269461,5.0,5.107611548556431,5.0,65,ID_BENEFICIARIO
2024,sin_rett,fixed65,all,secondary_only,8099,1048706,772.2850827591336,755.5561983726411,789.2909921847524,6765,0,5.780232019269461,5.0,6.036053833806643,5.0,65,ID_BENEFICIARIO
2024,sin_rett,fixed65,all,principal_and_secondary,15,1048706,1.4303341451274236,0.8005471631499497,2.359118653987472,15,0,5.780232019269461,5.0,9.2,6.0,65,ID_BENEFICIARIO
2024,sin_rett,fixed65,hospitalisation,any,7424,846961,876.5456732954646,856.7187242778056,896.7156913466342,6005,1,6.494327365722861,5.0,6.358028017241379,6.0,65,ID_BENEFICIARIO
2024,sin_rett,fixed65,hospitalisation,principal,381,846961,44.984361735664336,40.58024023812986,49.73609465257428,305,1,6.494327365722861,5.0,5.107611548556431,5.0,65,ID_BENEFICIARIO
2024,sin_rett,fixed65,hospitalisation,secondary_only,7043,846961,831.5613115598003,812.2527426133144,851.2129852641111,5782,0,6.494327365722861,5.0,6.425670878886838,6.0,65,ID_BENEFICIARIO
2024,sin_rett,fixed65,hospitalisation,principal_and_secondary,15,846961,1.771037863608832,0.991236448051718,2.921057625024748,15,0,6.494327365722861,5.0,9.2,6.0,65,ID_BENEFICIARIO
2024,sin_rett,fixed65,cma,any,1056,201745,523.4330466678232,492.3349220342874,555.9806888352895,1043,0,2.782334134674961,2.0,3.4375,3.0,61,ID_BENEFICIARIO
2024,sin_rett,fixed65,cma,principal,0,201745,0.0,0.0,1.82848618509204,0,0,2.782334134674961,2.0,,,61,ID_BENEFICIARIO
2024,sin_rett,fixed65,cma,secondary_only,1056,201745,523.4330466678232,492.3349220342874,555.9806888352895,1043,0,2.782334134674961,2.0,3.4375,3.0,61,ID_BENEFICIARIO
2024,sin_rett,fixed65,cma,principal_and_secondary,0,201745,0.0,0.0,1.82848618509204,0,0,2.782334134674961,2.0,,,61,ID_BENEFICIARIO
2024,sin_rett,fixed65,other,any,0,0,,,,0,0,,,,,0,ID_BENEFICIARIO
2024,sin_rett,fixed65,other,principal,0,0,,,,0,0,,,,,0,ID_BENEFICIARIO
2024,sin_rett,fixed65,other,secondary_only,0,0,,,,0,0,,,,,0,ID_BENEFICIARIO
2024,sin_rett,fixed65,other,principal_and_secondary,0,0,,,,0,0,,,,,0,ID_BENEFICIARIO
