variant,scope,indicator,value_type,weights,years,subset,morans_i,expected_i,z_norm,p_norm,p_sim,sim_mean,sim_sd,n,permutations,seed,n_imputed_to_mean,script
sin_rett,comuna,grd_episodes,rate_per_100k,queen,full period,all comunas,0.2394719641463397,-0.002932551319648,6.545740700284882,5.920122241232841e-11,0.001,-0.0036403313139989,0.0362658555941243,342,999,20260905,0,study/pipeline/15b_spatial_correlation.py
sin_rett,comuna,grd_episodes,rate_per_100k,knn4,full period,all comunas,0.2537551041549062,-0.002932551319648,7.225432014108472,4.995113197585148e-13,0.001,-0.0030452903913757,0.0345505952598193,342,999,20260905,0,study/pipeline/15b_spatial_correlation.py
sin_rett,comuna,grd_episodes,rate_per_100k,knn8,full period,all comunas,0.2247475561510866,-0.002932551319648,9.042663681035409,1.5289971508361016e-19,0.001,-0.0028592495070463,0.0247462255867648,342,999,20260905,0,study/pipeline/15b_spatial_correlation.py
sin_rett,comuna,grd_episodes,rate_per_100k,idw,full period,all comunas,0.1296075897247623,-0.002932551319648,6.379038937888674,1.7820272850667748e-10,0.001,-0.0024711528508895,0.0209557945985016,342,999,20260905,0,study/pipeline/15b_spatial_correlation.py
sin_rett,comuna,grd_episodes,sir,queen,full period,all comunas,0.2660835285423318,-0.002932551319648,7.264342826281739,3.748562012984478e-13,0.001,-0.0037684606586491,0.0361277393916909,342,999,20260905,0,study/pipeline/15b_spatial_correlation.py
sin_rett,comuna,grd_episodes,sir,knn4,full period,all comunas,0.2713351575020329,-0.002932551319648,7.72028822380515,1.1606694597851415e-14,0.001,-0.0032059965821739,0.0344334875678379,342,999,20260905,0,study/pipeline/15b_spatial_correlation.py
sin_rett,comuna,grd_episodes,sir,knn8,full period,all comunas,0.2509138286376838,-0.002932551319648,10.081897211408904,6.643085385527442e-24,0.001,-0.0028377805412277,0.0246201593514159,342,999,20260905,0,study/pipeline/15b_spatial_correlation.py
sin_rett,comuna,grd_episodes,sir,idw,full period,all comunas,0.1506722196484834,-0.002932551319648,7.3928608143163395,1.4370288129514713e-13,0.001,-0.0025337905209035,0.0209628525015923,342,999,20260905,0,study/pipeline/15b_spatial_correlation.py
sin_rett,comuna,grd_episodes,sir_eb,queen,full period,all comunas,0.3399179980747858,-0.002932551319648,9.258122898296696,2.0805758546006126e-20,0.001,-0.0032796653185628,0.0355985283348865,342,999,20260905,0,study/pipeline/15b_spatial_correlation.py
sin_rett,comuna,grd_episodes,sir_eb,knn4,full period,all comunas,0.3542076702847899,-0.002932551319648,10.053044373855007,8.907232795625531e-24,0.001,-0.0032761670370297,0.0346367147438723,342,999,20260905,0,study/pipeline/15b_spatial_correlation.py
sin_rett,comuna,grd_episodes,sir_eb,knn8,full period,all comunas,0.3094057921970157,-0.002932551319648,12.4049950014888,2.4552807817357124e-35,0.001,-0.0030595596367614,0.0246237176974571,342,999,20260905,0,study/pipeline/15b_spatial_correlation.py
sin_rett,comuna,grd_episodes,sir_eb,idw,full period,all comunas,0.2304417779535215,-0.002932551319648,11.232098606552553,2.8365995067704916e-29,0.001,-0.0028124810828189,0.0209207812181395,342,999,20260905,0,study/pipeline/15b_spatial_correlation.py
sin_rett,comuna,grd_episodes,sir_eb,queen,2019,all comunas,0.1846368503531753,-0.002932551319648,5.065007408371299,4.08384468554312e-07,0.001,-0.0031362411476497,0.0370686672165581,342,999,20260905,0,study/pipeline/15b_spatial_correlation.py
sin_rett,comuna,grd_episodes,sir_eb,queen,2020,all comunas,0.0806532142749578,-0.002932551319648,2.25709800316757,0.0240019516384033,0.01,-0.0041527820227545,0.0340771515134511,342,999,20260905,0,study/pipeline/15b_spatial_correlation.py
sin_rett,comuna,grd_episodes,sir_eb,queen,2021,all comunas,0.1934355338493298,-0.002932551319648,5.302601582551542,1.141639013236818e-07,0.001,-0.0036606711442144,0.0371093642071486,342,999,20260905,0,study/pipeline/15b_spatial_correlation.py
sin_rett,comuna,grd_episodes,sir_eb,queen,2022,all comunas,0.2161336779391224,-0.002932551319648,5.915528141711836,3.3081233886003173e-09,0.001,-0.0043103950230219,0.0368247624226692,342,999,20260905,0,study/pipeline/15b_spatial_correlation.py
sin_rett,comuna,grd_episodes,sir_eb,queen,2023,all comunas,0.2768631739639281,-0.002932551319648,7.555429663650011,4.17479379970374e-14,0.001,-0.0026591318757383,0.0374940900526809,342,999,20260905,0,study/pipeline/15b_spatial_correlation.py
sin_rett,comuna,grd_episodes,sir_eb,queen,2024,all comunas,0.3190018128987045,-0.002932551319648,8.693315248824586,3.5201387230312224e-18,0.001,-0.002256569561248,0.0357672404009031,342,999,20260905,0,study/pipeline/15b_spatial_correlation.py
sin_rett,comuna,grd_episodes,rate_per_100k,queen,full period,comunas with >=5 events,0.3254229432642126,-0.0034965034965034,7.855266131378696,3.989241914668168e-15,0.001,-0.0037209331534295,0.0426564948534572,287,999,20260905,0,study/pipeline/15b_spatial_correlation.py
sin_rett,comuna,grd_episodes,sir,queen,full period,comunas with >=5 events,0.3399897620089477,-0.0034965034965034,8.203151423824458,2.341659432780345e-16,0.001,-0.003353464486941,0.0429387417325873,287,999,20260905,0,study/pipeline/15b_spatial_correlation.py
sin_rett,comuna,grd_episodes,sir_eb,queen,full period,comunas with >=5 events,0.3407725684404225,-0.0034965034965034,8.221846435351287,2.0039368023011296e-16,0.001,-0.0032255380884517,0.0429674582601156,287,999,20260905,0,study/pipeline/15b_spatial_correlation.py
sin_rett,comuna,grd_episodes,rate_per_100k,queen,full period,excluding Metropolitan Region (13),0.2253030437740598,-0.0034602076124567,5.492489619296433,3.9630685277792424e-08,0.001,-0.0016568856446188,0.0422905346380856,290,999,20260905,0,study/pipeline/15b_spatial_correlation.py
sin_rett,comuna,grd_episodes,sir,queen,full period,excluding Metropolitan Region (13),0.253801096024585,-0.0034602076124567,6.1767133974054165,6.54497266547654e-10,0.001,-0.0014979379719534,0.0424600177583178,290,999,20260905,0,study/pipeline/15b_spatial_correlation.py
sin_rett,comuna,grd_episodes,sir_eb,queen,full period,excluding Metropolitan Region (13),0.3173871303876278,-0.0034602076124567,7.703381826685415,1.3251164984379275e-14,0.001,-0.0018252854342137,0.0418323480619468,290,999,20260905,0,study/pipeline/15b_spatial_correlation.py
sin_rett,comuna,grd_episodes,rate_per_100k,queen,full period,including non-continental comunas present in the cartography,0.2344816922723099,-0.0029239766081871,6.360387287858446,2.012456833211869e-10,0.001,-0.0033575326296805,0.0361359364675771,343,999,20260905,0,study/pipeline/15b_spatial_correlation.py
sin_rett,comuna,grd_episodes,sir,queen,full period,including non-continental comunas present in the cartography,0.2657162241794519,-0.0029239766081871,7.197198475313267,6.146226721393239e-13,0.001,-0.0029968386009985,0.0364804635171633,343,999,20260905,0,study/pipeline/15b_spatial_correlation.py
sin_rett,comuna,grd_episodes,sir_eb,queen,full period,including non-continental comunas present in the cartography,0.3397724699746611,-0.0029239766081871,9.18125558129362,4.2609378759563804e-20,0.001,-0.0025962198128716,0.0371886710010046,343,999,20260905,0,study/pipeline/15b_spatial_correlation.py
sin_rett,comuna,grd_episodes,rate_per_100k,queen,2024,denominator base2017,0.1808781129358048,-0.002932551319648,4.963508802013787,6.923090225624395e-07,0.001,-0.0024555940521425,0.0360766641794771,342,999,20260905,0,study/pipeline/15b_spatial_correlation.py
sin_rett,comuna,grd_episodes,sir,queen,2024,denominator base2017,0.1689471380910515,-0.002932551319648,4.641332181313275,3.4617010396867924e-06,0.001,-0.0024818212970686,0.0357074680960627,342,999,20260905,0,study/pipeline/15b_spatial_correlation.py
sin_rett,comuna,grd_episodes,sir_eb,queen,2024,denominator base2017,0.3190018128987045,-0.002932551319648,8.693315248824586,3.5201387230312224e-18,0.001,-0.002256569561248,0.0357672404009031,342,999,20260905,0,study/pipeline/15b_spatial_correlation.py
sin_rett,comuna,grd_episodes,rate_per_100k,queen,2024,denominator censo2024,0.1255526700419346,-0.002932551319648,3.469534968170305,0.0005213601954419,0.004,-0.0026575195770173,0.0360716032580624,342,999,20260905,0,study/pipeline/15b_spatial_correlation.py
sin_rett,comuna,grd_episodes,sir,queen,2024,denominator censo2024,0.1095977797184461,-0.002932551319648,3.0386990377493066,0.0023760209160841,0.008,-0.0026975118171888,0.0344422492692046,342,999,20260905,0,study/pipeline/15b_spatial_correlation.py
sin_rett,comuna,grd_episodes,sir_eb,queen,2024,denominator censo2024,0.2961589536564055,-0.002932551319648,8.076480891734505,6.666260255857054e-16,0.001,-0.0021054138958255,0.0360329163487055,342,999,20260905,0,study/pipeline/15b_spatial_correlation.py
sin_rett,region,grd_episodes,rate_per_100k,queen (16 regions),full period,all comunas,0.1845328965815152,-0.0666666666666666,1.0533526010447951,0.2921794192939614,0.169,-0.076891576995524,0.2516105786353618,16,999,20260905,0,study/pipeline/15b_spatial_correlation.py
sin_rett,region,grd_episodes,sir,queen (16 regions),full period,all comunas,0.0999594325420315,-0.0666666666666666,0.6987115452506691,0.4847323173237104,0.252,-0.078461409261985,0.2474294604947182,16,999,20260905,0,study/pipeline/15b_spatial_correlation.py
sin_rett,region,grd_episodes,sir_eb,queen (16 regions),full period,all comunas,0.0975819553129645,-0.0666666666666666,0.6887420939077611,0.4909855815315591,0.257,-0.0782230307260513,0.2473679497803417,16,999,20260905,0,study/pipeline/15b_spatial_correlation.py
