domain,domain_definition,subgroup_type,subgroup,survey,survey_year,variant,source_file,source_sha256,source_documents,script,variant_note,module,item_variable,item_wording,positive_definition,estimate_type,weight_var,strata_var,psu_var,n,cases,proportion,proportion_unit,se,lo,hi,ci_method,weighted_total,weighted_population,weighted_unit,deff,rse,df,n_psu,n_strata,precision_flag,deff_note,precision_flag_original,precision_flag_revision,precision_rule_revision
ENDIDE adultos 18+: autismo reportado,Personas seleccionadas de 18 años o más con cuestionario adulto (c26_33 no perdido); autorreporte o con ayuda/por tercero (forma_ent_adulto_inicio),total,total,ENDIDE 2022,2022,both,endide_2022_adultos_cuidadores_nna.dta.zip,648490f083f432b0d321cfcb0a58e3a662e458b2e078effcf22e71729fb4f20c,libro_codigos_endide_2022.pdf; metodologia_diseno_muestral_endide_2022.pdf,study/pipeline/04_surveys.py,Idéntico en con_rett y sin_rett: el reporte de autismo no separa el síndrome de Rett,Adultos (18+),c26_33,Enfermedad o condición de salud: Autismo (Trastorno del espectro autista),c26_33 == 1 (Sí); 0 = No; sin códigos perdidos,primary,fexp,estrato,cod_upm,30010,72,0.0029040190258375,proportion (0-1) of persons in domain,0.0004055052657187,0.0022084155103129,0.0038178843775411,"logit, t with df = PSU - strata (Taylor linearisation)",44594.0,15355960.0,persons (survey expansion weights),1.704207878256826,0.1396358846518982,8445,8477,32,adequate,DEFF = 1.70 (varianza de diseño / varianza MAS con el mismo n no ponderado y p del dominio); EE relativo = 14.0 %; adecuado según el umbral de 30 casos no ponderados,adequate,adequate,"Fewer than30 unweighted positives OR relative standard error greater than30%; an editorial caution, not exclusion."
ENDIDE adultos 18+: autismo reportado,Personas seleccionadas de 18 años o más con cuestionario adulto (c26_33 no perdido); autorreporte o con ayuda/por tercero (forma_ent_adulto_inicio); sexo = Hombre,sex,Hombre,ENDIDE 2022,2022,both,endide_2022_adultos_cuidadores_nna.dta.zip,648490f083f432b0d321cfcb0a58e3a662e458b2e078effcf22e71729fb4f20c,libro_codigos_endide_2022.pdf; metodologia_diseno_muestral_endide_2022.pdf,study/pipeline/04_surveys.py,Idéntico en con_rett y sin_rett: el reporte de autismo no separa el síndrome de Rett,Adultos (18+),c26_33,Enfermedad o condición de salud: Autismo (Trastorno del espectro autista),c26_33 == 1 (Sí); 0 = No; sin códigos perdidos,primary,fexp,estrato,cod_upm,12696,48,0.0043868250561825,proportion (0-1) of persons in domain,0.0007306093133614,0.0031642718987192,0.0060788453666362,"logit, t with df = PSU - strata (Taylor linearisation)",32927.0,7505884.0,persons (survey expansion weights),1.5516593097040612,0.1665462615911198,8445,8477,32,adequate,DEFF = 1.55 (varianza de diseño / varianza MAS con el mismo n no ponderado y p del dominio); EE relativo = 16.7 %; adecuado según el umbral de 30 casos no ponderados,adequate,adequate,"Fewer than30 unweighted positives OR relative standard error greater than30%; an editorial caution, not exclusion."
ENDIDE adultos 18+: autismo reportado,Personas seleccionadas de 18 años o más con cuestionario adulto (c26_33 no perdido); autorreporte o con ayuda/por tercero (forma_ent_adulto_inicio); sexo = Mujer,sex,Mujer,ENDIDE 2022,2022,both,endide_2022_adultos_cuidadores_nna.dta.zip,648490f083f432b0d321cfcb0a58e3a662e458b2e078effcf22e71729fb4f20c,libro_codigos_endide_2022.pdf; metodologia_diseno_muestral_endide_2022.pdf,study/pipeline/04_surveys.py,Idéntico en con_rett y sin_rett: el reporte de autismo no separa el síndrome de Rett,Adultos (18+),c26_33,Enfermedad o condición de salud: Autismo (Trastorno del espectro autista),c26_33 == 1 (Sí); 0 = No; sin códigos perdidos,primary,fexp,estrato,cod_upm,17314,24,0.0014862276492609,proportion (0-1) of persons in domain,0.0003533457239233,0.0009324498896256,0.002368111942271,"logit, t with df = PSU - strata (Taylor linearisation)",11667.0,7850076.0,persons (survey expansion weights),1.456658331741079,0.2377467032718892,8445,8477,32,imprecise,"DEFF = 1.46 (varianza de diseño / varianza MAS con el mismo n no ponderado y p del dominio); EE relativo = 23.8 %; imprecise: menos de 30 casos no ponderados, usar solo como orden de magnitud",imprecise,imprecise,"Fewer than30 unweighted positives OR relative standard error greater than30%; an editorial caution, not exclusion."
ENDIDE adultos 18+: autismo reportado,Personas seleccionadas de 18 años o más con cuestionario adulto (c26_33 no perdido); autorreporte o con ayuda/por tercero (forma_ent_adulto_inicio); edad 18-29,age_group,18-29,ENDIDE 2022,2022,both,endide_2022_adultos_cuidadores_nna.dta.zip,648490f083f432b0d321cfcb0a58e3a662e458b2e078effcf22e71729fb4f20c,libro_codigos_endide_2022.pdf; metodologia_diseno_muestral_endide_2022.pdf,study/pipeline/04_surveys.py,Idéntico en con_rett y sin_rett: el reporte de autismo no separa el síndrome de Rett,Adultos (18+),c26_33,Enfermedad o condición de salud: Autismo (Trastorno del espectro autista),c26_33 == 1 (Sí); 0 = No; sin códigos perdidos,primary,fexp,estrato,cod_upm,5953,36,0.0062264205281801,proportion (0-1) of persons in domain,0.0012117850051268,0.0042499010324368,0.009113754950125,"logit, t with df = PSU - strata (Taylor linearisation)",21620.0,3472300.0,persons (survey expansion weights),1.4127364000268414,0.1946198461286816,8445,8477,32,adequate,DEFF = 1.41 (varianza de diseño / varianza MAS con el mismo n no ponderado y p del dominio); EE relativo = 19.5 %; adecuado según el umbral de 30 casos no ponderados,adequate,adequate,"Fewer than30 unweighted positives OR relative standard error greater than30%; an editorial caution, not exclusion."
ENDIDE adultos 18+: autismo reportado,Personas seleccionadas de 18 años o más con cuestionario adulto (c26_33 no perdido); autorreporte o con ayuda/por tercero (forma_ent_adulto_inicio); edad 30-44,age_group,30-44,ENDIDE 2022,2022,both,endide_2022_adultos_cuidadores_nna.dta.zip,648490f083f432b0d321cfcb0a58e3a662e458b2e078effcf22e71729fb4f20c,libro_codigos_endide_2022.pdf; metodologia_diseno_muestral_endide_2022.pdf,study/pipeline/04_surveys.py,Idéntico en con_rett y sin_rett: el reporte de autismo no separa el síndrome de Rett,Adultos (18+),c26_33,Enfermedad o condición de salud: Autismo (Trastorno del espectro autista),c26_33 == 1 (Sí); 0 = No; sin códigos perdidos,primary,fexp,estrato,cod_upm,6820,22,0.0033308273908577,proportion (0-1) of persons in domain,0.000830826720782,0.0020419887984188,0.0054287148879695,"logit, t with df = PSU - strata (Taylor linearisation)",15188.0,4559828.0,persons (survey expansion weights),1.4180845752595703,0.2494355375671596,8445,8477,32,imprecise,"DEFF = 1.42 (varianza de diseño / varianza MAS con el mismo n no ponderado y p del dominio); EE relativo = 24.9 %; imprecise: menos de 30 casos no ponderados, usar solo como orden de magnitud",imprecise,imprecise,"Fewer than30 unweighted positives OR relative standard error greater than30%; an editorial caution, not exclusion."
ENDIDE adultos 18+: autismo reportado,Personas seleccionadas de 18 años o más con cuestionario adulto (c26_33 no perdido); autorreporte o con ayuda/por tercero (forma_ent_adulto_inicio); edad 45-59,age_group,45-59,ENDIDE 2022,2022,both,endide_2022_adultos_cuidadores_nna.dta.zip,648490f083f432b0d321cfcb0a58e3a662e458b2e078effcf22e71729fb4f20c,libro_codigos_endide_2022.pdf; metodologia_diseno_muestral_endide_2022.pdf,study/pipeline/04_surveys.py,Idéntico en con_rett y sin_rett: el reporte de autismo no separa el síndrome de Rett,Adultos (18+),c26_33,Enfermedad o condición de salud: Autismo (Trastorno del espectro autista),c26_33 == 1 (Sí); 0 = No; sin códigos perdidos,primary,fexp,estrato,cod_upm,8066,9,0.0015190979795379,proportion (0-1) of persons in domain,0.0005927147173945,0.0007067536750912,0.0032621046860586,"logit, t with df = PSU - strata (Taylor linearisation)",5659.0,3725237.0,persons (survey expansion weights),1.868203112411824,0.3901754365935095,8445,8477,32,imprecise,"DEFF = 1.87 (varianza de diseño / varianza MAS con el mismo n no ponderado y p del dominio); EE relativo = 39.0 %; imprecise: menos de 30 casos no ponderados, usar solo como orden de magnitud; EE relativo > 30 %",imprecise,imprecise,"Fewer than30 unweighted positives OR relative standard error greater than30%; an editorial caution, not exclusion."
ENDIDE adultos 18+: autismo reportado,Personas seleccionadas de 18 años o más con cuestionario adulto (c26_33 no perdido); autorreporte o con ayuda/por tercero (forma_ent_adulto_inicio); edad 60+,age_group,60+,ENDIDE 2022,2022,both,endide_2022_adultos_cuidadores_nna.dta.zip,648490f083f432b0d321cfcb0a58e3a662e458b2e078effcf22e71729fb4f20c,libro_codigos_endide_2022.pdf; metodologia_diseno_muestral_endide_2022.pdf,study/pipeline/04_surveys.py,Idéntico en con_rett y sin_rett: el reporte de autismo no separa el síndrome de Rett,Adultos (18+),c26_33,Enfermedad o condición de salud: Autismo (Trastorno del espectro autista),c26_33 == 1 (Sí); 0 = No; sin códigos perdidos,primary,fexp,estrato,cod_upm,9171,5,0.0005910640124826,proportion (0-1) of persons in domain,0.000288575684864,0.0002269365670527,0.0015385472291082,"logit, t with df = PSU - strata (Taylor linearisation)",2127.0,3598595.0,persons (survey expansion weights),1.292880596175622,0.4882308493997874,8445,8477,32,imprecise,"DEFF = 1.29 (varianza de diseño / varianza MAS con el mismo n no ponderado y p del dominio); EE relativo = 48.8 %; imprecise: menos de 30 casos no ponderados, usar solo como orden de magnitud; EE relativo > 30 %",imprecise,imprecise,"Fewer than30 unweighted positives OR relative standard error greater than30%; an editorial caution, not exclusion."
ENDIDE NNA 2-17: autismo reportado,Personas seleccionadas de 2 a 17 años con cuestionario NNA respondido por el/la responsable principal (n29_19 no perdido),total,total,ENDIDE 2022,2022,both,endide_2022_adultos_cuidadores_nna.dta.zip,648490f083f432b0d321cfcb0a58e3a662e458b2e078effcf22e71729fb4f20c,libro_codigos_endide_2022.pdf; metodologia_diseno_muestral_endide_2022.pdf,study/pipeline/04_surveys.py,Idéntico en con_rett y sin_rett: el reporte de autismo no separa el síndrome de Rett,"NNA (2-17), responsable principal",n29_19,Enfermedad o condición de salud: Autismo (Trastorno del espectro Autista),n29_19 == 1 (Sí); 0 = No; sin códigos perdidos,primary,fexp,estrato,cod_upm,5526,163,0.0286746815962574,proportion (0-1) of persons in domain,0.0027836556438955,0.0236938761781233,0.0346653495930094,"logit, t with df = PSU - strata (Taylor linearisation)",114497.0,3992965.0,persons (survey expansion weights),1.5373706502065403,0.0970771247991429,8445,8477,32,adequate,DEFF = 1.54 (varianza de diseño / varianza MAS con el mismo n no ponderado y p del dominio); EE relativo = 9.7 %; adecuado según el umbral de 30 casos no ponderados,adequate,adequate,"Fewer than30 unweighted positives OR relative standard error greater than30%; an editorial caution, not exclusion."
ENDIDE NNA 2-17: autismo reportado,Personas seleccionadas de 2 a 17 años con cuestionario NNA respondido por el/la responsable principal (n29_19 no perdido); sexo = Hombre,sex,Hombre,ENDIDE 2022,2022,both,endide_2022_adultos_cuidadores_nna.dta.zip,648490f083f432b0d321cfcb0a58e3a662e458b2e078effcf22e71729fb4f20c,libro_codigos_endide_2022.pdf; metodologia_diseno_muestral_endide_2022.pdf,study/pipeline/04_surveys.py,Idéntico en con_rett y sin_rett: el reporte de autismo no separa el síndrome de Rett,"NNA (2-17), responsable principal",n29_19,Enfermedad o condición de salud: Autismo (Trastorno del espectro Autista),n29_19 == 1 (Sí); 0 = No; sin códigos perdidos,primary,fexp,estrato,cod_upm,2880,129,0.045696441164767,proportion (0-1) of persons in domain,0.0048953456446001,0.0370043606822298,0.0563108456293203,"logit, t with df = PSU - strata (Taylor linearisation)",92789.0,2030552.0,persons (survey expansion weights),1.58266970202449,0.1071275031451361,8445,8477,32,adequate,DEFF = 1.58 (varianza de diseño / varianza MAS con el mismo n no ponderado y p del dominio); EE relativo = 10.7 %; adecuado según el umbral de 30 casos no ponderados,adequate,adequate,"Fewer than30 unweighted positives OR relative standard error greater than30%; an editorial caution, not exclusion."
ENDIDE NNA 2-17: autismo reportado,Personas seleccionadas de 2 a 17 años con cuestionario NNA respondido por el/la responsable principal (n29_19 no perdido); sexo = Mujer,sex,Mujer,ENDIDE 2022,2022,both,endide_2022_adultos_cuidadores_nna.dta.zip,648490f083f432b0d321cfcb0a58e3a662e458b2e078effcf22e71729fb4f20c,libro_codigos_endide_2022.pdf; metodologia_diseno_muestral_endide_2022.pdf,study/pipeline/04_surveys.py,Idéntico en con_rett y sin_rett: el reporte de autismo no separa el síndrome de Rett,"NNA (2-17), responsable principal",n29_19,Enfermedad o condición de salud: Autismo (Trastorno del espectro Autista),n29_19 == 1 (Sí); 0 = No; sin códigos perdidos,primary,fexp,estrato,cod_upm,2646,34,0.0110618916609296,proportion (0-1) of persons in domain,0.0021904406310427,0.0074977296952953,0.0162925206160945,"logit, t with df = PSU - strata (Taylor linearisation)",21708.0,1962413.0,persons (survey expansion weights),1.1605244642464043,0.1980168219129564,8445,8477,32,adequate,DEFF = 1.16 (varianza de diseño / varianza MAS con el mismo n no ponderado y p del dominio); EE relativo = 19.8 %; adecuado según el umbral de 30 casos no ponderados,adequate,adequate,"Fewer than30 unweighted positives OR relative standard error greater than30%; an editorial caution, not exclusion."
ENDIDE NNA 2-17: autismo reportado,Personas seleccionadas de 2 a 17 años con cuestionario NNA respondido por el/la responsable principal (n29_19 no perdido); edad 2-5,age_group,2-5,ENDIDE 2022,2022,both,endide_2022_adultos_cuidadores_nna.dta.zip,648490f083f432b0d321cfcb0a58e3a662e458b2e078effcf22e71729fb4f20c,libro_codigos_endide_2022.pdf; metodologia_diseno_muestral_endide_2022.pdf,study/pipeline/04_surveys.py,Idéntico en con_rett y sin_rett: el reporte de autismo no separa el síndrome de Rett,"NNA (2-17), responsable principal",n29_19,Enfermedad o condición de salud: Autismo (Trastorno del espectro Autista),n29_19 == 1 (Sí); 0 = No; sin códigos perdidos,primary,fexp,estrato,cod_upm,1053,45,0.0344891813082606,proportion (0-1) of persons in domain,0.0067731457159899,0.0234140859488053,0.0505318424856795,"logit, t with df = PSU - strata (Taylor linearisation)",27405.0,794597.0,persons (survey expansion weights),1.4506718355068156,0.1963846475638909,8445,8477,32,adequate,DEFF = 1.45 (varianza de diseño / varianza MAS con el mismo n no ponderado y p del dominio); EE relativo = 19.6 %; adecuado según el umbral de 30 casos no ponderados,adequate,adequate,"Fewer than30 unweighted positives OR relative standard error greater than30%; an editorial caution, not exclusion."
ENDIDE NNA 2-17: autismo reportado,Personas seleccionadas de 2 a 17 años con cuestionario NNA respondido por el/la responsable principal (n29_19 no perdido); edad 6-11,age_group,6-11,ENDIDE 2022,2022,both,endide_2022_adultos_cuidadores_nna.dta.zip,648490f083f432b0d321cfcb0a58e3a662e458b2e078effcf22e71729fb4f20c,libro_codigos_endide_2022.pdf; metodologia_diseno_muestral_endide_2022.pdf,study/pipeline/04_surveys.py,Idéntico en con_rett y sin_rett: el reporte de autismo no separa el síndrome de Rett,"NNA (2-17), responsable principal",n29_19,Enfermedad o condición de salud: Autismo (Trastorno del espectro Autista),n29_19 == 1 (Sí); 0 = No; sin códigos perdidos,primary,fexp,estrato,cod_upm,2131,68,0.0332542990750973,proportion (0-1) of persons in domain,0.0048203922306452,0.0249972659339065,0.044115367400342,"logit, t with df = PSU - strata (Taylor linearisation)",51066.0,1535621.0,persons (survey expansion weights),1.5402391477712167,0.1449554603379099,8445,8477,32,adequate,DEFF = 1.54 (varianza de diseño / varianza MAS con el mismo n no ponderado y p del dominio); EE relativo = 14.5 %; adecuado según el umbral de 30 casos no ponderados,adequate,adequate,"Fewer than30 unweighted positives OR relative standard error greater than30%; an editorial caution, not exclusion."
ENDIDE NNA 2-17: autismo reportado,Personas seleccionadas de 2 a 17 años con cuestionario NNA respondido por el/la responsable principal (n29_19 no perdido); edad 12-17,age_group,12-17,ENDIDE 2022,2022,both,endide_2022_adultos_cuidadores_nna.dta.zip,648490f083f432b0d321cfcb0a58e3a662e458b2e078effcf22e71729fb4f20c,libro_codigos_endide_2022.pdf; metodologia_diseno_muestral_endide_2022.pdf,study/pipeline/04_surveys.py,Idéntico en con_rett y sin_rett: el reporte de autismo no separa el síndrome de Rett,"NNA (2-17), responsable principal",n29_19,Enfermedad o condición de salud: Autismo (Trastorno del espectro Autista),n29_19 == 1 (Sí); 0 = No; sin códigos perdidos,primary,fexp,estrato,cod_upm,2342,50,0.0216665554050014,proportion (0-1) of persons in domain,0.0035385084311518,0.0157148234752153,0.0298041535149791,"logit, t with df = PSU - strata (Taylor linearisation)",36026.0,1662747.0,persons (survey expansion weights),1.3834089728120458,0.1633166124013896,8445,8477,32,adequate,DEFF = 1.38 (varianza de diseño / varianza MAS con el mismo n no ponderado y p del dominio); EE relativo = 16.3 %; adecuado según el umbral de 30 casos no ponderados,adequate,adequate,"Fewer than30 unweighted positives OR relative standard error greater than30%; an editorial caution, not exclusion."
ENDIDE NNA con autismo reportado: confirmado por un médico,NNA con autismo reportado (n29_19 == 1) y respuesta válida en n29a_19 (1 Sí / 2 No); -99 No responde excluido,total,total,ENDIDE 2022,2022,both,endide_2022_adultos_cuidadores_nna.dta.zip,648490f083f432b0d321cfcb0a58e3a662e458b2e078effcf22e71729fb4f20c,libro_codigos_endide_2022.pdf; metodologia_diseno_muestral_endide_2022.pdf,study/pipeline/04_surveys.py,Idéntico en con_rett y sin_rett: el reporte de autismo no separa el síndrome de Rett,"NNA (2-17), responsable principal",n29a_19,¿Le ha dicho un médico que tiene…? Autismo (Trastorno del espectro Autista),n29a_19 == 1 (Sí); 2 = No; -99 = No responde (perdido); ítem aplicado solo si n29_19 == 1,primary,fexp,estrato,cod_upm,153,139,0.9000235460324936,proportion (0-1) of persons in domain,0.0303211213903775,0.8230192775866124,0.9457324695097058,"logit, t with df = PSU - strata (Taylor linearisation)",95560.0,106175.0,persons (survey expansion weights),1.563256880301611,0.0336892534912445,8445,8477,32,adequate,DEFF = 1.56 (varianza de diseño / varianza MAS con el mismo n no ponderado y p del dominio); EE relativo = 3.4 %; adecuado según el umbral de 30 casos no ponderados,adequate,adequate,"Fewer than30 unweighted positives OR relative standard error greater than30%; an editorial caution, not exclusion."
ENDIDE NNA con autismo reportado: confirmado por un médico,NNA con autismo reportado (n29_19 == 1) y respuesta válida en n29a_19 (1 Sí / 2 No); -99 No responde excluido; sexo = Hombre,sex,Hombre,ENDIDE 2022,2022,both,endide_2022_adultos_cuidadores_nna.dta.zip,648490f083f432b0d321cfcb0a58e3a662e458b2e078effcf22e71729fb4f20c,libro_codigos_endide_2022.pdf; metodologia_diseno_muestral_endide_2022.pdf,study/pipeline/04_surveys.py,Idéntico en con_rett y sin_rett: el reporte de autismo no separa el síndrome de Rett,"NNA (2-17), responsable principal",n29a_19,¿Le ha dicho un médico que tiene…? Autismo (Trastorno del espectro Autista),n29a_19 == 1 (Sí); 2 = No; -99 = No responde (perdido); ítem aplicado solo si n29_19 == 1,primary,fexp,estrato,cod_upm,120,111,0.9101034584688148,proportion (0-1) of persons in domain,0.034257126593266,0.8166954647059491,0.9583407609870992,"logit, t with df = PSU - strata (Taylor linearisation)",76972.0,84575.0,persons (survey expansion weights),1.7212714383789252,0.0376409146394205,8445,8477,32,adequate,DEFF = 1.72 (varianza de diseño / varianza MAS con el mismo n no ponderado y p del dominio); EE relativo = 3.8 %; adecuado según el umbral de 30 casos no ponderados,adequate,adequate,"Fewer than30 unweighted positives OR relative standard error greater than30%; an editorial caution, not exclusion."
ENDIDE NNA con autismo reportado: confirmado por un médico,NNA con autismo reportado (n29_19 == 1) y respuesta válida en n29a_19 (1 Sí / 2 No); -99 No responde excluido; sexo = Mujer,sex,Mujer,ENDIDE 2022,2022,both,endide_2022_adultos_cuidadores_nna.dta.zip,648490f083f432b0d321cfcb0a58e3a662e458b2e078effcf22e71729fb4f20c,libro_codigos_endide_2022.pdf; metodologia_diseno_muestral_endide_2022.pdf,study/pipeline/04_surveys.py,Idéntico en con_rett y sin_rett: el reporte de autismo no separa el síndrome de Rett,"NNA (2-17), responsable principal",n29a_19,¿Le ha dicho un médico que tiene…? Autismo (Trastorno del espectro Autista),n29a_19 == 1 (Sí); 2 = No; -99 = No responde (perdido); ítem aplicado solo si n29_19 == 1,primary,fexp,estrato,cod_upm,33,28,0.8605555555555555,proportion (0-1) of persons in domain,0.0641037752020241,0.6841154815481538,0.9461945665579202,"logit, t with df = PSU - strata (Taylor linearisation)",18588.0,21600.0,persons (survey expansion weights),1.130058755196424,0.0744911525911191,8445,8477,32,imprecise,"DEFF = 1.13 (varianza de diseño / varianza MAS con el mismo n no ponderado y p del dominio); EE relativo = 7.4 %; imprecise: menos de 30 casos no ponderados, usar solo como orden de magnitud",imprecise,imprecise,"Fewer than30 unweighted positives OR relative standard error greater than30%; an editorial caution, not exclusion."
ENDIDE NNA con autismo reportado: confirmado por un médico (sensibilidad: No responde = no confirmado),"NNA con autismo reportado (n29_19 == 1), todos; -99 No responde contado como no confirmado",total,total,ENDIDE 2022,2022,both,endide_2022_adultos_cuidadores_nna.dta.zip,648490f083f432b0d321cfcb0a58e3a662e458b2e078effcf22e71729fb4f20c,libro_codigos_endide_2022.pdf; metodologia_diseno_muestral_endide_2022.pdf,study/pipeline/04_surveys.py,Idéntico en con_rett y sin_rett: el reporte de autismo no separa el síndrome de Rett,"NNA (2-17), responsable principal",n29a_19,¿Le ha dicho un médico que tiene…? Autismo (Trastorno del espectro Autista),n29a_19 == 1 (Sí); 2 = No; -99 = No responde (perdido); ítem aplicado solo si n29_19 == 1,sensitivity,fexp,estrato,cod_upm,163,139,0.8346070202712735,proportion (0-1) of persons in domain,0.0369186486323724,0.7492026376430161,0.895004296162972,"logit, t with df = PSU - strata (Taylor linearisation)",95560.0,114497.0,persons (survey expansion weights),1.6094596417334166,0.0442347688620839,8445,8477,32,adequate,DEFF = 1.61 (varianza de diseño / varianza MAS con el mismo n no ponderado y p del dominio); EE relativo = 4.4 %; adecuado según el umbral de 30 casos no ponderados,adequate,adequate,"Fewer than30 unweighted positives OR relative standard error greater than30%; an editorial caution, not exclusion."
ENDIDE NNA 2-17: autismo reportado y confirmado por un médico,Personas seleccionadas de 2 a 17 años con cuestionario NNA respondido por el/la responsable principal (n29_19 no perdido); numerador = n29_19 == 1 y n29a_19 == 1,total,total,ENDIDE 2022,2022,both,endide_2022_adultos_cuidadores_nna.dta.zip,648490f083f432b0d321cfcb0a58e3a662e458b2e078effcf22e71729fb4f20c,libro_codigos_endide_2022.pdf; metodologia_diseno_muestral_endide_2022.pdf,study/pipeline/04_surveys.py,Idéntico en con_rett y sin_rett: el reporte de autismo no separa el síndrome de Rett,"NNA (2-17), responsable principal",n29a_19,¿Le ha dicho un médico que tiene…? Autismo (Trastorno del espectro Autista),n29a_19 == 1 (Sí); 2 = No; -99 = No responde (perdido); ítem aplicado solo si n29_19 == 1,primary,fexp,estrato,cod_upm,5526,139,0.0239320905642799,proportion (0-1) of persons in domain,0.0025528933522974,0.019406633650544,0.0294811173284767,"logit, t with df = PSU - strata (Taylor linearisation)",95560.0,3992965.0,persons (survey expansion weights),1.541755666426505,0.1066723922609519,8445,8477,32,adequate,DEFF = 1.54 (varianza de diseño / varianza MAS con el mismo n no ponderado y p del dominio); EE relativo = 10.7 %; adecuado según el umbral de 30 casos no ponderados,adequate,adequate,"Fewer than30 unweighted positives OR relative standard error greater than30%; an editorial caution, not exclusion."
ENDIDE NNA 2-17: autismo reportado y confirmado por un médico,Personas seleccionadas de 2 a 17 años con cuestionario NNA respondido por el/la responsable principal (n29_19 no perdido); numerador = n29_19 == 1 y n29a_19 == 1; sexo = Hombre,sex,Hombre,ENDIDE 2022,2022,both,endide_2022_adultos_cuidadores_nna.dta.zip,648490f083f432b0d321cfcb0a58e3a662e458b2e078effcf22e71729fb4f20c,libro_codigos_endide_2022.pdf; metodologia_diseno_muestral_endide_2022.pdf,study/pipeline/04_surveys.py,Idéntico en con_rett y sin_rett: el reporte de autismo no separa el síndrome de Rett,"NNA (2-17), responsable principal",n29a_19,¿Le ha dicho un médico que tiene…? Autismo (Trastorno del espectro Autista),n29a_19 == 1 (Sí); 2 = No; -99 = No responde (perdido); ítem aplicado solo si n29_19 == 1,primary,fexp,estrato,cod_upm,2880,111,0.0379069336810877,proportion (0-1) of persons in domain,0.0044564088488473,0.0300755104556889,0.0476773567369253,"logit, t with df = PSU - strata (Taylor linearisation)",76972.0,2030552.0,persons (survey expansion weights),1.5682915532600066,0.1175618393811335,8445,8477,32,adequate,DEFF = 1.57 (varianza de diseño / varianza MAS con el mismo n no ponderado y p del dominio); EE relativo = 11.8 %; adecuado según el umbral de 30 casos no ponderados,adequate,adequate,"Fewer than30 unweighted positives OR relative standard error greater than30%; an editorial caution, not exclusion."
ENDIDE NNA 2-17: autismo reportado y confirmado por un médico,Personas seleccionadas de 2 a 17 años con cuestionario NNA respondido por el/la responsable principal (n29_19 no perdido); numerador = n29_19 == 1 y n29a_19 == 1; sexo = Mujer,sex,Mujer,ENDIDE 2022,2022,both,endide_2022_adultos_cuidadores_nna.dta.zip,648490f083f432b0d321cfcb0a58e3a662e458b2e078effcf22e71729fb4f20c,libro_codigos_endide_2022.pdf; metodologia_diseno_muestral_endide_2022.pdf,study/pipeline/04_surveys.py,Idéntico en con_rett y sin_rett: el reporte de autismo no separa el síndrome de Rett,"NNA (2-17), responsable principal",n29a_19,¿Le ha dicho un médico que tiene…? Autismo (Trastorno del espectro Autista),n29a_19 == 1 (Sí); 2 = No; -99 = No responde (perdido); ítem aplicado solo si n29_19 == 1,primary,fexp,estrato,cod_upm,2646,28,0.0094720122624544,proportion (0-1) of persons in domain,0.0020591577467086,0.0061807415283097,0.0144903444947415,"logit, t with df = PSU - strata (Taylor linearisation)",18588.0,1962413.0,persons (survey expansion weights),1.19580419643621,0.2173939063477351,8445,8477,32,imprecise,"DEFF = 1.20 (varianza de diseño / varianza MAS con el mismo n no ponderado y p del dominio); EE relativo = 21.7 %; imprecise: menos de 30 casos no ponderados, usar solo como orden de magnitud",imprecise,imprecise,"Fewer than30 unweighted positives OR relative standard error greater than30%; an editorial caution, not exclusion."
ENDIDE NNA 2-17: autismo reportado y confirmado por un médico,Personas seleccionadas de 2 a 17 años con cuestionario NNA respondido por el/la responsable principal (n29_19 no perdido); numerador = n29_19 == 1 y n29a_19 == 1; edad 2-5,age_group,2-5,ENDIDE 2022,2022,both,endide_2022_adultos_cuidadores_nna.dta.zip,648490f083f432b0d321cfcb0a58e3a662e458b2e078effcf22e71729fb4f20c,libro_codigos_endide_2022.pdf; metodologia_diseno_muestral_endide_2022.pdf,study/pipeline/04_surveys.py,Idéntico en con_rett y sin_rett: el reporte de autismo no separa el síndrome de Rett,"NNA (2-17), responsable principal",n29a_19,¿Le ha dicho un médico que tiene…? Autismo (Trastorno del espectro Autista),n29a_19 == 1 (Sí); 2 = No; -99 = No responde (perdido); ítem aplicado solo si n29_19 == 1,primary,fexp,estrato,cod_upm,1053,38,0.0279475004310361,proportion (0-1) of persons in domain,0.0061479307882488,0.0181156477618062,0.0428823234849362,"logit, t with df = PSU - strata (Taylor linearisation)",22207.0,794597.0,persons (survey expansion weights),1.4650539499008903,0.2199814184964284,8445,8477,32,adequate,DEFF = 1.47 (varianza de diseño / varianza MAS con el mismo n no ponderado y p del dominio); EE relativo = 22.0 %; adecuado según el umbral de 30 casos no ponderados,adequate,adequate,"Fewer than30 unweighted positives OR relative standard error greater than30%; an editorial caution, not exclusion."
ENDIDE NNA 2-17: autismo reportado y confirmado por un médico,Personas seleccionadas de 2 a 17 años con cuestionario NNA respondido por el/la responsable principal (n29_19 no perdido); numerador = n29_19 == 1 y n29a_19 == 1; edad 6-11,age_group,6-11,ENDIDE 2022,2022,both,endide_2022_adultos_cuidadores_nna.dta.zip,648490f083f432b0d321cfcb0a58e3a662e458b2e078effcf22e71729fb4f20c,libro_codigos_endide_2022.pdf; metodologia_diseno_muestral_endide_2022.pdf,study/pipeline/04_surveys.py,Idéntico en con_rett y sin_rett: el reporte de autismo no separa el síndrome de Rett,"NNA (2-17), responsable principal",n29a_19,¿Le ha dicho un médico que tiene…? Autismo (Trastorno del espectro Autista),n29a_19 == 1 (Sí); 2 = No; -99 = No responde (perdido); ítem aplicado solo si n29_19 == 1,primary,fexp,estrato,cod_upm,2131,61,0.0295372360758286,proportion (0-1) of persons in domain,0.0045462386366771,0.0218168055452509,0.0398783565162267,"logit, t with df = PSU - strata (Taylor linearisation)",45358.0,1535621.0,persons (survey expansion weights),1.536523391796052,0.153915506007601,8445,8477,32,adequate,DEFF = 1.54 (varianza de diseño / varianza MAS con el mismo n no ponderado y p del dominio); EE relativo = 15.4 %; adecuado según el umbral de 30 casos no ponderados,adequate,adequate,"Fewer than30 unweighted positives OR relative standard error greater than30%; an editorial caution, not exclusion."
ENDIDE NNA 2-17: autismo reportado y confirmado por un médico,Personas seleccionadas de 2 a 17 años con cuestionario NNA respondido por el/la responsable principal (n29_19 no perdido); numerador = n29_19 == 1 y n29a_19 == 1; edad 12-17,age_group,12-17,ENDIDE 2022,2022,both,endide_2022_adultos_cuidadores_nna.dta.zip,648490f083f432b0d321cfcb0a58e3a662e458b2e078effcf22e71729fb4f20c,libro_codigos_endide_2022.pdf; metodologia_diseno_muestral_endide_2022.pdf,study/pipeline/04_surveys.py,Idéntico en con_rett y sin_rett: el reporte de autismo no separa el síndrome de Rett,"NNA (2-17), responsable principal",n29a_19,¿Le ha dicho un médico que tiene…? Autismo (Trastorno del espectro Autista),n29a_19 == 1 (Sí); 2 = No; -99 = No responde (perdido); ítem aplicado solo si n29_19 == 1,primary,fexp,estrato,cod_upm,2342,40,0.0168365963071952,proportion (0-1) of persons in domain,0.0030340688361866,0.0118147752494027,0.0239412079175217,"logit, t with df = PSU - strata (Taylor linearisation)",27995.0,1662747.0,persons (survey expansion weights),1.3024400636966793,0.180206781752558,8445,8477,32,adequate,DEFF = 1.30 (varianza de diseño / varianza MAS con el mismo n no ponderado y p del dominio); EE relativo = 18.0 %; adecuado según el umbral de 30 casos no ponderados,adequate,adequate,"Fewer than30 unweighted positives OR relative standard error greater than30%; an editorial caution, not exclusion."
ENDIDE NNA con autismo reportado: ha recibido medicamento,NNA con autismo reportado (n29_19 == 1) y respuesta válida en n29b_19; -99 excluido,total,total,ENDIDE 2022,2022,both,endide_2022_adultos_cuidadores_nna.dta.zip,648490f083f432b0d321cfcb0a58e3a662e458b2e078effcf22e71729fb4f20c,libro_codigos_endide_2022.pdf; metodologia_diseno_muestral_endide_2022.pdf,study/pipeline/04_surveys.py,Idéntico en con_rett y sin_rett: el reporte de autismo no separa el síndrome de Rett,"NNA (2-17), responsable principal",n29b_19,¿Ha recibido medicamento para...? Autismo (Trastorno del espectro Autista),n29b_19 == 1 (Sí); 2 = No; -99 = No responde (perdido),secondary,fexp,estrato,cod_upm,153,74,0.5256793030374382,proportion (0-1) of persons in domain,0.0482539359885852,0.4312995211104977,0.6182593171281848,"logit, t with df = PSU - strata (Taylor linearisation)",55814.0,106175.0,persons (survey expansion weights),1.4287754011403755,0.0917934864655468,8445,8477,32,adequate,DEFF = 1.43 (varianza de diseño / varianza MAS con el mismo n no ponderado y p del dominio); EE relativo = 9.2 %; adecuado según el umbral de 30 casos no ponderados,adequate,adequate,"Fewer than30 unweighted positives OR relative standard error greater than30%; an editorial caution, not exclusion."
ENDIDE NNA con autismo reportado: ha recibido otro tratamiento,NNA con autismo reportado (n29_19 == 1) y respuesta válida en n29c_19; -99 excluido,total,total,ENDIDE 2022,2022,both,endide_2022_adultos_cuidadores_nna.dta.zip,648490f083f432b0d321cfcb0a58e3a662e458b2e078effcf22e71729fb4f20c,libro_codigos_endide_2022.pdf; metodologia_diseno_muestral_endide_2022.pdf,study/pipeline/04_surveys.py,Idéntico en con_rett y sin_rett: el reporte de autismo no separa el síndrome de Rett,"NNA (2-17), responsable principal",n29c_19,¿Ha recibido otro tratam. para...? Autismo (Trastorno del espectro Autista),n29c_19 == 1 (Sí); 2 = No; -99 = No responde (perdido),secondary,fexp,estrato,cod_upm,153,85,0.5635601601130209,proportion (0-1) of persons in domain,0.0519573970294477,0.4604664823559595,0.6614386540835511,"logit, t with df = PSU - strata (Taylor linearisation)",59836.0,106175.0,persons (survey expansion weights),1.6792738703391474,0.0921949433384854,8445,8477,32,adequate,DEFF = 1.68 (varianza de diseño / varianza MAS con el mismo n no ponderado y p del dominio); EE relativo = 9.2 %; adecuado según el umbral de 30 casos no ponderados,adequate,adequate,"Fewer than30 unweighted positives OR relative standard error greater than30%; an editorial caution, not exclusion."
ENCAVI 15+: diagnóstico de trastorno del espectro autista,Personas de 15 años o más con respuesta válida en p4_6_1_h (1 Sí / 2 No); 8 No sabe y 9 No responde excluidos,total,total,ENCAVI 2023-2024,2023-2024,both,ENCAVI_2023_2024.dta,8616caea4441fbc4cc19b1363257dc1d11c72330e3e9efe7aa502824efb95039,manual_base_ENCAVI_2023_2024.pdf; cuestionario_ENCAVI_2023_2024.pdf,study/pipeline/04_surveys.py,Idéntico en con_rett y sin_rett: el ítem de diagnóstico no separa el síndrome de Rett,"Personas 15+ (módulo 4, salud)",p4_6_1_h,"4.6 Actualmente, ¿Ud. ha sido diagnosticado con alguno de los siguientes problemas, condición de salud o enfermedades? — Trastorno del espectro autista (nota al encuestador: diagnóstico médico tradicional)",p4_6_1_h == 1 (Sí); 2 = No; 8 = No sabe y 9 = No responde (perdidos),primary,w_personas_cal,varstrat,varunit,16484,80,0.0071255001578223,proportion (0-1) of persons in domain,0.001275154233129,0.0050070883027345,0.0101310493936068,"logit, t with df = PSU - strata (Taylor linearisation)",114816.87545013428,16113518.055864334,persons (survey expansion weights),3.7885962840272183,0.178956452864465,254,350,96,adequate,DEFF = 3.79 (varianza de diseño / varianza MAS con el mismo n no ponderado y p del dominio); EE relativo = 17.9 %; adecuado según el umbral de 30 casos no ponderados,adequate,adequate,"Fewer than30 unweighted positives OR relative standard error greater than30%; an editorial caution, not exclusion."
ENCAVI 15+: diagnóstico de trastorno del espectro autista,Personas de 15 años o más con respuesta válida en p4_6_1_h (1 Sí / 2 No); 8 No sabe y 9 No responde excluidos; sexo = Hombre,sex,Hombre,ENCAVI 2023-2024,2023-2024,both,ENCAVI_2023_2024.dta,8616caea4441fbc4cc19b1363257dc1d11c72330e3e9efe7aa502824efb95039,manual_base_ENCAVI_2023_2024.pdf; cuestionario_ENCAVI_2023_2024.pdf,study/pipeline/04_surveys.py,Idéntico en con_rett y sin_rett: el ítem de diagnóstico no separa el síndrome de Rett,"Personas 15+ (módulo 4, salud)",p4_6_1_h,"4.6 Actualmente, ¿Ud. ha sido diagnosticado con alguno de los siguientes problemas, condición de salud o enfermedades? — Trastorno del espectro autista (nota al encuestador: diagnóstico médico tradicional)",p4_6_1_h == 1 (Sí); 2 = No; 8 = No sabe y 9 = No responde (perdidos),primary,w_personas_cal,varstrat,varunit,5225,35,0.0097052732411821,proportion (0-1) of persons in domain,0.0022871598683937,0.0060961617481376,0.0154179418962181,"logit, t with df = PSU - strata (Taylor linearisation)",76607.7124710083,7893411.196908951,persons (survey expansion weights),2.843852749353606,0.2356615637248293,254,350,96,adequate,DEFF = 2.84 (varianza de diseño / varianza MAS con el mismo n no ponderado y p del dominio); EE relativo = 23.6 %; adecuado según el umbral de 30 casos no ponderados,adequate,adequate,"Fewer than30 unweighted positives OR relative standard error greater than30%; an editorial caution, not exclusion."
ENCAVI 15+: diagnóstico de trastorno del espectro autista,Personas de 15 años o más con respuesta válida en p4_6_1_h (1 Sí / 2 No); 8 No sabe y 9 No responde excluidos; sexo = Mujer,sex,Mujer,ENCAVI 2023-2024,2023-2024,both,ENCAVI_2023_2024.dta,8616caea4441fbc4cc19b1363257dc1d11c72330e3e9efe7aa502824efb95039,manual_base_ENCAVI_2023_2024.pdf; cuestionario_ENCAVI_2023_2024.pdf,study/pipeline/04_surveys.py,Idéntico en con_rett y sin_rett: el ítem de diagnóstico no separa el síndrome de Rett,"Personas 15+ (módulo 4, salud)",p4_6_1_h,"4.6 Actualmente, ¿Ud. ha sido diagnosticado con alguno de los siguientes problemas, condición de salud o enfermedades? — Trastorno del espectro autista (nota al encuestador: diagnóstico médico tradicional)",p4_6_1_h == 1 (Sí); 2 = No; 8 = No sabe y 9 = No responde (perdidos),primary,w_personas_cal,varstrat,varunit,11259,45,0.0046482562373868,proportion (0-1) of persons in domain,0.0010566639711218,0.0029695341050853,0.0072690662099807,"logit, t with df = PSU - strata (Taylor linearisation)",38209.16297912598,8220106.858955383,persons (survey expansion weights),2.717108468212273,0.2273248111029106,254,350,96,adequate,DEFF = 2.72 (varianza de diseño / varianza MAS con el mismo n no ponderado y p del dominio); EE relativo = 22.7 %; adecuado según el umbral de 30 casos no ponderados,adequate,adequate,"Fewer than30 unweighted positives OR relative standard error greater than30%; an editorial caution, not exclusion."
ENCAVI 15+: diagnóstico de trastorno del espectro autista,Personas de 15 años o más con respuesta válida en p4_6_1_h (1 Sí / 2 No); 8 No sabe y 9 No responde excluidos; edad5 = 15-19,age_group,15-19,ENCAVI 2023-2024,2023-2024,both,ENCAVI_2023_2024.dta,8616caea4441fbc4cc19b1363257dc1d11c72330e3e9efe7aa502824efb95039,manual_base_ENCAVI_2023_2024.pdf; cuestionario_ENCAVI_2023_2024.pdf,study/pipeline/04_surveys.py,Idéntico en con_rett y sin_rett: el ítem de diagnóstico no separa el síndrome de Rett,"Personas 15+ (módulo 4, salud)",p4_6_1_h,"4.6 Actualmente, ¿Ud. ha sido diagnosticado con alguno de los siguientes problemas, condición de salud o enfermedades? — Trastorno del espectro autista (nota al encuestador: diagnóstico médico tradicional)",p4_6_1_h == 1 (Sí); 2 = No; 8 = No sabe y 9 = No responde (perdidos),primary,w_personas_cal,varstrat,varunit,475,4,0.0164554935538867,proportion (0-1) of persons in domain,0.0092971185224666,0.0053687748990546,0.0493018627483702,"logit, t with df = PSU - strata (Taylor linearisation)",20185.760284423828,1226688.231399536,persons (survey expansion weights),2.536795244703124,0.5649856986678283,254,350,96,imprecise,"DEFF = 2.54 (varianza de diseño / varianza MAS con el mismo n no ponderado y p del dominio); EE relativo = 56.5 %; imprecise: menos de 30 casos no ponderados, usar solo como orden de magnitud; EE relativo > 30 %",imprecise,imprecise,"Fewer than30 unweighted positives OR relative standard error greater than30%; an editorial caution, not exclusion."
ENCAVI 15+: diagnóstico de trastorno del espectro autista,Personas de 15 años o más con respuesta válida en p4_6_1_h (1 Sí / 2 No); 8 No sabe y 9 No responde excluidos; edad5 = 20-29,age_group,20-29,ENCAVI 2023-2024,2023-2024,both,ENCAVI_2023_2024.dta,8616caea4441fbc4cc19b1363257dc1d11c72330e3e9efe7aa502824efb95039,manual_base_ENCAVI_2023_2024.pdf; cuestionario_ENCAVI_2023_2024.pdf,study/pipeline/04_surveys.py,Idéntico en con_rett y sin_rett: el ítem de diagnóstico no separa el síndrome de Rett,"Personas 15+ (módulo 4, salud)",p4_6_1_h,"4.6 Actualmente, ¿Ud. ha sido diagnosticado con alguno de los siguientes problemas, condición de salud o enfermedades? — Trastorno del espectro autista (nota al encuestador: diagnóstico médico tradicional)",p4_6_1_h == 1 (Sí); 2 = No; 8 = No sabe y 9 = No responde (perdidos),primary,w_personas_cal,varstrat,varunit,1743,28,0.0160243524939226,proportion (0-1) of persons in domain,0.0043803243609571,0.0093351644505215,0.0273742860338783,"logit, t with df = PSU - strata (Taylor linearisation)",46008.864166259766,2871183.979740143,persons (survey expansion weights),2.1210215897368996,0.273354219000015,254,350,96,imprecise,"DEFF = 2.12 (varianza de diseño / varianza MAS con el mismo n no ponderado y p del dominio); EE relativo = 27.3 %; imprecise: menos de 30 casos no ponderados, usar solo como orden de magnitud",imprecise,imprecise,"Fewer than30 unweighted positives OR relative standard error greater than30%; an editorial caution, not exclusion."
ENCAVI 15+: diagnóstico de trastorno del espectro autista,Personas de 15 años o más con respuesta válida en p4_6_1_h (1 Sí / 2 No); 8 No sabe y 9 No responde excluidos; edad5 = 30-49,age_group,30-49,ENCAVI 2023-2024,2023-2024,both,ENCAVI_2023_2024.dta,8616caea4441fbc4cc19b1363257dc1d11c72330e3e9efe7aa502824efb95039,manual_base_ENCAVI_2023_2024.pdf; cuestionario_ENCAVI_2023_2024.pdf,study/pipeline/04_surveys.py,Idéntico en con_rett y sin_rett: el ítem de diagnóstico no separa el síndrome de Rett,"Personas 15+ (módulo 4, salud)",p4_6_1_h,"4.6 Actualmente, ¿Ud. ha sido diagnosticado con alguno de los siguientes problemas, condición de salud o enfermedades? — Trastorno del espectro autista (nota al encuestador: diagnóstico médico tradicional)",p4_6_1_h == 1 (Sí); 2 = No; 8 = No sabe y 9 = No responde (perdidos),primary,w_personas_cal,varstrat,varunit,4550,30,0.0059592235633904,proportion (0-1) of persons in domain,0.0018346635011629,0.0032469889091045,0.0109122058697529,"logit, t with df = PSU - strata (Taylor linearisation)",35220.42451477051,5910237.154239655,persons (survey expansion weights),2.585415574118935,0.3078695540865289,254,350,96,adequate,DEFF = 2.59 (varianza de diseño / varianza MAS con el mismo n no ponderado y p del dominio); EE relativo = 30.8 %; adecuado según el umbral de 30 casos no ponderados; EE relativo > 30 %,adequate,imprecise,"Fewer than30 unweighted positives OR relative standard error greater than30%; an editorial caution, not exclusion."
ENCAVI 15+: diagnóstico de trastorno del espectro autista,Personas de 15 años o más con respuesta válida en p4_6_1_h (1 Sí / 2 No); 8 No sabe y 9 No responde excluidos; edad5 = 50-64,age_group,50-64,ENCAVI 2023-2024,2023-2024,both,ENCAVI_2023_2024.dta,8616caea4441fbc4cc19b1363257dc1d11c72330e3e9efe7aa502824efb95039,manual_base_ENCAVI_2023_2024.pdf; cuestionario_ENCAVI_2023_2024.pdf,study/pipeline/04_surveys.py,Idéntico en con_rett y sin_rett: el ítem de diagnóstico no separa el síndrome de Rett,"Personas 15+ (módulo 4, salud)",p4_6_1_h,"4.6 Actualmente, ¿Ud. ha sido diagnosticado con alguno de los siguientes problemas, condición de salud o enfermedades? — Trastorno del espectro autista (nota al encuestador: diagnóstico médico tradicional)",p4_6_1_h == 1 (Sí); 2 = No; 8 = No sabe y 9 = No responde (perdidos),primary,w_personas_cal,varstrat,varunit,4727,12,0.0028403554817147,proportion (0-1) of persons in domain,0.0010798645177264,0.0013425601035068,0.0059990929549252,"logit, t with df = PSU - strata (Taylor linearisation)",9782.89266204834,3444249.399424553,persons (survey expansion weights),1.946196798169448,0.3801863973288667,254,350,96,imprecise,"DEFF = 1.95 (varianza de diseño / varianza MAS con el mismo n no ponderado y p del dominio); EE relativo = 38.0 %; imprecise: menos de 30 casos no ponderados, usar solo como orden de magnitud; EE relativo > 30 %",imprecise,imprecise,"Fewer than30 unweighted positives OR relative standard error greater than30%; an editorial caution, not exclusion."
ENCAVI 15+: diagnóstico de trastorno del espectro autista,Personas de 15 años o más con respuesta válida en p4_6_1_h (1 Sí / 2 No); 8 No sabe y 9 No responde excluidos; edad5 = 65+,age_group,65+,ENCAVI 2023-2024,2023-2024,both,ENCAVI_2023_2024.dta,8616caea4441fbc4cc19b1363257dc1d11c72330e3e9efe7aa502824efb95039,manual_base_ENCAVI_2023_2024.pdf; cuestionario_ENCAVI_2023_2024.pdf,study/pipeline/04_surveys.py,Idéntico en con_rett y sin_rett: el ítem de diagnóstico no separa el síndrome de Rett,"Personas 15+ (módulo 4, salud)",p4_6_1_h,"4.6 Actualmente, ¿Ud. ha sido diagnosticado con alguno de los siguientes problemas, condición de salud o enfermedades? — Trastorno del espectro autista (nota al encuestador: diagnóstico médico tradicional)",p4_6_1_h == 1 (Sí); 2 = No; 8 = No sabe y 9 = No responde (perdidos),primary,w_personas_cal,varstrat,varunit,4989,6,0.0013599087566042,proportion (0-1) of persons in domain,0.0007221615084138,0.0004776298027119,0.0038656325611836,"logit, t with df = PSU - strata (Taylor linearisation)",3618.933822631836,2661159.2910604477,persons (survey expansion weights),1.9158584096780895,0.5310367367713137,254,350,96,imprecise,"DEFF = 1.92 (varianza de diseño / varianza MAS con el mismo n no ponderado y p del dominio); EE relativo = 53.1 %; imprecise: menos de 30 casos no ponderados, usar solo como orden de magnitud; EE relativo > 30 %",imprecise,imprecise,"Fewer than30 unweighted positives OR relative standard error greater than30%; an editorial caution, not exclusion."
ENCAVI 15+: diagnóstico de trastorno del espectro autista (sensibilidad: No sabe/No responde = no diagnosticado),Todas las personas de 15 años o más de la base (16.590); 8/9 contados como no diagnosticados,total,total,ENCAVI 2023-2024,2023-2024,both,ENCAVI_2023_2024.dta,8616caea4441fbc4cc19b1363257dc1d11c72330e3e9efe7aa502824efb95039,manual_base_ENCAVI_2023_2024.pdf; cuestionario_ENCAVI_2023_2024.pdf,study/pipeline/04_surveys.py,Idéntico en con_rett y sin_rett: el ítem de diagnóstico no separa el síndrome de Rett,"Personas 15+ (módulo 4, salud)",p4_6_1_h,"4.6 Actualmente, ¿Ud. ha sido diagnosticado con alguno de los siguientes problemas, condición de salud o enfermedades? — Trastorno del espectro autista (nota al encuestador: diagnóstico médico tradicional)",p4_6_1_h == 1 (Sí); 2 = No; 8 = No sabe y 9 = No responde (perdidos),sensitivity,w_personas_cal,varstrat,varunit,16590,80,0.0070708658951918,proportion (0-1) of persons in domain,0.0012644926858553,0.0049699387109362,0.010050940671387,"logit, t with df = PSU - strata (Taylor linearisation)",114816.87545013428,16238021.927160265,persons (survey expansion weights),3.7782281106941342,0.1788313771747766,254,350,96,adequate,DEFF = 3.78 (varianza de diseño / varianza MAS con el mismo n no ponderado y p del dominio); EE relativo = 17.9 %; adecuado según el umbral de 30 casos no ponderados,adequate,adequate,"Fewer than30 unweighted positives OR relative standard error greater than30%; an editorial caution, not exclusion."
ENCAVI 15+ con diagnóstico de TEA: ha recibido o está en tratamiento médico,Personas 15+ con p4_6_1_h == 1 y respuesta válida en p4_6_2_h (1/2); 9 No responde excluido,total,total,ENCAVI 2023-2024,2023-2024,both,ENCAVI_2023_2024.dta,8616caea4441fbc4cc19b1363257dc1d11c72330e3e9efe7aa502824efb95039,manual_base_ENCAVI_2023_2024.pdf; cuestionario_ENCAVI_2023_2024.pdf,study/pipeline/04_surveys.py,Idéntico en con_rett y sin_rett: el ítem de diagnóstico no separa el síndrome de Rett,"Personas 15+ (módulo 4, salud)",p4_6_2_h,4.6 ¿Y para cuál de ellos ha recibido o está en tratamiento médico? — Trastorno del espectro autista,p4_6_2_h == 1 (Sí); 2 = No; 8/9 perdidos; ítem aplicado solo si p4_6_1_h == 1,secondary,w_personas_cal,varstrat,varunit,79,43,0.5303850287873567,proportion (0-1) of persons in domain,0.0862675012126413,0.3634568490626261,0.6907807177187448,"logit, t with df = PSU - strata (Taylor linearisation)",60311.95471954346,113713.53157806396,persons (survey expansion weights),2.3604148496877606,0.1626507094475849,254,350,96,adequate,DEFF = 2.36 (varianza de diseño / varianza MAS con el mismo n no ponderado y p del dominio); EE relativo = 16.3 %; adecuado según el umbral de 30 casos no ponderados,adequate,adequate,"Fewer than30 unweighted positives OR relative standard error greater than30%; an editorial caution, not exclusion."
