survey,survey_year,variant,module,domain,domain_definition,subgroup_type,subgroup,estimate_type,item_variable,item_wording,positive_definition,weight_var,strata_var,psu_var,n,cases,proportion,proportion_unit,se,lo,hi,ci_method,weighted_total,weighted_population,weighted_unit,deff,rse,df,n_psu,n_strata,precision_flag,deff_note,variant_note,source_file,source_sha256,source_documents,script
ENDIDE 2022,2022,both,Adultos (18+),ENDIDE adultos 18+: autismo reportado,Personas seleccionadas de 18 años o más con cuestionario adulto (c26_33 no perdido); autorreporte o con ayuda/por tercero (forma_ent_adulto_inicio),total,total,primary,c26_33,Enfermedad o condición de salud: Autismo (Trastorno del espectro autista),c26_33 == 1 (Sí); 0 = No; sin códigos perdidos,fexp,estrato,cod_upm,30010,72,0.002904019025837525,proportion (0-1) of persons in domain,0.0004055052657187664,0.0022084155103129525,0.0038178843775411348,"logit, t with df = PSU - strata (Taylor linearisation)",44594.0,15355960.0,persons (survey expansion weights),1.704207878256826,0.1396358846518982,8445,8477,32,adequate,DEFF = 1.70 (varianza de diseño / varianza MAS con el mismo n no ponderado y p del dominio); EE relativo = 14.0 %; adecuado según el umbral de 30 casos no ponderados,Idéntico en con_rett y sin_rett: el reporte de autismo no separa el síndrome de Rett,endide_2022_adultos_cuidadores_nna.dta.zip,648490f083f432b0d321cfcb0a58e3a662e458b2e078effcf22e71729fb4f20c,libro_codigos_endide_2022.pdf; metodologia_diseno_muestral_endide_2022.pdf,study/pipeline/04_surveys.py
ENDIDE 2022,2022,both,Adultos (18+),ENDIDE adultos 18+: autismo reportado,Personas seleccionadas de 18 años o más con cuestionario adulto (c26_33 no perdido); autorreporte o con ayuda/por tercero (forma_ent_adulto_inicio); sexo = Hombre,sex,Hombre,primary,c26_33,Enfermedad o condición de salud: Autismo (Trastorno del espectro autista),c26_33 == 1 (Sí); 0 = No; sin códigos perdidos,fexp,estrato,cod_upm,12696,48,0.004386825056182589,proportion (0-1) of persons in domain,0.0007306093133614646,0.0031642718987192754,0.006078845366636257,"logit, t with df = PSU - strata (Taylor linearisation)",32927.0,7505884.0,persons (survey expansion weights),1.5516593097040612,0.16654626159111985,8445,8477,32,adequate,DEFF = 1.55 (varianza de diseño / varianza MAS con el mismo n no ponderado y p del dominio); EE relativo = 16.7 %; adecuado según el umbral de 30 casos no ponderados,Idéntico en con_rett y sin_rett: el reporte de autismo no separa el síndrome de Rett,endide_2022_adultos_cuidadores_nna.dta.zip,648490f083f432b0d321cfcb0a58e3a662e458b2e078effcf22e71729fb4f20c,libro_codigos_endide_2022.pdf; metodologia_diseno_muestral_endide_2022.pdf,study/pipeline/04_surveys.py
ENDIDE 2022,2022,both,Adultos (18+),ENDIDE adultos 18+: autismo reportado,Personas seleccionadas de 18 años o más con cuestionario adulto (c26_33 no perdido); autorreporte o con ayuda/por tercero (forma_ent_adulto_inicio); sexo = Mujer,sex,Mujer,primary,c26_33,Enfermedad o condición de salud: Autismo (Trastorno del espectro autista),c26_33 == 1 (Sí); 0 = No; sin códigos perdidos,fexp,estrato,cod_upm,17314,24,0.0014862276492609754,proportion (0-1) of persons in domain,0.0003533457239233266,0.0009324498896256186,0.0023681119422710156,"logit, t with df = PSU - strata (Taylor linearisation)",11667.0,7850076.0,persons (survey expansion weights),1.456658331741079,0.23774670327188924,8445,8477,32,imprecise,"DEFF = 1.46 (varianza de diseño / varianza MAS con el mismo n no ponderado y p del dominio); EE relativo = 23.8 %; imprecise: menos de 30 casos no ponderados, usar solo como orden de magnitud",Idéntico en con_rett y sin_rett: el reporte de autismo no separa el síndrome de Rett,endide_2022_adultos_cuidadores_nna.dta.zip,648490f083f432b0d321cfcb0a58e3a662e458b2e078effcf22e71729fb4f20c,libro_codigos_endide_2022.pdf; metodologia_diseno_muestral_endide_2022.pdf,study/pipeline/04_surveys.py
ENDIDE 2022,2022,both,Adultos (18+),ENDIDE adultos 18+: autismo reportado,Personas seleccionadas de 18 años o más con cuestionario adulto (c26_33 no perdido); autorreporte o con ayuda/por tercero (forma_ent_adulto_inicio); edad 18-29,age_group,18-29,primary,c26_33,Enfermedad o condición de salud: Autismo (Trastorno del espectro autista),c26_33 == 1 (Sí); 0 = No; sin códigos perdidos,fexp,estrato,cod_upm,5953,36,0.006226420528180169,proportion (0-1) of persons in domain,0.0012117850051268889,0.004249901032436853,0.009113754950125008,"logit, t with df = PSU - strata (Taylor linearisation)",21620.0,3472300.0,persons (survey expansion weights),1.4127364000268414,0.1946198461286816,8445,8477,32,adequate,DEFF = 1.41 (varianza de diseño / varianza MAS con el mismo n no ponderado y p del dominio); EE relativo = 19.5 %; adecuado según el umbral de 30 casos no ponderados,Idéntico en con_rett y sin_rett: el reporte de autismo no separa el síndrome de Rett,endide_2022_adultos_cuidadores_nna.dta.zip,648490f083f432b0d321cfcb0a58e3a662e458b2e078effcf22e71729fb4f20c,libro_codigos_endide_2022.pdf; metodologia_diseno_muestral_endide_2022.pdf,study/pipeline/04_surveys.py
ENDIDE 2022,2022,both,Adultos (18+),ENDIDE adultos 18+: autismo reportado,Personas seleccionadas de 18 años o más con cuestionario adulto (c26_33 no perdido); autorreporte o con ayuda/por tercero (forma_ent_adulto_inicio); edad 30-44,age_group,30-44,primary,c26_33,Enfermedad o condición de salud: Autismo (Trastorno del espectro autista),c26_33 == 1 (Sí); 0 = No; sin códigos perdidos,fexp,estrato,cod_upm,6820,22,0.0033308273908577253,proportion (0-1) of persons in domain,0.0008308267207820164,0.0020419887984188894,0.005428714887969589,"logit, t with df = PSU - strata (Taylor linearisation)",15188.0,4559828.0,persons (survey expansion weights),1.4180845752595703,0.24943553756715964,8445,8477,32,imprecise,"DEFF = 1.42 (varianza de diseño / varianza MAS con el mismo n no ponderado y p del dominio); EE relativo = 24.9 %; imprecise: menos de 30 casos no ponderados, usar solo como orden de magnitud",Idéntico en con_rett y sin_rett: el reporte de autismo no separa el síndrome de Rett,endide_2022_adultos_cuidadores_nna.dta.zip,648490f083f432b0d321cfcb0a58e3a662e458b2e078effcf22e71729fb4f20c,libro_codigos_endide_2022.pdf; metodologia_diseno_muestral_endide_2022.pdf,study/pipeline/04_surveys.py
ENDIDE 2022,2022,both,Adultos (18+),ENDIDE adultos 18+: autismo reportado,Personas seleccionadas de 18 años o más con cuestionario adulto (c26_33 no perdido); autorreporte o con ayuda/por tercero (forma_ent_adulto_inicio); edad 45-59,age_group,45-59,primary,c26_33,Enfermedad o condición de salud: Autismo (Trastorno del espectro autista),c26_33 == 1 (Sí); 0 = No; sin códigos perdidos,fexp,estrato,cod_upm,8066,9,0.0015190979795379463,proportion (0-1) of persons in domain,0.0005927147173945364,0.0007067536750912358,0.0032621046860586097,"logit, t with df = PSU - strata (Taylor linearisation)",5659.0,3725237.0,persons (survey expansion weights),1.868203112411824,0.39017543659350956,8445,8477,32,imprecise,"DEFF = 1.87 (varianza de diseño / varianza MAS con el mismo n no ponderado y p del dominio); EE relativo = 39.0 %; imprecise: menos de 30 casos no ponderados, usar solo como orden de magnitud; EE relativo > 30 %",Idéntico en con_rett y sin_rett: el reporte de autismo no separa el síndrome de Rett,endide_2022_adultos_cuidadores_nna.dta.zip,648490f083f432b0d321cfcb0a58e3a662e458b2e078effcf22e71729fb4f20c,libro_codigos_endide_2022.pdf; metodologia_diseno_muestral_endide_2022.pdf,study/pipeline/04_surveys.py
ENDIDE 2022,2022,both,Adultos (18+),ENDIDE adultos 18+: autismo reportado,Personas seleccionadas de 18 años o más con cuestionario adulto (c26_33 no perdido); autorreporte o con ayuda/por tercero (forma_ent_adulto_inicio); edad 60+,age_group,60+,primary,c26_33,Enfermedad o condición de salud: Autismo (Trastorno del espectro autista),c26_33 == 1 (Sí); 0 = No; sin códigos perdidos,fexp,estrato,cod_upm,9171,5,0.0005910640124826494,proportion (0-1) of persons in domain,0.0002885756848640505,0.00022693656705276508,0.001538547229108228,"logit, t with df = PSU - strata (Taylor linearisation)",2127.0,3598595.0,persons (survey expansion weights),1.292880596175622,0.48823084939978745,8445,8477,32,imprecise,"DEFF = 1.29 (varianza de diseño / varianza MAS con el mismo n no ponderado y p del dominio); EE relativo = 48.8 %; imprecise: menos de 30 casos no ponderados, usar solo como orden de magnitud; EE relativo > 30 %",Idéntico en con_rett y sin_rett: el reporte de autismo no separa el síndrome de Rett,endide_2022_adultos_cuidadores_nna.dta.zip,648490f083f432b0d321cfcb0a58e3a662e458b2e078effcf22e71729fb4f20c,libro_codigos_endide_2022.pdf; metodologia_diseno_muestral_endide_2022.pdf,study/pipeline/04_surveys.py
ENDIDE 2022,2022,both,"NNA (2-17), responsable principal",ENDIDE NNA 2-17: autismo reportado,Personas seleccionadas de 2 a 17 años con cuestionario NNA respondido por el/la responsable principal (n29_19 no perdido),total,total,primary,n29_19,Enfermedad o condición de salud: Autismo (Trastorno del espectro Autista),n29_19 == 1 (Sí); 0 = No; sin códigos perdidos,fexp,estrato,cod_upm,5526,163,0.02867468159625742,proportion (0-1) of persons in domain,0.0027836556438955696,0.023693876178123345,0.0346653495930094,"logit, t with df = PSU - strata (Taylor linearisation)",114497.0,3992965.0,persons (survey expansion weights),1.5373706502065403,0.09707712479914297,8445,8477,32,adequate,DEFF = 1.54 (varianza de diseño / varianza MAS con el mismo n no ponderado y p del dominio); EE relativo = 9.7 %; adecuado según el umbral de 30 casos no ponderados,Idéntico en con_rett y sin_rett: el reporte de autismo no separa el síndrome de Rett,endide_2022_adultos_cuidadores_nna.dta.zip,648490f083f432b0d321cfcb0a58e3a662e458b2e078effcf22e71729fb4f20c,libro_codigos_endide_2022.pdf; metodologia_diseno_muestral_endide_2022.pdf,study/pipeline/04_surveys.py
ENDIDE 2022,2022,both,"NNA (2-17), responsable principal",ENDIDE NNA 2-17: autismo reportado,Personas seleccionadas de 2 a 17 años con cuestionario NNA respondido por el/la responsable principal (n29_19 no perdido); sexo = Hombre,sex,Hombre,primary,n29_19,Enfermedad o condición de salud: Autismo (Trastorno del espectro Autista),n29_19 == 1 (Sí); 0 = No; sin códigos perdidos,fexp,estrato,cod_upm,2880,129,0.04569644116476702,proportion (0-1) of persons in domain,0.004895345644600107,0.03700436068222983,0.05631084562932033,"logit, t with df = PSU - strata (Taylor linearisation)",92789.0,2030552.0,persons (survey expansion weights),1.58266970202449,0.10712750314513614,8445,8477,32,adequate,DEFF = 1.58 (varianza de diseño / varianza MAS con el mismo n no ponderado y p del dominio); EE relativo = 10.7 %; adecuado según el umbral de 30 casos no ponderados,Idéntico en con_rett y sin_rett: el reporte de autismo no separa el síndrome de Rett,endide_2022_adultos_cuidadores_nna.dta.zip,648490f083f432b0d321cfcb0a58e3a662e458b2e078effcf22e71729fb4f20c,libro_codigos_endide_2022.pdf; metodologia_diseno_muestral_endide_2022.pdf,study/pipeline/04_surveys.py
ENDIDE 2022,2022,both,"NNA (2-17), responsable principal",ENDIDE NNA 2-17: autismo reportado,Personas seleccionadas de 2 a 17 años con cuestionario NNA respondido por el/la responsable principal (n29_19 no perdido); sexo = Mujer,sex,Mujer,primary,n29_19,Enfermedad o condición de salud: Autismo (Trastorno del espectro Autista),n29_19 == 1 (Sí); 0 = No; sin códigos perdidos,fexp,estrato,cod_upm,2646,34,0.011061891660929682,proportion (0-1) of persons in domain,0.0021904406310427303,0.0074977296952953645,0.016292520616094583,"logit, t with df = PSU - strata (Taylor linearisation)",21708.0,1962413.0,persons (survey expansion weights),1.1605244642464043,0.19801682191295641,8445,8477,32,adequate,DEFF = 1.16 (varianza de diseño / varianza MAS con el mismo n no ponderado y p del dominio); EE relativo = 19.8 %; adecuado según el umbral de 30 casos no ponderados,Idéntico en con_rett y sin_rett: el reporte de autismo no separa el síndrome de Rett,endide_2022_adultos_cuidadores_nna.dta.zip,648490f083f432b0d321cfcb0a58e3a662e458b2e078effcf22e71729fb4f20c,libro_codigos_endide_2022.pdf; metodologia_diseno_muestral_endide_2022.pdf,study/pipeline/04_surveys.py
ENDIDE 2022,2022,both,"NNA (2-17), responsable principal",ENDIDE NNA 2-17: autismo reportado,Personas seleccionadas de 2 a 17 años con cuestionario NNA respondido por el/la responsable principal (n29_19 no perdido); edad 2-5,age_group,2-5,primary,n29_19,Enfermedad o condición de salud: Autismo (Trastorno del espectro Autista),n29_19 == 1 (Sí); 0 = No; sin códigos perdidos,fexp,estrato,cod_upm,1053,45,0.03448918130826067,proportion (0-1) of persons in domain,0.006773145715989906,0.023414085948805365,0.0505318424856795,"logit, t with df = PSU - strata (Taylor linearisation)",27405.0,794597.0,persons (survey expansion weights),1.4506718355068156,0.19638464756389093,8445,8477,32,adequate,DEFF = 1.45 (varianza de diseño / varianza MAS con el mismo n no ponderado y p del dominio); EE relativo = 19.6 %; adecuado según el umbral de 30 casos no ponderados,Idéntico en con_rett y sin_rett: el reporte de autismo no separa el síndrome de Rett,endide_2022_adultos_cuidadores_nna.dta.zip,648490f083f432b0d321cfcb0a58e3a662e458b2e078effcf22e71729fb4f20c,libro_codigos_endide_2022.pdf; metodologia_diseno_muestral_endide_2022.pdf,study/pipeline/04_surveys.py
ENDIDE 2022,2022,both,"NNA (2-17), responsable principal",ENDIDE NNA 2-17: autismo reportado,Personas seleccionadas de 2 a 17 años con cuestionario NNA respondido por el/la responsable principal (n29_19 no perdido); edad 6-11,age_group,6-11,primary,n29_19,Enfermedad o condición de salud: Autismo (Trastorno del espectro Autista),n29_19 == 1 (Sí); 0 = No; sin códigos perdidos,fexp,estrato,cod_upm,2131,68,0.033254299075097304,proportion (0-1) of persons in domain,0.004820392230645261,0.0249972659339065,0.04411536740034209,"logit, t with df = PSU - strata (Taylor linearisation)",51066.0,1535621.0,persons (survey expansion weights),1.5402391477712167,0.1449554603379099,8445,8477,32,adequate,DEFF = 1.54 (varianza de diseño / varianza MAS con el mismo n no ponderado y p del dominio); EE relativo = 14.5 %; adecuado según el umbral de 30 casos no ponderados,Idéntico en con_rett y sin_rett: el reporte de autismo no separa el síndrome de Rett,endide_2022_adultos_cuidadores_nna.dta.zip,648490f083f432b0d321cfcb0a58e3a662e458b2e078effcf22e71729fb4f20c,libro_codigos_endide_2022.pdf; metodologia_diseno_muestral_endide_2022.pdf,study/pipeline/04_surveys.py
ENDIDE 2022,2022,both,"NNA (2-17), responsable principal",ENDIDE NNA 2-17: autismo reportado,Personas seleccionadas de 2 a 17 años con cuestionario NNA respondido por el/la responsable principal (n29_19 no perdido); edad 12-17,age_group,12-17,primary,n29_19,Enfermedad o condición de salud: Autismo (Trastorno del espectro Autista),n29_19 == 1 (Sí); 0 = No; sin códigos perdidos,fexp,estrato,cod_upm,2342,50,0.02166655540500148,proportion (0-1) of persons in domain,0.003538508431151861,0.015714823475215377,0.029804153514979115,"logit, t with df = PSU - strata (Taylor linearisation)",36026.0,1662747.0,persons (survey expansion weights),1.3834089728120458,0.16331661240138964,8445,8477,32,adequate,DEFF = 1.38 (varianza de diseño / varianza MAS con el mismo n no ponderado y p del dominio); EE relativo = 16.3 %; adecuado según el umbral de 30 casos no ponderados,Idéntico en con_rett y sin_rett: el reporte de autismo no separa el síndrome de Rett,endide_2022_adultos_cuidadores_nna.dta.zip,648490f083f432b0d321cfcb0a58e3a662e458b2e078effcf22e71729fb4f20c,libro_codigos_endide_2022.pdf; metodologia_diseno_muestral_endide_2022.pdf,study/pipeline/04_surveys.py
ENDIDE 2022,2022,both,"NNA (2-17), responsable principal",ENDIDE NNA con autismo reportado: confirmado por un médico,NNA con autismo reportado (n29_19 == 1) y respuesta válida en n29a_19 (1 Sí / 2 No); -99 No responde excluido,total,total,primary,n29a_19,¿Le ha dicho un médico que tiene…? Autismo (Trastorno del espectro Autista),n29a_19 == 1 (Sí); 2 = No; -99 = No responde (perdido); ítem aplicado solo si n29_19 == 1,fexp,estrato,cod_upm,153,139,0.9000235460324936,proportion (0-1) of persons in domain,0.03032112139037752,0.8230192775866124,0.9457324695097058,"logit, t with df = PSU - strata (Taylor linearisation)",95560.0,106175.0,persons (survey expansion weights),1.563256880301611,0.03368925349124459,8445,8477,32,adequate,DEFF = 1.56 (varianza de diseño / varianza MAS con el mismo n no ponderado y p del dominio); EE relativo = 3.4 %; adecuado según el umbral de 30 casos no ponderados,Idéntico en con_rett y sin_rett: el reporte de autismo no separa el síndrome de Rett,endide_2022_adultos_cuidadores_nna.dta.zip,648490f083f432b0d321cfcb0a58e3a662e458b2e078effcf22e71729fb4f20c,libro_codigos_endide_2022.pdf; metodologia_diseno_muestral_endide_2022.pdf,study/pipeline/04_surveys.py
ENDIDE 2022,2022,both,"NNA (2-17), responsable principal",ENDIDE NNA con autismo reportado: confirmado por un médico,NNA con autismo reportado (n29_19 == 1) y respuesta válida en n29a_19 (1 Sí / 2 No); -99 No responde excluido; sexo = Hombre,sex,Hombre,primary,n29a_19,¿Le ha dicho un médico que tiene…? Autismo (Trastorno del espectro Autista),n29a_19 == 1 (Sí); 2 = No; -99 = No responde (perdido); ítem aplicado solo si n29_19 == 1,fexp,estrato,cod_upm,120,111,0.9101034584688147,proportion (0-1) of persons in domain,0.03425712659326607,0.8166954647059491,0.9583407609870993,"logit, t with df = PSU - strata (Taylor linearisation)",76972.0,84575.0,persons (survey expansion weights),1.7212714383789252,0.037640914639420535,8445,8477,32,adequate,DEFF = 1.72 (varianza de diseño / varianza MAS con el mismo n no ponderado y p del dominio); EE relativo = 3.8 %; adecuado según el umbral de 30 casos no ponderados,Idéntico en con_rett y sin_rett: el reporte de autismo no separa el síndrome de Rett,endide_2022_adultos_cuidadores_nna.dta.zip,648490f083f432b0d321cfcb0a58e3a662e458b2e078effcf22e71729fb4f20c,libro_codigos_endide_2022.pdf; metodologia_diseno_muestral_endide_2022.pdf,study/pipeline/04_surveys.py
ENDIDE 2022,2022,both,"NNA (2-17), responsable principal",ENDIDE NNA con autismo reportado: confirmado por un médico,NNA con autismo reportado (n29_19 == 1) y respuesta válida en n29a_19 (1 Sí / 2 No); -99 No responde excluido; sexo = Mujer,sex,Mujer,primary,n29a_19,¿Le ha dicho un médico que tiene…? Autismo (Trastorno del espectro Autista),n29a_19 == 1 (Sí); 2 = No; -99 = No responde (perdido); ítem aplicado solo si n29_19 == 1,fexp,estrato,cod_upm,33,28,0.8605555555555555,proportion (0-1) of persons in domain,0.06410377520202419,0.6841154815481538,0.9461945665579202,"logit, t with df = PSU - strata (Taylor linearisation)",18588.0,21600.0,persons (survey expansion weights),1.130058755196424,0.07449115259111914,8445,8477,32,imprecise,"DEFF = 1.13 (varianza de diseño / varianza MAS con el mismo n no ponderado y p del dominio); EE relativo = 7.4 %; imprecise: menos de 30 casos no ponderados, usar solo como orden de magnitud",Idéntico en con_rett y sin_rett: el reporte de autismo no separa el síndrome de Rett,endide_2022_adultos_cuidadores_nna.dta.zip,648490f083f432b0d321cfcb0a58e3a662e458b2e078effcf22e71729fb4f20c,libro_codigos_endide_2022.pdf; metodologia_diseno_muestral_endide_2022.pdf,study/pipeline/04_surveys.py
ENDIDE 2022,2022,both,"NNA (2-17), responsable principal",ENDIDE NNA con autismo reportado: confirmado por un médico (sensibilidad: No responde = no confirmado),"NNA con autismo reportado (n29_19 == 1), todos; -99 No responde contado como no confirmado",total,total,sensitivity,n29a_19,¿Le ha dicho un médico que tiene…? Autismo (Trastorno del espectro Autista),n29a_19 == 1 (Sí); 2 = No; -99 = No responde (perdido); ítem aplicado solo si n29_19 == 1,fexp,estrato,cod_upm,163,139,0.8346070202712735,proportion (0-1) of persons in domain,0.036918648632372424,0.7492026376430161,0.895004296162972,"logit, t with df = PSU - strata (Taylor linearisation)",95560.0,114497.0,persons (survey expansion weights),1.6094596417334166,0.04423476886208398,8445,8477,32,adequate,DEFF = 1.61 (varianza de diseño / varianza MAS con el mismo n no ponderado y p del dominio); EE relativo = 4.4 %; adecuado según el umbral de 30 casos no ponderados,Idéntico en con_rett y sin_rett: el reporte de autismo no separa el síndrome de Rett,endide_2022_adultos_cuidadores_nna.dta.zip,648490f083f432b0d321cfcb0a58e3a662e458b2e078effcf22e71729fb4f20c,libro_codigos_endide_2022.pdf; metodologia_diseno_muestral_endide_2022.pdf,study/pipeline/04_surveys.py
ENDIDE 2022,2022,both,"NNA (2-17), responsable principal",ENDIDE NNA 2-17: autismo reportado y confirmado por un médico,Personas seleccionadas de 2 a 17 años con cuestionario NNA respondido por el/la responsable principal (n29_19 no perdido); numerador = n29_19 == 1 y n29a_19 == 1,total,total,primary,n29a_19,¿Le ha dicho un médico que tiene…? Autismo (Trastorno del espectro Autista),n29a_19 == 1 (Sí); 2 = No; -99 = No responde (perdido); ítem aplicado solo si n29_19 == 1,fexp,estrato,cod_upm,5526,139,0.023932090564279928,proportion (0-1) of persons in domain,0.0025528933522974942,0.01940663365054409,0.029481117328476764,"logit, t with df = PSU - strata (Taylor linearisation)",95560.0,3992965.0,persons (survey expansion weights),1.541755666426505,0.1066723922609519,8445,8477,32,adequate,DEFF = 1.54 (varianza de diseño / varianza MAS con el mismo n no ponderado y p del dominio); EE relativo = 10.7 %; adecuado según el umbral de 30 casos no ponderados,Idéntico en con_rett y sin_rett: el reporte de autismo no separa el síndrome de Rett,endide_2022_adultos_cuidadores_nna.dta.zip,648490f083f432b0d321cfcb0a58e3a662e458b2e078effcf22e71729fb4f20c,libro_codigos_endide_2022.pdf; metodologia_diseno_muestral_endide_2022.pdf,study/pipeline/04_surveys.py
ENDIDE 2022,2022,both,"NNA (2-17), responsable principal",ENDIDE NNA 2-17: autismo reportado y confirmado por un médico,Personas seleccionadas de 2 a 17 años con cuestionario NNA respondido por el/la responsable principal (n29_19 no perdido); numerador = n29_19 == 1 y n29a_19 == 1; sexo = Hombre,sex,Hombre,primary,n29a_19,¿Le ha dicho un médico que tiene…? Autismo (Trastorno del espectro Autista),n29a_19 == 1 (Sí); 2 = No; -99 = No responde (perdido); ítem aplicado solo si n29_19 == 1,fexp,estrato,cod_upm,2880,111,0.037906933681087704,proportion (0-1) of persons in domain,0.004456408848847316,0.030075510455688986,0.04767735673692538,"logit, t with df = PSU - strata (Taylor linearisation)",76972.0,2030552.0,persons (survey expansion weights),1.5682915532600066,0.11756183938113358,8445,8477,32,adequate,DEFF = 1.57 (varianza de diseño / varianza MAS con el mismo n no ponderado y p del dominio); EE relativo = 11.8 %; adecuado según el umbral de 30 casos no ponderados,Idéntico en con_rett y sin_rett: el reporte de autismo no separa el síndrome de Rett,endide_2022_adultos_cuidadores_nna.dta.zip,648490f083f432b0d321cfcb0a58e3a662e458b2e078effcf22e71729fb4f20c,libro_codigos_endide_2022.pdf; metodologia_diseno_muestral_endide_2022.pdf,study/pipeline/04_surveys.py
ENDIDE 2022,2022,both,"NNA (2-17), responsable principal",ENDIDE NNA 2-17: autismo reportado y confirmado por un médico,Personas seleccionadas de 2 a 17 años con cuestionario NNA respondido por el/la responsable principal (n29_19 no perdido); numerador = n29_19 == 1 y n29a_19 == 1; sexo = Mujer,sex,Mujer,primary,n29a_19,¿Le ha dicho un médico que tiene…? Autismo (Trastorno del espectro Autista),n29a_19 == 1 (Sí); 2 = No; -99 = No responde (perdido); ítem aplicado solo si n29_19 == 1,fexp,estrato,cod_upm,2646,28,0.009472012262454437,proportion (0-1) of persons in domain,0.0020591577467086184,0.006180741528309794,0.014490344494741502,"logit, t with df = PSU - strata (Taylor linearisation)",18588.0,1962413.0,persons (survey expansion weights),1.19580419643621,0.21739390634773512,8445,8477,32,imprecise,"DEFF = 1.20 (varianza de diseño / varianza MAS con el mismo n no ponderado y p del dominio); EE relativo = 21.7 %; imprecise: menos de 30 casos no ponderados, usar solo como orden de magnitud",Idéntico en con_rett y sin_rett: el reporte de autismo no separa el síndrome de Rett,endide_2022_adultos_cuidadores_nna.dta.zip,648490f083f432b0d321cfcb0a58e3a662e458b2e078effcf22e71729fb4f20c,libro_codigos_endide_2022.pdf; metodologia_diseno_muestral_endide_2022.pdf,study/pipeline/04_surveys.py
ENDIDE 2022,2022,both,"NNA (2-17), responsable principal",ENDIDE NNA 2-17: autismo reportado y confirmado por un médico,Personas seleccionadas de 2 a 17 años con cuestionario NNA respondido por el/la responsable principal (n29_19 no perdido); numerador = n29_19 == 1 y n29a_19 == 1; edad 2-5,age_group,2-5,primary,n29a_19,¿Le ha dicho un médico que tiene…? Autismo (Trastorno del espectro Autista),n29a_19 == 1 (Sí); 2 = No; -99 = No responde (perdido); ítem aplicado solo si n29_19 == 1,fexp,estrato,cod_upm,1053,38,0.02794750043103611,proportion (0-1) of persons in domain,0.0061479307882488675,0.018115647761806273,0.04288232348493621,"logit, t with df = PSU - strata (Taylor linearisation)",22207.0,794597.0,persons (survey expansion weights),1.4650539499008903,0.2199814184964284,8445,8477,32,adequate,DEFF = 1.47 (varianza de diseño / varianza MAS con el mismo n no ponderado y p del dominio); EE relativo = 22.0 %; adecuado según el umbral de 30 casos no ponderados,Idéntico en con_rett y sin_rett: el reporte de autismo no separa el síndrome de Rett,endide_2022_adultos_cuidadores_nna.dta.zip,648490f083f432b0d321cfcb0a58e3a662e458b2e078effcf22e71729fb4f20c,libro_codigos_endide_2022.pdf; metodologia_diseno_muestral_endide_2022.pdf,study/pipeline/04_surveys.py
ENDIDE 2022,2022,both,"NNA (2-17), responsable principal",ENDIDE NNA 2-17: autismo reportado y confirmado por un médico,Personas seleccionadas de 2 a 17 años con cuestionario NNA respondido por el/la responsable principal (n29_19 no perdido); numerador = n29_19 == 1 y n29a_19 == 1; edad 6-11,age_group,6-11,primary,n29a_19,¿Le ha dicho un médico que tiene…? Autismo (Trastorno del espectro Autista),n29a_19 == 1 (Sí); 2 = No; -99 = No responde (perdido); ítem aplicado solo si n29_19 == 1,fexp,estrato,cod_upm,2131,61,0.029537236075828605,proportion (0-1) of persons in domain,0.004546238636677128,0.021816805545250922,0.03987835651622673,"logit, t with df = PSU - strata (Taylor linearisation)",45358.0,1535621.0,persons (survey expansion weights),1.536523391796052,0.15391550600760104,8445,8477,32,adequate,DEFF = 1.54 (varianza de diseño / varianza MAS con el mismo n no ponderado y p del dominio); EE relativo = 15.4 %; adecuado según el umbral de 30 casos no ponderados,Idéntico en con_rett y sin_rett: el reporte de autismo no separa el síndrome de Rett,endide_2022_adultos_cuidadores_nna.dta.zip,648490f083f432b0d321cfcb0a58e3a662e458b2e078effcf22e71729fb4f20c,libro_codigos_endide_2022.pdf; metodologia_diseno_muestral_endide_2022.pdf,study/pipeline/04_surveys.py
ENDIDE 2022,2022,both,"NNA (2-17), responsable principal",ENDIDE NNA 2-17: autismo reportado y confirmado por un médico,Personas seleccionadas de 2 a 17 años con cuestionario NNA respondido por el/la responsable principal (n29_19 no perdido); numerador = n29_19 == 1 y n29a_19 == 1; edad 12-17,age_group,12-17,primary,n29a_19,¿Le ha dicho un médico que tiene…? Autismo (Trastorno del espectro Autista),n29a_19 == 1 (Sí); 2 = No; -99 = No responde (perdido); ítem aplicado solo si n29_19 == 1,fexp,estrato,cod_upm,2342,40,0.01683659630719526,proportion (0-1) of persons in domain,0.0030340688361866616,0.011814775249402757,0.023941207917521714,"logit, t with df = PSU - strata (Taylor linearisation)",27995.0,1662747.0,persons (survey expansion weights),1.3024400636966793,0.18020678175255808,8445,8477,32,adequate,DEFF = 1.30 (varianza de diseño / varianza MAS con el mismo n no ponderado y p del dominio); EE relativo = 18.0 %; adecuado según el umbral de 30 casos no ponderados,Idéntico en con_rett y sin_rett: el reporte de autismo no separa el síndrome de Rett,endide_2022_adultos_cuidadores_nna.dta.zip,648490f083f432b0d321cfcb0a58e3a662e458b2e078effcf22e71729fb4f20c,libro_codigos_endide_2022.pdf; metodologia_diseno_muestral_endide_2022.pdf,study/pipeline/04_surveys.py
ENDIDE 2022,2022,both,"NNA (2-17), responsable principal",ENDIDE NNA con autismo reportado: ha recibido medicamento,NNA con autismo reportado (n29_19 == 1) y respuesta válida en n29b_19; -99 excluido,total,total,secondary,n29b_19,¿Ha recibido medicamento para...? Autismo (Trastorno del espectro Autista),n29b_19 == 1 (Sí); 2 = No; -99 = No responde (perdido),fexp,estrato,cod_upm,153,74,0.5256793030374382,proportion (0-1) of persons in domain,0.0482539359885852,0.4312995211104977,0.6182593171281848,"logit, t with df = PSU - strata (Taylor linearisation)",55814.0,106175.0,persons (survey expansion weights),1.4287754011403757,0.09179348646554689,8445,8477,32,adequate,DEFF = 1.43 (varianza de diseño / varianza MAS con el mismo n no ponderado y p del dominio); EE relativo = 9.2 %; adecuado según el umbral de 30 casos no ponderados,Idéntico en con_rett y sin_rett: el reporte de autismo no separa el síndrome de Rett,endide_2022_adultos_cuidadores_nna.dta.zip,648490f083f432b0d321cfcb0a58e3a662e458b2e078effcf22e71729fb4f20c,libro_codigos_endide_2022.pdf; metodologia_diseno_muestral_endide_2022.pdf,study/pipeline/04_surveys.py
ENDIDE 2022,2022,both,"NNA (2-17), responsable principal",ENDIDE NNA con autismo reportado: ha recibido otro tratamiento,NNA con autismo reportado (n29_19 == 1) y respuesta válida en n29c_19; -99 excluido,total,total,secondary,n29c_19,¿Ha recibido otro tratam. para...? Autismo (Trastorno del espectro Autista),n29c_19 == 1 (Sí); 2 = No; -99 = No responde (perdido),fexp,estrato,cod_upm,153,85,0.5635601601130209,proportion (0-1) of persons in domain,0.05195739702944777,0.4604664823559595,0.6614386540835511,"logit, t with df = PSU - strata (Taylor linearisation)",59836.0,106175.0,persons (survey expansion weights),1.6792738703391474,0.09219494333848549,8445,8477,32,adequate,DEFF = 1.68 (varianza de diseño / varianza MAS con el mismo n no ponderado y p del dominio); EE relativo = 9.2 %; adecuado según el umbral de 30 casos no ponderados,Idéntico en con_rett y sin_rett: el reporte de autismo no separa el síndrome de Rett,endide_2022_adultos_cuidadores_nna.dta.zip,648490f083f432b0d321cfcb0a58e3a662e458b2e078effcf22e71729fb4f20c,libro_codigos_endide_2022.pdf; metodologia_diseno_muestral_endide_2022.pdf,study/pipeline/04_surveys.py
ENCAVI 2023-2024,2023-2024,both,"Personas 15+ (módulo 4, salud)",ENCAVI 15+: diagnóstico de trastorno del espectro autista,Personas de 15 años o más con respuesta válida en p4_6_1_h (1 Sí / 2 No); 8 No sabe y 9 No responde excluidos,total,total,primary,p4_6_1_h,"4.6 Actualmente, ¿Ud. ha sido diagnosticado con alguno de los siguientes problemas, condición de salud o enfermedades? — Trastorno del espectro autista (nota al encuestador: diagnóstico médico tradicional)",p4_6_1_h == 1 (Sí); 2 = No; 8 = No sabe y 9 = No responde (perdidos),w_personas_cal,varstrat,varunit,16484,80,0.00712550015782233,proportion (0-1) of persons in domain,0.0012751542331290702,0.005007088302734599,0.010131049393606813,"logit, t with df = PSU - strata (Taylor linearisation)",114816.87545013428,16113518.055864334,persons (survey expansion weights),3.7885962840272187,0.17895645286446507,254,350,96,adequate,DEFF = 3.79 (varianza de diseño / varianza MAS con el mismo n no ponderado y p del dominio); EE relativo = 17.9 %; adecuado según el umbral de 30 casos no ponderados,Idéntico en con_rett y sin_rett: el ítem de diagnóstico no separa el síndrome de Rett,ENCAVI_2023_2024.dta,8616caea4441fbc4cc19b1363257dc1d11c72330e3e9efe7aa502824efb95039,manual_base_ENCAVI_2023_2024.pdf; cuestionario_ENCAVI_2023_2024.pdf,study/pipeline/04_surveys.py
ENCAVI 2023-2024,2023-2024,both,"Personas 15+ (módulo 4, salud)",ENCAVI 15+: diagnóstico de trastorno del espectro autista,Personas de 15 años o más con respuesta válida en p4_6_1_h (1 Sí / 2 No); 8 No sabe y 9 No responde excluidos; sexo = Hombre,sex,Hombre,primary,p4_6_1_h,"4.6 Actualmente, ¿Ud. ha sido diagnosticado con alguno de los siguientes problemas, condición de salud o enfermedades? — Trastorno del espectro autista (nota al encuestador: diagnóstico médico tradicional)",p4_6_1_h == 1 (Sí); 2 = No; 8 = No sabe y 9 = No responde (perdidos),w_personas_cal,varstrat,varunit,5225,35,0.009705273241182187,proportion (0-1) of persons in domain,0.002287159868393737,0.006096161748137634,0.015417941896218186,"logit, t with df = PSU - strata (Taylor linearisation)",76607.7124710083,7893411.196908951,persons (survey expansion weights),2.843852749353606,0.23566156372482935,254,350,96,adequate,DEFF = 2.84 (varianza de diseño / varianza MAS con el mismo n no ponderado y p del dominio); EE relativo = 23.6 %; adecuado según el umbral de 30 casos no ponderados,Idéntico en con_rett y sin_rett: el ítem de diagnóstico no separa el síndrome de Rett,ENCAVI_2023_2024.dta,8616caea4441fbc4cc19b1363257dc1d11c72330e3e9efe7aa502824efb95039,manual_base_ENCAVI_2023_2024.pdf; cuestionario_ENCAVI_2023_2024.pdf,study/pipeline/04_surveys.py
ENCAVI 2023-2024,2023-2024,both,"Personas 15+ (módulo 4, salud)",ENCAVI 15+: diagnóstico de trastorno del espectro autista,Personas de 15 años o más con respuesta válida en p4_6_1_h (1 Sí / 2 No); 8 No sabe y 9 No responde excluidos; sexo = Mujer,sex,Mujer,primary,p4_6_1_h,"4.6 Actualmente, ¿Ud. ha sido diagnosticado con alguno de los siguientes problemas, condición de salud o enfermedades? — Trastorno del espectro autista (nota al encuestador: diagnóstico médico tradicional)",p4_6_1_h == 1 (Sí); 2 = No; 8 = No sabe y 9 = No responde (perdidos),w_personas_cal,varstrat,varunit,11259,45,0.004648256237386873,proportion (0-1) of persons in domain,0.001056663971121897,0.0029695341050853274,0.00726906620998077,"logit, t with df = PSU - strata (Taylor linearisation)",38209.16297912598,8220106.858955383,persons (survey expansion weights),2.717108468212273,0.22732481110291064,254,350,96,adequate,DEFF = 2.72 (varianza de diseño / varianza MAS con el mismo n no ponderado y p del dominio); EE relativo = 22.7 %; adecuado según el umbral de 30 casos no ponderados,Idéntico en con_rett y sin_rett: el ítem de diagnóstico no separa el síndrome de Rett,ENCAVI_2023_2024.dta,8616caea4441fbc4cc19b1363257dc1d11c72330e3e9efe7aa502824efb95039,manual_base_ENCAVI_2023_2024.pdf; cuestionario_ENCAVI_2023_2024.pdf,study/pipeline/04_surveys.py
ENCAVI 2023-2024,2023-2024,both,"Personas 15+ (módulo 4, salud)",ENCAVI 15+: diagnóstico de trastorno del espectro autista,Personas de 15 años o más con respuesta válida en p4_6_1_h (1 Sí / 2 No); 8 No sabe y 9 No responde excluidos; edad5 = 15-19,age_group,15-19,primary,p4_6_1_h,"4.6 Actualmente, ¿Ud. ha sido diagnosticado con alguno de los siguientes problemas, condición de salud o enfermedades? — Trastorno del espectro autista (nota al encuestador: diagnóstico médico tradicional)",p4_6_1_h == 1 (Sí); 2 = No; 8 = No sabe y 9 = No responde (perdidos),w_personas_cal,varstrat,varunit,475,4,0.016455493553886768,proportion (0-1) of persons in domain,0.00929711852246666,0.0053687748990546005,0.04930186274837029,"logit, t with df = PSU - strata (Taylor linearisation)",20185.760284423828,1226688.2313995361,persons (survey expansion weights),2.536795244703124,0.5649856986678283,254,350,96,imprecise,"DEFF = 2.54 (varianza de diseño / varianza MAS con el mismo n no ponderado y p del dominio); EE relativo = 56.5 %; imprecise: menos de 30 casos no ponderados, usar solo como orden de magnitud; EE relativo > 30 %",Idéntico en con_rett y sin_rett: el ítem de diagnóstico no separa el síndrome de Rett,ENCAVI_2023_2024.dta,8616caea4441fbc4cc19b1363257dc1d11c72330e3e9efe7aa502824efb95039,manual_base_ENCAVI_2023_2024.pdf; cuestionario_ENCAVI_2023_2024.pdf,study/pipeline/04_surveys.py
ENCAVI 2023-2024,2023-2024,both,"Personas 15+ (módulo 4, salud)",ENCAVI 15+: diagnóstico de trastorno del espectro autista,Personas de 15 años o más con respuesta válida en p4_6_1_h (1 Sí / 2 No); 8 No sabe y 9 No responde excluidos; edad5 = 20-29,age_group,20-29,primary,p4_6_1_h,"4.6 Actualmente, ¿Ud. ha sido diagnosticado con alguno de los siguientes problemas, condición de salud o enfermedades? — Trastorno del espectro autista (nota al encuestador: diagnóstico médico tradicional)",p4_6_1_h == 1 (Sí); 2 = No; 8 = No sabe y 9 = No responde (perdidos),w_personas_cal,varstrat,varunit,1743,28,0.016024352493922665,proportion (0-1) of persons in domain,0.004380324360957173,0.009335164450521533,0.02737428603387839,"logit, t with df = PSU - strata (Taylor linearisation)",46008.864166259766,2871183.979740143,persons (survey expansion weights),2.1210215897368996,0.273354219000015,254,350,96,imprecise,"DEFF = 2.12 (varianza de diseño / varianza MAS con el mismo n no ponderado y p del dominio); EE relativo = 27.3 %; imprecise: menos de 30 casos no ponderados, usar solo como orden de magnitud",Idéntico en con_rett y sin_rett: el ítem de diagnóstico no separa el síndrome de Rett,ENCAVI_2023_2024.dta,8616caea4441fbc4cc19b1363257dc1d11c72330e3e9efe7aa502824efb95039,manual_base_ENCAVI_2023_2024.pdf; cuestionario_ENCAVI_2023_2024.pdf,study/pipeline/04_surveys.py
ENCAVI 2023-2024,2023-2024,both,"Personas 15+ (módulo 4, salud)",ENCAVI 15+: diagnóstico de trastorno del espectro autista,Personas de 15 años o más con respuesta válida en p4_6_1_h (1 Sí / 2 No); 8 No sabe y 9 No responde excluidos; edad5 = 30-49,age_group,30-49,primary,p4_6_1_h,"4.6 Actualmente, ¿Ud. ha sido diagnosticado con alguno de los siguientes problemas, condición de salud o enfermedades? — Trastorno del espectro autista (nota al encuestador: diagnóstico médico tradicional)",p4_6_1_h == 1 (Sí); 2 = No; 8 = No sabe y 9 = No responde (perdidos),w_personas_cal,varstrat,varunit,4550,30,0.005959223563390423,proportion (0-1) of persons in domain,0.0018346635011629452,0.003246988909104584,0.010912205869752918,"logit, t with df = PSU - strata (Taylor linearisation)",35220.42451477051,5910237.154239655,persons (survey expansion weights),2.585415574118935,0.3078695540865289,254,350,96,adequate,DEFF = 2.59 (varianza de diseño / varianza MAS con el mismo n no ponderado y p del dominio); EE relativo = 30.8 %; adecuado según el umbral de 30 casos no ponderados; EE relativo > 30 %,Idéntico en con_rett y sin_rett: el ítem de diagnóstico no separa el síndrome de Rett,ENCAVI_2023_2024.dta,8616caea4441fbc4cc19b1363257dc1d11c72330e3e9efe7aa502824efb95039,manual_base_ENCAVI_2023_2024.pdf; cuestionario_ENCAVI_2023_2024.pdf,study/pipeline/04_surveys.py
ENCAVI 2023-2024,2023-2024,both,"Personas 15+ (módulo 4, salud)",ENCAVI 15+: diagnóstico de trastorno del espectro autista,Personas de 15 años o más con respuesta válida en p4_6_1_h (1 Sí / 2 No); 8 No sabe y 9 No responde excluidos; edad5 = 50-64,age_group,50-64,primary,p4_6_1_h,"4.6 Actualmente, ¿Ud. ha sido diagnosticado con alguno de los siguientes problemas, condición de salud o enfermedades? — Trastorno del espectro autista (nota al encuestador: diagnóstico médico tradicional)",p4_6_1_h == 1 (Sí); 2 = No; 8 = No sabe y 9 = No responde (perdidos),w_personas_cal,varstrat,varunit,4727,12,0.002840355481714772,proportion (0-1) of persons in domain,0.0010798645177264368,0.0013425601035068552,0.005999092954925239,"logit, t with df = PSU - strata (Taylor linearisation)",9782.89266204834,3444249.399424553,persons (survey expansion weights),1.946196798169448,0.3801863973288667,254,350,96,imprecise,"DEFF = 1.95 (varianza de diseño / varianza MAS con el mismo n no ponderado y p del dominio); EE relativo = 38.0 %; imprecise: menos de 30 casos no ponderados, usar solo como orden de magnitud; EE relativo > 30 %",Idéntico en con_rett y sin_rett: el ítem de diagnóstico no separa el síndrome de Rett,ENCAVI_2023_2024.dta,8616caea4441fbc4cc19b1363257dc1d11c72330e3e9efe7aa502824efb95039,manual_base_ENCAVI_2023_2024.pdf; cuestionario_ENCAVI_2023_2024.pdf,study/pipeline/04_surveys.py
ENCAVI 2023-2024,2023-2024,both,"Personas 15+ (módulo 4, salud)",ENCAVI 15+: diagnóstico de trastorno del espectro autista,Personas de 15 años o más con respuesta válida en p4_6_1_h (1 Sí / 2 No); 8 No sabe y 9 No responde excluidos; edad5 = 65+,age_group,65+,primary,p4_6_1_h,"4.6 Actualmente, ¿Ud. ha sido diagnosticado con alguno de los siguientes problemas, condición de salud o enfermedades? — Trastorno del espectro autista (nota al encuestador: diagnóstico médico tradicional)",p4_6_1_h == 1 (Sí); 2 = No; 8 = No sabe y 9 = No responde (perdidos),w_personas_cal,varstrat,varunit,4989,6,0.0013599087566042406,proportion (0-1) of persons in domain,0.0007221615084138505,0.00047762980271193867,0.003865632561183698,"logit, t with df = PSU - strata (Taylor linearisation)",3618.933822631836,2661159.2910604477,persons (survey expansion weights),1.9158584096780895,0.5310367367713137,254,350,96,imprecise,"DEFF = 1.92 (varianza de diseño / varianza MAS con el mismo n no ponderado y p del dominio); EE relativo = 53.1 %; imprecise: menos de 30 casos no ponderados, usar solo como orden de magnitud; EE relativo > 30 %",Idéntico en con_rett y sin_rett: el ítem de diagnóstico no separa el síndrome de Rett,ENCAVI_2023_2024.dta,8616caea4441fbc4cc19b1363257dc1d11c72330e3e9efe7aa502824efb95039,manual_base_ENCAVI_2023_2024.pdf; cuestionario_ENCAVI_2023_2024.pdf,study/pipeline/04_surveys.py
ENCAVI 2023-2024,2023-2024,both,"Personas 15+ (módulo 4, salud)",ENCAVI 15+: diagnóstico de trastorno del espectro autista (sensibilidad: No sabe/No responde = no diagnosticado),Todas las personas de 15 años o más de la base (16.590); 8/9 contados como no diagnosticados,total,total,sensitivity,p4_6_1_h,"4.6 Actualmente, ¿Ud. ha sido diagnosticado con alguno de los siguientes problemas, condición de salud o enfermedades? — Trastorno del espectro autista (nota al encuestador: diagnóstico médico tradicional)",p4_6_1_h == 1 (Sí); 2 = No; 8 = No sabe y 9 = No responde (perdidos),w_personas_cal,varstrat,varunit,16590,80,0.007070865895191809,proportion (0-1) of persons in domain,0.001264492685855311,0.004969938710936277,0.010050940671387018,"logit, t with df = PSU - strata (Taylor linearisation)",114816.87545013428,16238021.927160263,persons (survey expansion weights),3.7782281106941347,0.17883137717477665,254,350,96,adequate,DEFF = 3.78 (varianza de diseño / varianza MAS con el mismo n no ponderado y p del dominio); EE relativo = 17.9 %; adecuado según el umbral de 30 casos no ponderados,Idéntico en con_rett y sin_rett: el ítem de diagnóstico no separa el síndrome de Rett,ENCAVI_2023_2024.dta,8616caea4441fbc4cc19b1363257dc1d11c72330e3e9efe7aa502824efb95039,manual_base_ENCAVI_2023_2024.pdf; cuestionario_ENCAVI_2023_2024.pdf,study/pipeline/04_surveys.py
ENCAVI 2023-2024,2023-2024,both,"Personas 15+ (módulo 4, salud)",ENCAVI 15+ con diagnóstico de TEA: ha recibido o está en tratamiento médico,Personas 15+ con p4_6_1_h == 1 y respuesta válida en p4_6_2_h (1/2); 9 No responde excluido,total,total,secondary,p4_6_2_h,4.6 ¿Y para cuál de ellos ha recibido o está en tratamiento médico? — Trastorno del espectro autista,p4_6_2_h == 1 (Sí); 2 = No; 8/9 perdidos; ítem aplicado solo si p4_6_1_h == 1,w_personas_cal,varstrat,varunit,79,43,0.5303850287873567,proportion (0-1) of persons in domain,0.0862675012126413,0.36345684906262615,0.6907807177187448,"logit, t with df = PSU - strata (Taylor linearisation)",60311.95471954346,113713.53157806396,persons (survey expansion weights),2.3604148496877606,0.1626507094475849,254,350,96,adequate,DEFF = 2.36 (varianza de diseño / varianza MAS con el mismo n no ponderado y p del dominio); EE relativo = 16.3 %; adecuado según el umbral de 30 casos no ponderados,Idéntico en con_rett y sin_rett: el ítem de diagnóstico no separa el síndrome de Rett,ENCAVI_2023_2024.dta,8616caea4441fbc4cc19b1363257dc1d11c72330e3e9efe7aa502824efb95039,manual_base_ENCAVI_2023_2024.pdf; cuestionario_ENCAVI_2023_2024.pdf,study/pipeline/04_surveys.py
